--
-- PostgreSQL database cluster dump
--

SET default_transaction_read_only = off;

SET client_encoding = 'UTF8';
SET standard_conforming_strings = on;

--
-- Roles
--

CREATE ROLE postgres;
ALTER ROLE postgres WITH SUPERUSER INHERIT CREATEROLE CREATEDB LOGIN REPLICATION BYPASSRLS PASSWORD 'SCRAM-SHA-256$4096:T2BnaOFf6mC3lElNOPZZCQ==$oT/U4kKt2Xcn9xn9nM27Q/sV7rcQu9tFgCtHQFvToGM=:nQgPhs9/7ul0qEjU2m4s1leTMAyGJ9qLAF6pZpyaolQ=';






--
-- Databases
--

--
-- Database "template1" dump
--

\connect template1

--
-- PostgreSQL database dump
--

-- Dumped from database version 14.10 (Ubuntu 14.10-0ubuntu0.22.04.1)
-- Dumped by pg_dump version 14.10 (Ubuntu 14.10-0ubuntu0.22.04.1)

SET statement_timeout = 0;
SET lock_timeout = 0;
SET idle_in_transaction_session_timeout = 0;
SET client_encoding = 'UTF8';
SET standard_conforming_strings = on;
SELECT pg_catalog.set_config('search_path', '', false);
SET check_function_bodies = false;
SET xmloption = content;
SET client_min_messages = warning;
SET row_security = off;

--
-- PostgreSQL database dump complete
--

--
-- Database "medusa-D3rb" dump
--

--
-- PostgreSQL database dump
--

-- Dumped from database version 14.10 (Ubuntu 14.10-0ubuntu0.22.04.1)
-- Dumped by pg_dump version 14.10 (Ubuntu 14.10-0ubuntu0.22.04.1)

SET statement_timeout = 0;
SET lock_timeout = 0;
SET idle_in_transaction_session_timeout = 0;
SET client_encoding = 'UTF8';
SET standard_conforming_strings = on;
SELECT pg_catalog.set_config('search_path', '', false);
SET check_function_bodies = false;
SET xmloption = content;
SET client_min_messages = warning;
SET row_security = off;

--
-- Name: medusa-D3rb; Type: DATABASE; Schema: -; Owner: postgres
--

CREATE DATABASE "medusa-D3rb" WITH TEMPLATE = template0 ENCODING = 'UTF8' LOCALE = 'en_US.UTF-8';


ALTER DATABASE "medusa-D3rb" OWNER TO postgres;

\connect -reuse-previous=on "dbname='medusa-D3rb'"

SET statement_timeout = 0;
SET lock_timeout = 0;
SET idle_in_transaction_session_timeout = 0;
SET client_encoding = 'UTF8';
SET standard_conforming_strings = on;
SELECT pg_catalog.set_config('search_path', '', false);
SET check_function_bodies = false;
SET xmloption = content;
SET client_min_messages = warning;
SET row_security = off;

--
-- Name: pg_trgm; Type: EXTENSION; Schema: -; Owner: -
--

CREATE EXTENSION IF NOT EXISTS pg_trgm WITH SCHEMA public;


--
-- Name: EXTENSION pg_trgm; Type: COMMENT; Schema: -; Owner: 
--

COMMENT ON EXTENSION pg_trgm IS 'text similarity measurement and index searching based on trigrams';


--
-- Name: PAYMENT_COLLECTION_STATUS_ENUM; Type: TYPE; Schema: public; Owner: postgres
--

CREATE TYPE public."PAYMENT_COLLECTION_STATUS_ENUM" AS ENUM (
    'not_paid',
    'awaiting',
    'authorized',
    'partially_authorized',
    'canceled'
);


ALTER TYPE public."PAYMENT_COLLECTION_STATUS_ENUM" OWNER TO postgres;

--
-- Name: PAYMENT_COLLECTION_TYPE_ENUM; Type: TYPE; Schema: public; Owner: postgres
--

CREATE TYPE public."PAYMENT_COLLECTION_TYPE_ENUM" AS ENUM (
    'order_edit'
);


ALTER TYPE public."PAYMENT_COLLECTION_TYPE_ENUM" OWNER TO postgres;

--
-- Name: cart_type_enum; Type: TYPE; Schema: public; Owner: postgres
--

CREATE TYPE public.cart_type_enum AS ENUM (
    'default',
    'swap',
    'draft_order',
    'payment_link',
    'claim'
);


ALTER TYPE public.cart_type_enum OWNER TO postgres;

--
-- Name: claim_item_reason_enum; Type: TYPE; Schema: public; Owner: postgres
--

CREATE TYPE public.claim_item_reason_enum AS ENUM (
    'missing_item',
    'wrong_item',
    'production_failure',
    'other'
);


ALTER TYPE public.claim_item_reason_enum OWNER TO postgres;

--
-- Name: claim_order_fulfillment_status_enum; Type: TYPE; Schema: public; Owner: postgres
--

CREATE TYPE public.claim_order_fulfillment_status_enum AS ENUM (
    'not_fulfilled',
    'partially_fulfilled',
    'fulfilled',
    'partially_shipped',
    'shipped',
    'partially_returned',
    'returned',
    'canceled',
    'requires_action'
);


ALTER TYPE public.claim_order_fulfillment_status_enum OWNER TO postgres;

--
-- Name: claim_order_payment_status_enum; Type: TYPE; Schema: public; Owner: postgres
--

CREATE TYPE public.claim_order_payment_status_enum AS ENUM (
    'na',
    'not_refunded',
    'refunded'
);


ALTER TYPE public.claim_order_payment_status_enum OWNER TO postgres;

--
-- Name: claim_order_type_enum; Type: TYPE; Schema: public; Owner: postgres
--

CREATE TYPE public.claim_order_type_enum AS ENUM (
    'refund',
    'replace'
);


ALTER TYPE public.claim_order_type_enum OWNER TO postgres;

--
-- Name: discount_condition_operator_enum; Type: TYPE; Schema: public; Owner: postgres
--

CREATE TYPE public.discount_condition_operator_enum AS ENUM (
    'in',
    'not_in'
);


ALTER TYPE public.discount_condition_operator_enum OWNER TO postgres;

--
-- Name: discount_condition_type_enum; Type: TYPE; Schema: public; Owner: postgres
--

CREATE TYPE public.discount_condition_type_enum AS ENUM (
    'products',
    'product_types',
    'product_collections',
    'product_tags',
    'customer_groups'
);


ALTER TYPE public.discount_condition_type_enum OWNER TO postgres;

--
-- Name: discount_rule_allocation_enum; Type: TYPE; Schema: public; Owner: postgres
--

CREATE TYPE public.discount_rule_allocation_enum AS ENUM (
    'total',
    'item'
);


ALTER TYPE public.discount_rule_allocation_enum OWNER TO postgres;

--
-- Name: discount_rule_type_enum; Type: TYPE; Schema: public; Owner: postgres
--

CREATE TYPE public.discount_rule_type_enum AS ENUM (
    'fixed',
    'percentage',
    'free_shipping'
);


ALTER TYPE public.discount_rule_type_enum OWNER TO postgres;

--
-- Name: draft_order_status_enum; Type: TYPE; Schema: public; Owner: postgres
--

CREATE TYPE public.draft_order_status_enum AS ENUM (
    'open',
    'completed'
);


ALTER TYPE public.draft_order_status_enum OWNER TO postgres;

--
-- Name: invite_role_enum; Type: TYPE; Schema: public; Owner: postgres
--

CREATE TYPE public.invite_role_enum AS ENUM (
    'admin',
    'member',
    'developer'
);


ALTER TYPE public.invite_role_enum OWNER TO postgres;

--
-- Name: order_fulfillment_status_enum; Type: TYPE; Schema: public; Owner: postgres
--

CREATE TYPE public.order_fulfillment_status_enum AS ENUM (
    'not_fulfilled',
    'partially_fulfilled',
    'fulfilled',
    'partially_shipped',
    'shipped',
    'partially_returned',
    'returned',
    'canceled',
    'requires_action'
);


ALTER TYPE public.order_fulfillment_status_enum OWNER TO postgres;

--
-- Name: order_item_change_type_enum; Type: TYPE; Schema: public; Owner: postgres
--

CREATE TYPE public.order_item_change_type_enum AS ENUM (
    'item_add',
    'item_remove',
    'item_update'
);


ALTER TYPE public.order_item_change_type_enum OWNER TO postgres;

--
-- Name: order_payment_status_enum; Type: TYPE; Schema: public; Owner: postgres
--

CREATE TYPE public.order_payment_status_enum AS ENUM (
    'not_paid',
    'awaiting',
    'captured',
    'partially_refunded',
    'refunded',
    'canceled',
    'requires_action'
);


ALTER TYPE public.order_payment_status_enum OWNER TO postgres;

--
-- Name: order_status_enum; Type: TYPE; Schema: public; Owner: postgres
--

CREATE TYPE public.order_status_enum AS ENUM (
    'pending',
    'completed',
    'archived',
    'canceled',
    'requires_action'
);


ALTER TYPE public.order_status_enum OWNER TO postgres;

--
-- Name: payment_session_status_enum; Type: TYPE; Schema: public; Owner: postgres
--

CREATE TYPE public.payment_session_status_enum AS ENUM (
    'authorized',
    'pending',
    'requires_more',
    'error',
    'canceled'
);


ALTER TYPE public.payment_session_status_enum OWNER TO postgres;

--
-- Name: price_list_status_enum; Type: TYPE; Schema: public; Owner: postgres
--

CREATE TYPE public.price_list_status_enum AS ENUM (
    'active',
    'draft'
);


ALTER TYPE public.price_list_status_enum OWNER TO postgres;

--
-- Name: price_list_type_enum; Type: TYPE; Schema: public; Owner: postgres
--

CREATE TYPE public.price_list_type_enum AS ENUM (
    'sale',
    'override'
);


ALTER TYPE public.price_list_type_enum OWNER TO postgres;

--
-- Name: product_status_enum; Type: TYPE; Schema: public; Owner: postgres
--

CREATE TYPE public.product_status_enum AS ENUM (
    'draft',
    'proposed',
    'published',
    'rejected'
);


ALTER TYPE public.product_status_enum OWNER TO postgres;

--
-- Name: refund_reason_enum; Type: TYPE; Schema: public; Owner: postgres
--

CREATE TYPE public.refund_reason_enum AS ENUM (
    'discount',
    'return',
    'swap',
    'claim',
    'other'
);


ALTER TYPE public.refund_reason_enum OWNER TO postgres;

--
-- Name: return_status_enum; Type: TYPE; Schema: public; Owner: postgres
--

CREATE TYPE public.return_status_enum AS ENUM (
    'requested',
    'received',
    'requires_action',
    'canceled'
);


ALTER TYPE public.return_status_enum OWNER TO postgres;

--
-- Name: shipping_option_price_type_enum; Type: TYPE; Schema: public; Owner: postgres
--

CREATE TYPE public.shipping_option_price_type_enum AS ENUM (
    'flat_rate',
    'calculated'
);


ALTER TYPE public.shipping_option_price_type_enum OWNER TO postgres;

--
-- Name: shipping_option_requirement_type_enum; Type: TYPE; Schema: public; Owner: postgres
--

CREATE TYPE public.shipping_option_requirement_type_enum AS ENUM (
    'min_subtotal',
    'max_subtotal'
);


ALTER TYPE public.shipping_option_requirement_type_enum OWNER TO postgres;

--
-- Name: shipping_profile_type_enum; Type: TYPE; Schema: public; Owner: postgres
--

CREATE TYPE public.shipping_profile_type_enum AS ENUM (
    'default',
    'gift_card',
    'custom'
);


ALTER TYPE public.shipping_profile_type_enum OWNER TO postgres;

--
-- Name: swap_fulfillment_status_enum; Type: TYPE; Schema: public; Owner: postgres
--

CREATE TYPE public.swap_fulfillment_status_enum AS ENUM (
    'not_fulfilled',
    'fulfilled',
    'shipped',
    'partially_shipped',
    'canceled',
    'requires_action'
);


ALTER TYPE public.swap_fulfillment_status_enum OWNER TO postgres;

--
-- Name: swap_payment_status_enum; Type: TYPE; Schema: public; Owner: postgres
--

CREATE TYPE public.swap_payment_status_enum AS ENUM (
    'not_paid',
    'awaiting',
    'captured',
    'confirmed',
    'canceled',
    'difference_refunded',
    'partially_refunded',
    'refunded',
    'requires_action'
);


ALTER TYPE public.swap_payment_status_enum OWNER TO postgres;

--
-- Name: user_role_enum; Type: TYPE; Schema: public; Owner: postgres
--

CREATE TYPE public.user_role_enum AS ENUM (
    'admin',
    'member',
    'developer'
);


ALTER TYPE public.user_role_enum OWNER TO postgres;

SET default_tablespace = '';

SET default_table_access_method = heap;

--
-- Name: address; Type: TABLE; Schema: public; Owner: postgres
--

CREATE TABLE public.address (
    id character varying NOT NULL,
    customer_id character varying,
    company character varying,
    first_name character varying,
    last_name character varying,
    address_1 character varying,
    address_2 character varying,
    city character varying,
    country_code character varying,
    province character varying,
    postal_code character varying,
    phone character varying,
    created_at timestamp with time zone DEFAULT now() NOT NULL,
    updated_at timestamp with time zone DEFAULT now() NOT NULL,
    deleted_at timestamp with time zone,
    metadata jsonb
);


ALTER TABLE public.address OWNER TO postgres;

--
-- Name: analytics_config; Type: TABLE; Schema: public; Owner: postgres
--

CREATE TABLE public.analytics_config (
    id character varying NOT NULL,
    created_at timestamp with time zone DEFAULT now() NOT NULL,
    updated_at timestamp with time zone DEFAULT now() NOT NULL,
    deleted_at timestamp with time zone,
    user_id character varying NOT NULL,
    opt_out boolean DEFAULT false NOT NULL,
    anonymize boolean DEFAULT false NOT NULL
);


ALTER TABLE public.analytics_config OWNER TO postgres;

--
-- Name: batch_job; Type: TABLE; Schema: public; Owner: postgres
--

CREATE TABLE public.batch_job (
    id character varying NOT NULL,
    type text NOT NULL,
    created_by character varying,
    context jsonb,
    result jsonb,
    dry_run boolean DEFAULT false NOT NULL,
    created_at timestamp with time zone DEFAULT now() NOT NULL,
    pre_processed_at timestamp with time zone,
    confirmed_at timestamp with time zone,
    processing_at timestamp with time zone,
    completed_at timestamp with time zone,
    failed_at timestamp with time zone,
    canceled_at timestamp with time zone,
    updated_at timestamp with time zone DEFAULT now() NOT NULL,
    deleted_at timestamp with time zone
);


ALTER TABLE public.batch_job OWNER TO postgres;

--
-- Name: cart; Type: TABLE; Schema: public; Owner: postgres
--

CREATE TABLE public.cart (
    id character varying NOT NULL,
    email character varying,
    billing_address_id character varying,
    shipping_address_id character varying,
    region_id character varying NOT NULL,
    customer_id character varying,
    payment_id character varying,
    type public.cart_type_enum DEFAULT 'default'::public.cart_type_enum NOT NULL,
    completed_at timestamp with time zone,
    created_at timestamp with time zone DEFAULT now() NOT NULL,
    updated_at timestamp with time zone DEFAULT now() NOT NULL,
    deleted_at timestamp with time zone,
    metadata jsonb,
    idempotency_key character varying,
    context jsonb,
    payment_authorized_at timestamp with time zone,
    sales_channel_id character varying
);


ALTER TABLE public.cart OWNER TO postgres;

--
-- Name: cart_discounts; Type: TABLE; Schema: public; Owner: postgres
--

CREATE TABLE public.cart_discounts (
    cart_id character varying NOT NULL,
    discount_id character varying NOT NULL
);


ALTER TABLE public.cart_discounts OWNER TO postgres;

--
-- Name: cart_gift_cards; Type: TABLE; Schema: public; Owner: postgres
--

CREATE TABLE public.cart_gift_cards (
    cart_id character varying NOT NULL,
    gift_card_id character varying NOT NULL
);


ALTER TABLE public.cart_gift_cards OWNER TO postgres;

--
-- Name: claim_image; Type: TABLE; Schema: public; Owner: postgres
--

CREATE TABLE public.claim_image (
    id character varying NOT NULL,
    claim_item_id character varying NOT NULL,
    url character varying NOT NULL,
    created_at timestamp with time zone DEFAULT now() NOT NULL,
    updated_at timestamp with time zone DEFAULT now() NOT NULL,
    deleted_at timestamp with time zone,
    metadata jsonb
);


ALTER TABLE public.claim_image OWNER TO postgres;

--
-- Name: claim_item; Type: TABLE; Schema: public; Owner: postgres
--

CREATE TABLE public.claim_item (
    id character varying NOT NULL,
    claim_order_id character varying NOT NULL,
    item_id character varying NOT NULL,
    variant_id character varying NOT NULL,
    reason public.claim_item_reason_enum NOT NULL,
    note character varying,
    quantity integer NOT NULL,
    created_at timestamp with time zone DEFAULT now() NOT NULL,
    updated_at timestamp with time zone DEFAULT now() NOT NULL,
    deleted_at timestamp with time zone,
    metadata jsonb
);


ALTER TABLE public.claim_item OWNER TO postgres;

--
-- Name: claim_item_tags; Type: TABLE; Schema: public; Owner: postgres
--

CREATE TABLE public.claim_item_tags (
    item_id character varying NOT NULL,
    tag_id character varying NOT NULL
);


ALTER TABLE public.claim_item_tags OWNER TO postgres;

--
-- Name: claim_order; Type: TABLE; Schema: public; Owner: postgres
--

CREATE TABLE public.claim_order (
    id character varying NOT NULL,
    payment_status public.claim_order_payment_status_enum DEFAULT 'na'::public.claim_order_payment_status_enum NOT NULL,
    fulfillment_status public.claim_order_fulfillment_status_enum DEFAULT 'not_fulfilled'::public.claim_order_fulfillment_status_enum NOT NULL,
    type public.claim_order_type_enum NOT NULL,
    order_id character varying NOT NULL,
    shipping_address_id character varying,
    refund_amount integer,
    canceled_at timestamp with time zone,
    created_at timestamp with time zone DEFAULT now() NOT NULL,
    updated_at timestamp with time zone DEFAULT now() NOT NULL,
    deleted_at timestamp with time zone,
    metadata jsonb,
    idempotency_key character varying,
    no_notification boolean
);


ALTER TABLE public.claim_order OWNER TO postgres;

--
-- Name: claim_tag; Type: TABLE; Schema: public; Owner: postgres
--

CREATE TABLE public.claim_tag (
    id character varying NOT NULL,
    value character varying NOT NULL,
    created_at timestamp with time zone DEFAULT now() NOT NULL,
    updated_at timestamp with time zone DEFAULT now() NOT NULL,
    deleted_at timestamp with time zone,
    metadata jsonb
);


ALTER TABLE public.claim_tag OWNER TO postgres;

--
-- Name: country; Type: TABLE; Schema: public; Owner: postgres
--

CREATE TABLE public.country (
    id integer NOT NULL,
    iso_2 character varying NOT NULL,
    iso_3 character varying NOT NULL,
    num_code integer NOT NULL,
    name character varying NOT NULL,
    display_name character varying NOT NULL,
    region_id character varying
);


ALTER TABLE public.country OWNER TO postgres;

--
-- Name: country_id_seq; Type: SEQUENCE; Schema: public; Owner: postgres
--

CREATE SEQUENCE public.country_id_seq
    AS integer
    START WITH 1
    INCREMENT BY 1
    NO MINVALUE
    NO MAXVALUE
    CACHE 1;


ALTER TABLE public.country_id_seq OWNER TO postgres;

--
-- Name: country_id_seq; Type: SEQUENCE OWNED BY; Schema: public; Owner: postgres
--

ALTER SEQUENCE public.country_id_seq OWNED BY public.country.id;


--
-- Name: currency; Type: TABLE; Schema: public; Owner: postgres
--

CREATE TABLE public.currency (
    code character varying NOT NULL,
    symbol character varying NOT NULL,
    symbol_native character varying NOT NULL,
    name character varying NOT NULL
);


ALTER TABLE public.currency OWNER TO postgres;

--
-- Name: custom_shipping_option; Type: TABLE; Schema: public; Owner: postgres
--

CREATE TABLE public.custom_shipping_option (
    id character varying NOT NULL,
    price integer NOT NULL,
    shipping_option_id character varying NOT NULL,
    cart_id character varying,
    created_at timestamp with time zone DEFAULT now() NOT NULL,
    updated_at timestamp with time zone DEFAULT now() NOT NULL,
    deleted_at timestamp with time zone,
    metadata jsonb
);


ALTER TABLE public.custom_shipping_option OWNER TO postgres;

--
-- Name: customer; Type: TABLE; Schema: public; Owner: postgres
--

CREATE TABLE public.customer (
    id character varying NOT NULL,
    email character varying NOT NULL,
    first_name character varying,
    last_name character varying,
    billing_address_id character varying,
    password_hash character varying,
    phone character varying,
    has_account boolean DEFAULT false NOT NULL,
    created_at timestamp with time zone DEFAULT now() NOT NULL,
    updated_at timestamp with time zone DEFAULT now() NOT NULL,
    deleted_at timestamp with time zone,
    metadata jsonb
);


ALTER TABLE public.customer OWNER TO postgres;

--
-- Name: customer_group; Type: TABLE; Schema: public; Owner: postgres
--

CREATE TABLE public.customer_group (
    id character varying NOT NULL,
    name character varying NOT NULL,
    created_at timestamp with time zone DEFAULT now() NOT NULL,
    updated_at timestamp with time zone DEFAULT now() NOT NULL,
    deleted_at timestamp with time zone,
    metadata jsonb
);


ALTER TABLE public.customer_group OWNER TO postgres;

--
-- Name: customer_group_customers; Type: TABLE; Schema: public; Owner: postgres
--

CREATE TABLE public.customer_group_customers (
    customer_group_id character varying NOT NULL,
    customer_id character varying NOT NULL
);


ALTER TABLE public.customer_group_customers OWNER TO postgres;

--
-- Name: discount; Type: TABLE; Schema: public; Owner: postgres
--

CREATE TABLE public.discount (
    id character varying NOT NULL,
    code character varying NOT NULL,
    is_dynamic boolean NOT NULL,
    rule_id character varying,
    is_disabled boolean NOT NULL,
    parent_discount_id character varying,
    starts_at timestamp with time zone DEFAULT CURRENT_TIMESTAMP NOT NULL,
    ends_at timestamp with time zone,
    created_at timestamp with time zone DEFAULT now() NOT NULL,
    updated_at timestamp with time zone DEFAULT now() NOT NULL,
    deleted_at timestamp with time zone,
    metadata jsonb,
    usage_limit integer,
    usage_count integer DEFAULT 0 NOT NULL,
    valid_duration character varying
);


ALTER TABLE public.discount OWNER TO postgres;

--
-- Name: discount_condition; Type: TABLE; Schema: public; Owner: postgres
--

CREATE TABLE public.discount_condition (
    id character varying NOT NULL,
    type public.discount_condition_type_enum NOT NULL,
    operator public.discount_condition_operator_enum NOT NULL,
    discount_rule_id character varying NOT NULL,
    created_at timestamp with time zone DEFAULT now() NOT NULL,
    updated_at timestamp with time zone DEFAULT now() NOT NULL,
    deleted_at timestamp with time zone,
    metadata jsonb
);


ALTER TABLE public.discount_condition OWNER TO postgres;

--
-- Name: discount_condition_customer_group; Type: TABLE; Schema: public; Owner: postgres
--

CREATE TABLE public.discount_condition_customer_group (
    customer_group_id character varying NOT NULL,
    condition_id character varying NOT NULL,
    created_at timestamp with time zone DEFAULT now() NOT NULL,
    updated_at timestamp with time zone DEFAULT now() NOT NULL,
    metadata jsonb
);


ALTER TABLE public.discount_condition_customer_group OWNER TO postgres;

--
-- Name: discount_condition_product; Type: TABLE; Schema: public; Owner: postgres
--

CREATE TABLE public.discount_condition_product (
    product_id character varying NOT NULL,
    condition_id character varying NOT NULL,
    created_at timestamp with time zone DEFAULT now() NOT NULL,
    updated_at timestamp with time zone DEFAULT now() NOT NULL,
    metadata jsonb
);


ALTER TABLE public.discount_condition_product OWNER TO postgres;

--
-- Name: discount_condition_product_collection; Type: TABLE; Schema: public; Owner: postgres
--

CREATE TABLE public.discount_condition_product_collection (
    product_collection_id character varying NOT NULL,
    condition_id character varying NOT NULL,
    created_at timestamp with time zone DEFAULT now() NOT NULL,
    updated_at timestamp with time zone DEFAULT now() NOT NULL,
    metadata jsonb
);


ALTER TABLE public.discount_condition_product_collection OWNER TO postgres;

--
-- Name: discount_condition_product_tag; Type: TABLE; Schema: public; Owner: postgres
--

CREATE TABLE public.discount_condition_product_tag (
    product_tag_id character varying NOT NULL,
    condition_id character varying NOT NULL,
    created_at timestamp with time zone DEFAULT now() NOT NULL,
    updated_at timestamp with time zone DEFAULT now() NOT NULL,
    metadata jsonb
);


ALTER TABLE public.discount_condition_product_tag OWNER TO postgres;

--
-- Name: discount_condition_product_type; Type: TABLE; Schema: public; Owner: postgres
--

CREATE TABLE public.discount_condition_product_type (
    product_type_id character varying NOT NULL,
    condition_id character varying NOT NULL,
    created_at timestamp with time zone DEFAULT now() NOT NULL,
    updated_at timestamp with time zone DEFAULT now() NOT NULL,
    metadata jsonb
);


ALTER TABLE public.discount_condition_product_type OWNER TO postgres;

--
-- Name: discount_regions; Type: TABLE; Schema: public; Owner: postgres
--

CREATE TABLE public.discount_regions (
    discount_id character varying NOT NULL,
    region_id character varying NOT NULL
);


ALTER TABLE public.discount_regions OWNER TO postgres;

--
-- Name: discount_rule; Type: TABLE; Schema: public; Owner: postgres
--

CREATE TABLE public.discount_rule (
    id character varying NOT NULL,
    description character varying,
    type public.discount_rule_type_enum NOT NULL,
    value integer NOT NULL,
    allocation public.discount_rule_allocation_enum,
    created_at timestamp with time zone DEFAULT now() NOT NULL,
    updated_at timestamp with time zone DEFAULT now() NOT NULL,
    deleted_at timestamp with time zone,
    metadata jsonb
);


ALTER TABLE public.discount_rule OWNER TO postgres;

--
-- Name: discount_rule_products; Type: TABLE; Schema: public; Owner: postgres
--

CREATE TABLE public.discount_rule_products (
    discount_rule_id character varying NOT NULL,
    product_id character varying NOT NULL
);


ALTER TABLE public.discount_rule_products OWNER TO postgres;

--
-- Name: draft_order; Type: TABLE; Schema: public; Owner: postgres
--

CREATE TABLE public.draft_order (
    id character varying NOT NULL,
    status public.draft_order_status_enum DEFAULT 'open'::public.draft_order_status_enum NOT NULL,
    display_id integer NOT NULL,
    cart_id character varying,
    order_id character varying,
    canceled_at timestamp with time zone,
    created_at timestamp with time zone DEFAULT now() NOT NULL,
    updated_at timestamp with time zone DEFAULT now() NOT NULL,
    completed_at timestamp with time zone,
    metadata jsonb,
    idempotency_key character varying,
    no_notification_order boolean
);


ALTER TABLE public.draft_order OWNER TO postgres;

--
-- Name: draft_order_display_id_seq; Type: SEQUENCE; Schema: public; Owner: postgres
--

CREATE SEQUENCE public.draft_order_display_id_seq
    AS integer
    START WITH 1
    INCREMENT BY 1
    NO MINVALUE
    NO MAXVALUE
    CACHE 1;


ALTER TABLE public.draft_order_display_id_seq OWNER TO postgres;

--
-- Name: draft_order_display_id_seq; Type: SEQUENCE OWNED BY; Schema: public; Owner: postgres
--

ALTER SEQUENCE public.draft_order_display_id_seq OWNED BY public.draft_order.display_id;


--
-- Name: fulfillment; Type: TABLE; Schema: public; Owner: postgres
--

CREATE TABLE public.fulfillment (
    id character varying NOT NULL,
    swap_id character varying,
    order_id character varying,
    tracking_numbers jsonb DEFAULT '[]'::jsonb NOT NULL,
    data jsonb NOT NULL,
    shipped_at timestamp with time zone,
    canceled_at timestamp with time zone,
    created_at timestamp with time zone DEFAULT now() NOT NULL,
    updated_at timestamp with time zone DEFAULT now() NOT NULL,
    metadata jsonb,
    idempotency_key character varying,
    provider_id character varying,
    claim_order_id character varying,
    no_notification boolean,
    location_id character varying
);


ALTER TABLE public.fulfillment OWNER TO postgres;

--
-- Name: fulfillment_item; Type: TABLE; Schema: public; Owner: postgres
--

CREATE TABLE public.fulfillment_item (
    fulfillment_id character varying NOT NULL,
    item_id character varying NOT NULL,
    quantity integer NOT NULL
);


ALTER TABLE public.fulfillment_item OWNER TO postgres;

--
-- Name: fulfillment_provider; Type: TABLE; Schema: public; Owner: postgres
--

CREATE TABLE public.fulfillment_provider (
    id character varying NOT NULL,
    is_installed boolean DEFAULT true NOT NULL
);


ALTER TABLE public.fulfillment_provider OWNER TO postgres;

--
-- Name: gift_card; Type: TABLE; Schema: public; Owner: postgres
--

CREATE TABLE public.gift_card (
    id character varying NOT NULL,
    code character varying NOT NULL,
    value integer NOT NULL,
    balance integer NOT NULL,
    region_id character varying NOT NULL,
    order_id character varying,
    is_disabled boolean DEFAULT false NOT NULL,
    ends_at timestamp with time zone,
    created_at timestamp with time zone DEFAULT now() NOT NULL,
    updated_at timestamp with time zone DEFAULT now() NOT NULL,
    deleted_at timestamp with time zone,
    metadata jsonb,
    tax_rate real
);


ALTER TABLE public.gift_card OWNER TO postgres;

--
-- Name: gift_card_transaction; Type: TABLE; Schema: public; Owner: postgres
--

CREATE TABLE public.gift_card_transaction (
    id character varying NOT NULL,
    gift_card_id character varying NOT NULL,
    order_id character varying NOT NULL,
    amount integer NOT NULL,
    created_at timestamp with time zone DEFAULT now() NOT NULL,
    is_taxable boolean,
    tax_rate real
);


ALTER TABLE public.gift_card_transaction OWNER TO postgres;

--
-- Name: idempotency_key; Type: TABLE; Schema: public; Owner: postgres
--

CREATE TABLE public.idempotency_key (
    id character varying NOT NULL,
    idempotency_key character varying NOT NULL,
    created_at timestamp with time zone DEFAULT now() NOT NULL,
    locked_at timestamp with time zone,
    request_method character varying,
    request_params jsonb,
    request_path character varying,
    response_code integer,
    response_body jsonb,
    recovery_point character varying DEFAULT 'started'::character varying NOT NULL
);


ALTER TABLE public.idempotency_key OWNER TO postgres;

--
-- Name: image; Type: TABLE; Schema: public; Owner: postgres
--

CREATE TABLE public.image (
    id character varying NOT NULL,
    url character varying NOT NULL,
    created_at timestamp with time zone DEFAULT now() NOT NULL,
    updated_at timestamp with time zone DEFAULT now() NOT NULL,
    deleted_at timestamp with time zone,
    metadata jsonb
);


ALTER TABLE public.image OWNER TO postgres;

--
-- Name: invite; Type: TABLE; Schema: public; Owner: postgres
--

CREATE TABLE public.invite (
    id character varying NOT NULL,
    user_email character varying NOT NULL,
    role public.invite_role_enum DEFAULT 'member'::public.invite_role_enum,
    accepted boolean DEFAULT false NOT NULL,
    created_at timestamp with time zone DEFAULT now() NOT NULL,
    updated_at timestamp with time zone DEFAULT now() NOT NULL,
    deleted_at timestamp with time zone,
    metadata jsonb,
    token character varying NOT NULL,
    expires_at timestamp with time zone DEFAULT now() NOT NULL
);


ALTER TABLE public.invite OWNER TO postgres;

--
-- Name: line_item; Type: TABLE; Schema: public; Owner: postgres
--

CREATE TABLE public.line_item (
    id character varying NOT NULL,
    cart_id character varying,
    order_id character varying,
    swap_id character varying,
    title character varying NOT NULL,
    description character varying,
    thumbnail character varying,
    is_giftcard boolean DEFAULT false NOT NULL,
    should_merge boolean DEFAULT true NOT NULL,
    allow_discounts boolean DEFAULT true NOT NULL,
    has_shipping boolean,
    unit_price integer NOT NULL,
    variant_id character varying,
    quantity integer NOT NULL,
    fulfilled_quantity integer,
    returned_quantity integer,
    shipped_quantity integer,
    created_at timestamp with time zone DEFAULT now() NOT NULL,
    updated_at timestamp with time zone DEFAULT now() NOT NULL,
    metadata jsonb,
    claim_order_id character varying,
    is_return boolean DEFAULT false NOT NULL,
    original_item_id character varying,
    order_edit_id character varying,
    CONSTRAINT "CHK_0cd85e15610d11b553d5e8fda6" CHECK ((shipped_quantity <= fulfilled_quantity)),
    CONSTRAINT "CHK_64eef00a5064887634f1680866" CHECK ((quantity > 0)),
    CONSTRAINT "CHK_91f40396d847f6ecfd9f752bf8" CHECK ((returned_quantity <= quantity)),
    CONSTRAINT "CHK_c61716c68f5ad5de2834c827d3" CHECK ((fulfilled_quantity <= quantity))
);


ALTER TABLE public.line_item OWNER TO postgres;

--
-- Name: line_item_adjustment; Type: TABLE; Schema: public; Owner: postgres
--

CREATE TABLE public.line_item_adjustment (
    id character varying NOT NULL,
    item_id character varying NOT NULL,
    description character varying NOT NULL,
    discount_id character varying,
    amount numeric NOT NULL,
    metadata jsonb
);


ALTER TABLE public.line_item_adjustment OWNER TO postgres;

--
-- Name: line_item_tax_line; Type: TABLE; Schema: public; Owner: postgres
--

CREATE TABLE public.line_item_tax_line (
    id character varying NOT NULL,
    rate real NOT NULL,
    name character varying NOT NULL,
    code character varying,
    created_at timestamp with time zone DEFAULT now() NOT NULL,
    updated_at timestamp with time zone DEFAULT now() NOT NULL,
    metadata jsonb,
    item_id character varying NOT NULL
);


ALTER TABLE public.line_item_tax_line OWNER TO postgres;

--
-- Name: migrations; Type: TABLE; Schema: public; Owner: postgres
--

CREATE TABLE public.migrations (
    id integer NOT NULL,
    "timestamp" bigint NOT NULL,
    name character varying NOT NULL
);


ALTER TABLE public.migrations OWNER TO postgres;

--
-- Name: migrations_id_seq; Type: SEQUENCE; Schema: public; Owner: postgres
--

CREATE SEQUENCE public.migrations_id_seq
    AS integer
    START WITH 1
    INCREMENT BY 1
    NO MINVALUE
    NO MAXVALUE
    CACHE 1;


ALTER TABLE public.migrations_id_seq OWNER TO postgres;

--
-- Name: migrations_id_seq; Type: SEQUENCE OWNED BY; Schema: public; Owner: postgres
--

ALTER SEQUENCE public.migrations_id_seq OWNED BY public.migrations.id;


--
-- Name: money_amount; Type: TABLE; Schema: public; Owner: postgres
--

CREATE TABLE public.money_amount (
    id character varying NOT NULL,
    currency_code character varying NOT NULL,
    amount integer NOT NULL,
    region_id character varying,
    created_at timestamp with time zone DEFAULT now() NOT NULL,
    updated_at timestamp with time zone DEFAULT now() NOT NULL,
    deleted_at timestamp with time zone,
    min_quantity integer,
    max_quantity integer,
    price_list_id character varying
);


ALTER TABLE public.money_amount OWNER TO postgres;

--
-- Name: note; Type: TABLE; Schema: public; Owner: postgres
--

CREATE TABLE public.note (
    id character varying NOT NULL,
    value character varying NOT NULL,
    resource_type character varying NOT NULL,
    resource_id character varying NOT NULL,
    author_id character varying,
    created_at timestamp with time zone DEFAULT now() NOT NULL,
    updated_at timestamp with time zone DEFAULT now() NOT NULL,
    deleted_at timestamp with time zone,
    metadata jsonb
);


ALTER TABLE public.note OWNER TO postgres;

--
-- Name: notification; Type: TABLE; Schema: public; Owner: postgres
--

CREATE TABLE public.notification (
    id character varying NOT NULL,
    event_name character varying,
    resource_type character varying NOT NULL,
    resource_id character varying NOT NULL,
    customer_id character varying,
    "to" character varying NOT NULL,
    data jsonb NOT NULL,
    parent_id character varying,
    provider_id character varying,
    created_at timestamp with time zone DEFAULT now() NOT NULL,
    updated_at timestamp with time zone DEFAULT now() NOT NULL
);


ALTER TABLE public.notification OWNER TO postgres;

--
-- Name: notification_provider; Type: TABLE; Schema: public; Owner: postgres
--

CREATE TABLE public.notification_provider (
    id character varying NOT NULL,
    is_installed boolean DEFAULT true NOT NULL
);


ALTER TABLE public.notification_provider OWNER TO postgres;

--
-- Name: oauth; Type: TABLE; Schema: public; Owner: postgres
--

CREATE TABLE public.oauth (
    id character varying NOT NULL,
    display_name character varying NOT NULL,
    application_name character varying NOT NULL,
    install_url character varying,
    uninstall_url character varying,
    data jsonb
);


ALTER TABLE public.oauth OWNER TO postgres;

--
-- Name: onboarding_state; Type: TABLE; Schema: public; Owner: postgres
--

CREATE TABLE public.onboarding_state (
    id character varying NOT NULL,
    created_at timestamp with time zone DEFAULT now() NOT NULL,
    updated_at timestamp with time zone DEFAULT now() NOT NULL,
    current_step character varying,
    is_complete boolean NOT NULL,
    product_id character varying
);


ALTER TABLE public.onboarding_state OWNER TO postgres;

--
-- Name: order; Type: TABLE; Schema: public; Owner: postgres
--

CREATE TABLE public."order" (
    id character varying NOT NULL,
    status public.order_status_enum DEFAULT 'pending'::public.order_status_enum NOT NULL,
    fulfillment_status public.order_fulfillment_status_enum DEFAULT 'not_fulfilled'::public.order_fulfillment_status_enum NOT NULL,
    payment_status public.order_payment_status_enum DEFAULT 'not_paid'::public.order_payment_status_enum NOT NULL,
    display_id integer NOT NULL,
    cart_id character varying,
    customer_id character varying NOT NULL,
    email character varying NOT NULL,
    billing_address_id character varying,
    shipping_address_id character varying,
    region_id character varying NOT NULL,
    currency_code character varying NOT NULL,
    tax_rate real,
    canceled_at timestamp with time zone,
    created_at timestamp with time zone DEFAULT now() NOT NULL,
    updated_at timestamp with time zone DEFAULT now() NOT NULL,
    metadata jsonb,
    idempotency_key character varying,
    draft_order_id character varying,
    no_notification boolean,
    external_id character varying,
    sales_channel_id character varying
);


ALTER TABLE public."order" OWNER TO postgres;

--
-- Name: order_discounts; Type: TABLE; Schema: public; Owner: postgres
--

CREATE TABLE public.order_discounts (
    order_id character varying NOT NULL,
    discount_id character varying NOT NULL
);


ALTER TABLE public.order_discounts OWNER TO postgres;

--
-- Name: order_display_id_seq; Type: SEQUENCE; Schema: public; Owner: postgres
--

CREATE SEQUENCE public.order_display_id_seq
    AS integer
    START WITH 1
    INCREMENT BY 1
    NO MINVALUE
    NO MAXVALUE
    CACHE 1;


ALTER TABLE public.order_display_id_seq OWNER TO postgres;

--
-- Name: order_display_id_seq; Type: SEQUENCE OWNED BY; Schema: public; Owner: postgres
--

ALTER SEQUENCE public.order_display_id_seq OWNED BY public."order".display_id;


--
-- Name: order_edit; Type: TABLE; Schema: public; Owner: postgres
--

CREATE TABLE public.order_edit (
    id character varying NOT NULL,
    created_at timestamp with time zone DEFAULT now() NOT NULL,
    updated_at timestamp with time zone DEFAULT now() NOT NULL,
    order_id character varying NOT NULL,
    internal_note character varying,
    created_by character varying NOT NULL,
    requested_by character varying,
    requested_at timestamp with time zone,
    confirmed_by character varying,
    confirmed_at timestamp with time zone,
    declined_by character varying,
    declined_reason character varying,
    declined_at timestamp with time zone,
    canceled_by character varying,
    canceled_at timestamp with time zone,
    payment_collection_id character varying
);


ALTER TABLE public.order_edit OWNER TO postgres;

--
-- Name: order_gift_cards; Type: TABLE; Schema: public; Owner: postgres
--

CREATE TABLE public.order_gift_cards (
    order_id character varying NOT NULL,
    gift_card_id character varying NOT NULL
);


ALTER TABLE public.order_gift_cards OWNER TO postgres;

--
-- Name: order_item_change; Type: TABLE; Schema: public; Owner: postgres
--

CREATE TABLE public.order_item_change (
    id character varying NOT NULL,
    created_at timestamp with time zone DEFAULT now() NOT NULL,
    updated_at timestamp with time zone DEFAULT now() NOT NULL,
    deleted_at timestamp with time zone,
    type public.order_item_change_type_enum NOT NULL,
    order_edit_id character varying NOT NULL,
    original_line_item_id character varying,
    line_item_id character varying
);


ALTER TABLE public.order_item_change OWNER TO postgres;

--
-- Name: payment; Type: TABLE; Schema: public; Owner: postgres
--

CREATE TABLE public.payment (
    id character varying NOT NULL,
    swap_id character varying,
    cart_id character varying,
    order_id character varying,
    amount integer NOT NULL,
    currency_code character varying NOT NULL,
    amount_refunded integer DEFAULT 0 NOT NULL,
    provider_id character varying NOT NULL,
    data jsonb NOT NULL,
    captured_at timestamp with time zone,
    canceled_at timestamp with time zone,
    created_at timestamp with time zone DEFAULT now() NOT NULL,
    updated_at timestamp with time zone DEFAULT now() NOT NULL,
    metadata jsonb,
    idempotency_key character varying
);


ALTER TABLE public.payment OWNER TO postgres;

--
-- Name: payment_collection; Type: TABLE; Schema: public; Owner: postgres
--

CREATE TABLE public.payment_collection (
    id character varying NOT NULL,
    created_at timestamp with time zone DEFAULT now() NOT NULL,
    updated_at timestamp with time zone DEFAULT now() NOT NULL,
    deleted_at timestamp with time zone,
    type public."PAYMENT_COLLECTION_TYPE_ENUM" NOT NULL,
    status public."PAYMENT_COLLECTION_STATUS_ENUM" NOT NULL,
    description text,
    amount integer NOT NULL,
    authorized_amount integer,
    region_id character varying NOT NULL,
    currency_code character varying NOT NULL,
    metadata jsonb,
    created_by character varying NOT NULL
);


ALTER TABLE public.payment_collection OWNER TO postgres;

--
-- Name: payment_collection_payments; Type: TABLE; Schema: public; Owner: postgres
--

CREATE TABLE public.payment_collection_payments (
    payment_collection_id character varying NOT NULL,
    payment_id character varying NOT NULL
);


ALTER TABLE public.payment_collection_payments OWNER TO postgres;

--
-- Name: payment_collection_sessions; Type: TABLE; Schema: public; Owner: postgres
--

CREATE TABLE public.payment_collection_sessions (
    payment_collection_id character varying NOT NULL,
    payment_session_id character varying NOT NULL
);


ALTER TABLE public.payment_collection_sessions OWNER TO postgres;

--
-- Name: payment_provider; Type: TABLE; Schema: public; Owner: postgres
--

CREATE TABLE public.payment_provider (
    id character varying NOT NULL,
    is_installed boolean DEFAULT true NOT NULL
);


ALTER TABLE public.payment_provider OWNER TO postgres;

--
-- Name: payment_session; Type: TABLE; Schema: public; Owner: postgres
--

CREATE TABLE public.payment_session (
    id character varying NOT NULL,
    cart_id character varying,
    provider_id character varying NOT NULL,
    is_selected boolean,
    status public.payment_session_status_enum NOT NULL,
    data jsonb NOT NULL,
    created_at timestamp with time zone DEFAULT now() NOT NULL,
    updated_at timestamp with time zone DEFAULT now() NOT NULL,
    idempotency_key character varying,
    payment_authorized_at timestamp with time zone,
    amount integer,
    is_initiated boolean DEFAULT false NOT NULL
);


ALTER TABLE public.payment_session OWNER TO postgres;

--
-- Name: price_list; Type: TABLE; Schema: public; Owner: postgres
--

CREATE TABLE public.price_list (
    id character varying NOT NULL,
    name character varying NOT NULL,
    description character varying NOT NULL,
    type public.price_list_type_enum DEFAULT 'sale'::public.price_list_type_enum NOT NULL,
    status public.price_list_status_enum DEFAULT 'draft'::public.price_list_status_enum NOT NULL,
    starts_at timestamp with time zone,
    ends_at timestamp with time zone,
    created_at timestamp with time zone DEFAULT now() NOT NULL,
    updated_at timestamp with time zone DEFAULT now() NOT NULL,
    deleted_at timestamp with time zone
);


ALTER TABLE public.price_list OWNER TO postgres;

--
-- Name: price_list_customer_groups; Type: TABLE; Schema: public; Owner: postgres
--

CREATE TABLE public.price_list_customer_groups (
    price_list_id character varying NOT NULL,
    customer_group_id character varying NOT NULL
);


ALTER TABLE public.price_list_customer_groups OWNER TO postgres;

--
-- Name: product; Type: TABLE; Schema: public; Owner: postgres
--

CREATE TABLE public.product (
    id character varying NOT NULL,
    title character varying NOT NULL,
    subtitle character varying,
    description character varying,
    handle character varying,
    is_giftcard boolean DEFAULT false NOT NULL,
    thumbnail character varying,
    weight integer,
    length integer,
    height integer,
    width integer,
    hs_code character varying,
    origin_country character varying,
    mid_code character varying,
    material character varying,
    created_at timestamp with time zone DEFAULT now() NOT NULL,
    updated_at timestamp with time zone DEFAULT now() NOT NULL,
    deleted_at timestamp with time zone,
    metadata jsonb,
    collection_id character varying,
    type_id character varying,
    discountable boolean DEFAULT true NOT NULL,
    status public.product_status_enum DEFAULT 'draft'::public.product_status_enum NOT NULL,
    external_id character varying
);


ALTER TABLE public.product OWNER TO postgres;

--
-- Name: product_category; Type: TABLE; Schema: public; Owner: postgres
--

CREATE TABLE public.product_category (
    id character varying NOT NULL,
    name text NOT NULL,
    handle text NOT NULL,
    parent_category_id character varying,
    mpath text,
    is_active boolean DEFAULT false,
    is_internal boolean DEFAULT false,
    created_at timestamp with time zone DEFAULT now() NOT NULL,
    updated_at timestamp with time zone DEFAULT now() NOT NULL,
    rank integer DEFAULT 0 NOT NULL,
    description text DEFAULT ''::text NOT NULL,
    metadata jsonb,
    CONSTRAINT product_category_rank_check CHECK ((rank >= 0))
);


ALTER TABLE public.product_category OWNER TO postgres;

--
-- Name: product_category_product; Type: TABLE; Schema: public; Owner: postgres
--

CREATE TABLE public.product_category_product (
    product_category_id character varying NOT NULL,
    product_id character varying NOT NULL
);


ALTER TABLE public.product_category_product OWNER TO postgres;

--
-- Name: product_collection; Type: TABLE; Schema: public; Owner: postgres
--

CREATE TABLE public.product_collection (
    id character varying NOT NULL,
    title character varying NOT NULL,
    handle character varying,
    created_at timestamp with time zone DEFAULT now() NOT NULL,
    updated_at timestamp with time zone DEFAULT now() NOT NULL,
    deleted_at timestamp with time zone,
    metadata jsonb
);


ALTER TABLE public.product_collection OWNER TO postgres;

--
-- Name: product_images; Type: TABLE; Schema: public; Owner: postgres
--

CREATE TABLE public.product_images (
    product_id character varying NOT NULL,
    image_id character varying NOT NULL
);


ALTER TABLE public.product_images OWNER TO postgres;

--
-- Name: product_option; Type: TABLE; Schema: public; Owner: postgres
--

CREATE TABLE public.product_option (
    id character varying NOT NULL,
    title character varying NOT NULL,
    created_at timestamp with time zone DEFAULT now() NOT NULL,
    updated_at timestamp with time zone DEFAULT now() NOT NULL,
    deleted_at timestamp with time zone,
    metadata jsonb,
    product_id character varying
);


ALTER TABLE public.product_option OWNER TO postgres;

--
-- Name: product_option_value; Type: TABLE; Schema: public; Owner: postgres
--

CREATE TABLE public.product_option_value (
    id character varying NOT NULL,
    value character varying NOT NULL,
    option_id character varying NOT NULL,
    variant_id character varying NOT NULL,
    created_at timestamp with time zone DEFAULT now() NOT NULL,
    updated_at timestamp with time zone DEFAULT now() NOT NULL,
    deleted_at timestamp with time zone,
    metadata jsonb
);


ALTER TABLE public.product_option_value OWNER TO postgres;

--
-- Name: product_sales_channel; Type: TABLE; Schema: public; Owner: postgres
--

CREATE TABLE public.product_sales_channel (
    product_id character varying NOT NULL,
    sales_channel_id character varying NOT NULL
);


ALTER TABLE public.product_sales_channel OWNER TO postgres;

--
-- Name: product_shipping_profile; Type: TABLE; Schema: public; Owner: postgres
--

CREATE TABLE public.product_shipping_profile (
    profile_id text NOT NULL,
    product_id text NOT NULL
);


ALTER TABLE public.product_shipping_profile OWNER TO postgres;

--
-- Name: product_tag; Type: TABLE; Schema: public; Owner: postgres
--

CREATE TABLE public.product_tag (
    id character varying NOT NULL,
    value character varying NOT NULL,
    created_at timestamp with time zone DEFAULT now() NOT NULL,
    updated_at timestamp with time zone DEFAULT now() NOT NULL,
    deleted_at timestamp with time zone,
    metadata jsonb
);


ALTER TABLE public.product_tag OWNER TO postgres;

--
-- Name: product_tags; Type: TABLE; Schema: public; Owner: postgres
--

CREATE TABLE public.product_tags (
    product_id character varying NOT NULL,
    product_tag_id character varying NOT NULL
);


ALTER TABLE public.product_tags OWNER TO postgres;

--
-- Name: product_tax_rate; Type: TABLE; Schema: public; Owner: postgres
--

CREATE TABLE public.product_tax_rate (
    product_id character varying NOT NULL,
    rate_id character varying NOT NULL,
    created_at timestamp with time zone DEFAULT now() NOT NULL,
    updated_at timestamp with time zone DEFAULT now() NOT NULL,
    metadata jsonb
);


ALTER TABLE public.product_tax_rate OWNER TO postgres;

--
-- Name: product_type; Type: TABLE; Schema: public; Owner: postgres
--

CREATE TABLE public.product_type (
    id character varying NOT NULL,
    value character varying NOT NULL,
    created_at timestamp with time zone DEFAULT now() NOT NULL,
    updated_at timestamp with time zone DEFAULT now() NOT NULL,
    deleted_at timestamp with time zone,
    metadata jsonb
);


ALTER TABLE public.product_type OWNER TO postgres;

--
-- Name: product_type_tax_rate; Type: TABLE; Schema: public; Owner: postgres
--

CREATE TABLE public.product_type_tax_rate (
    product_type_id character varying NOT NULL,
    rate_id character varying NOT NULL,
    created_at timestamp with time zone DEFAULT now() NOT NULL,
    updated_at timestamp with time zone DEFAULT now() NOT NULL,
    metadata jsonb
);


ALTER TABLE public.product_type_tax_rate OWNER TO postgres;

--
-- Name: product_variant; Type: TABLE; Schema: public; Owner: postgres
--

CREATE TABLE public.product_variant (
    id character varying NOT NULL,
    title character varying NOT NULL,
    product_id character varying NOT NULL,
    sku character varying,
    barcode character varying,
    ean character varying,
    upc character varying,
    inventory_quantity integer NOT NULL,
    allow_backorder boolean DEFAULT false NOT NULL,
    manage_inventory boolean DEFAULT true NOT NULL,
    hs_code character varying,
    origin_country character varying,
    mid_code character varying,
    material character varying,
    weight integer,
    length integer,
    height integer,
    width integer,
    created_at timestamp with time zone DEFAULT now() NOT NULL,
    updated_at timestamp with time zone DEFAULT now() NOT NULL,
    deleted_at timestamp with time zone,
    metadata jsonb,
    variant_rank integer DEFAULT 0
);


ALTER TABLE public.product_variant OWNER TO postgres;

--
-- Name: product_variant_inventory_item; Type: TABLE; Schema: public; Owner: postgres
--

CREATE TABLE public.product_variant_inventory_item (
    id character varying NOT NULL,
    created_at timestamp with time zone DEFAULT now() NOT NULL,
    updated_at timestamp with time zone DEFAULT now() NOT NULL,
    inventory_item_id text NOT NULL,
    variant_id text NOT NULL,
    required_quantity integer DEFAULT 1 NOT NULL,
    deleted_at timestamp with time zone
);


ALTER TABLE public.product_variant_inventory_item OWNER TO postgres;

--
-- Name: product_variant_money_amount; Type: TABLE; Schema: public; Owner: postgres
--

CREATE TABLE public.product_variant_money_amount (
    id character varying NOT NULL,
    money_amount_id text NOT NULL,
    variant_id text NOT NULL,
    deleted_at timestamp with time zone,
    created_at timestamp with time zone DEFAULT now() NOT NULL,
    updated_at timestamp with time zone DEFAULT now() NOT NULL
);


ALTER TABLE public.product_variant_money_amount OWNER TO postgres;

--
-- Name: publishable_api_key; Type: TABLE; Schema: public; Owner: postgres
--

CREATE TABLE public.publishable_api_key (
    id character varying NOT NULL,
    created_at timestamp with time zone DEFAULT now() NOT NULL,
    updated_at timestamp with time zone DEFAULT now() NOT NULL,
    created_by character varying,
    revoked_by character varying,
    revoked_at timestamp with time zone,
    title character varying NOT NULL
);


ALTER TABLE public.publishable_api_key OWNER TO postgres;

--
-- Name: publishable_api_key_sales_channel; Type: TABLE; Schema: public; Owner: postgres
--

CREATE TABLE public.publishable_api_key_sales_channel (
    sales_channel_id character varying NOT NULL,
    publishable_key_id character varying NOT NULL
);


ALTER TABLE public.publishable_api_key_sales_channel OWNER TO postgres;

--
-- Name: refund; Type: TABLE; Schema: public; Owner: postgres
--

CREATE TABLE public.refund (
    id character varying NOT NULL,
    order_id character varying,
    amount integer NOT NULL,
    note character varying,
    reason public.refund_reason_enum NOT NULL,
    created_at timestamp with time zone DEFAULT now() NOT NULL,
    updated_at timestamp with time zone DEFAULT now() NOT NULL,
    metadata jsonb,
    idempotency_key character varying,
    payment_id character varying
);


ALTER TABLE public.refund OWNER TO postgres;

--
-- Name: region; Type: TABLE; Schema: public; Owner: postgres
--

CREATE TABLE public.region (
    id character varying NOT NULL,
    name character varying NOT NULL,
    currency_code character varying NOT NULL,
    tax_rate real NOT NULL,
    tax_code character varying,
    created_at timestamp with time zone DEFAULT now() NOT NULL,
    updated_at timestamp with time zone DEFAULT now() NOT NULL,
    deleted_at timestamp with time zone,
    metadata jsonb,
    gift_cards_taxable boolean DEFAULT true NOT NULL,
    automatic_taxes boolean DEFAULT true NOT NULL,
    tax_provider_id character varying
);


ALTER TABLE public.region OWNER TO postgres;

--
-- Name: region_fulfillment_providers; Type: TABLE; Schema: public; Owner: postgres
--

CREATE TABLE public.region_fulfillment_providers (
    region_id character varying NOT NULL,
    provider_id character varying NOT NULL
);


ALTER TABLE public.region_fulfillment_providers OWNER TO postgres;

--
-- Name: region_payment_providers; Type: TABLE; Schema: public; Owner: postgres
--

CREATE TABLE public.region_payment_providers (
    region_id character varying NOT NULL,
    provider_id character varying NOT NULL
);


ALTER TABLE public.region_payment_providers OWNER TO postgres;

--
-- Name: return; Type: TABLE; Schema: public; Owner: postgres
--

CREATE TABLE public.return (
    id character varying NOT NULL,
    status public.return_status_enum DEFAULT 'requested'::public.return_status_enum NOT NULL,
    swap_id character varying,
    order_id character varying,
    shipping_data jsonb,
    refund_amount integer NOT NULL,
    received_at timestamp with time zone,
    created_at timestamp with time zone DEFAULT now() NOT NULL,
    updated_at timestamp with time zone DEFAULT now() NOT NULL,
    metadata jsonb,
    idempotency_key character varying,
    claim_order_id character varying,
    no_notification boolean,
    location_id character varying
);


ALTER TABLE public.return OWNER TO postgres;

--
-- Name: return_item; Type: TABLE; Schema: public; Owner: postgres
--

CREATE TABLE public.return_item (
    return_id character varying NOT NULL,
    item_id character varying NOT NULL,
    quantity integer NOT NULL,
    is_requested boolean DEFAULT true NOT NULL,
    requested_quantity integer,
    received_quantity integer,
    metadata jsonb,
    reason_id character varying,
    note character varying
);


ALTER TABLE public.return_item OWNER TO postgres;

--
-- Name: return_reason; Type: TABLE; Schema: public; Owner: postgres
--

CREATE TABLE public.return_reason (
    id character varying NOT NULL,
    value character varying NOT NULL,
    label character varying NOT NULL,
    description character varying,
    created_at timestamp with time zone DEFAULT now() NOT NULL,
    updated_at timestamp with time zone DEFAULT now() NOT NULL,
    deleted_at timestamp with time zone,
    metadata jsonb,
    parent_return_reason_id character varying
);


ALTER TABLE public.return_reason OWNER TO postgres;

--
-- Name: sales_channel; Type: TABLE; Schema: public; Owner: postgres
--

CREATE TABLE public.sales_channel (
    id character varying NOT NULL,
    created_at timestamp with time zone DEFAULT now() NOT NULL,
    updated_at timestamp with time zone DEFAULT now() NOT NULL,
    deleted_at timestamp with time zone,
    name character varying NOT NULL,
    description character varying,
    is_disabled boolean DEFAULT false NOT NULL,
    metadata jsonb
);


ALTER TABLE public.sales_channel OWNER TO postgres;

--
-- Name: sales_channel_location; Type: TABLE; Schema: public; Owner: postgres
--

CREATE TABLE public.sales_channel_location (
    id character varying NOT NULL,
    created_at timestamp with time zone DEFAULT now() NOT NULL,
    updated_at timestamp with time zone DEFAULT now() NOT NULL,
    sales_channel_id text NOT NULL,
    location_id text NOT NULL,
    deleted_at timestamp with time zone
);


ALTER TABLE public.sales_channel_location OWNER TO postgres;

--
-- Name: shipping_method; Type: TABLE; Schema: public; Owner: postgres
--

CREATE TABLE public.shipping_method (
    id character varying NOT NULL,
    shipping_option_id character varying NOT NULL,
    order_id character varying,
    cart_id character varying,
    swap_id character varying,
    return_id character varying,
    price integer NOT NULL,
    data jsonb NOT NULL,
    claim_order_id character varying,
    CONSTRAINT "CHK_64c6812fe7815be30d688df513" CHECK ((price >= 0)),
    CONSTRAINT "CHK_a7020b08665bbd64d84a6641cf" CHECK (((claim_order_id IS NOT NULL) OR (order_id IS NOT NULL) OR (cart_id IS NOT NULL) OR (swap_id IS NOT NULL) OR (return_id IS NOT NULL)))
);


ALTER TABLE public.shipping_method OWNER TO postgres;

--
-- Name: shipping_method_tax_line; Type: TABLE; Schema: public; Owner: postgres
--

CREATE TABLE public.shipping_method_tax_line (
    id character varying NOT NULL,
    rate real NOT NULL,
    name character varying NOT NULL,
    code character varying,
    created_at timestamp with time zone DEFAULT now() NOT NULL,
    updated_at timestamp with time zone DEFAULT now() NOT NULL,
    metadata jsonb,
    shipping_method_id character varying NOT NULL
);


ALTER TABLE public.shipping_method_tax_line OWNER TO postgres;

--
-- Name: shipping_option; Type: TABLE; Schema: public; Owner: postgres
--

CREATE TABLE public.shipping_option (
    id character varying NOT NULL,
    name character varying NOT NULL,
    region_id character varying NOT NULL,
    profile_id character varying NOT NULL,
    provider_id character varying NOT NULL,
    price_type public.shipping_option_price_type_enum NOT NULL,
    amount integer,
    is_return boolean DEFAULT false NOT NULL,
    data jsonb NOT NULL,
    created_at timestamp with time zone DEFAULT now() NOT NULL,
    updated_at timestamp with time zone DEFAULT now() NOT NULL,
    deleted_at timestamp with time zone,
    metadata jsonb,
    admin_only boolean DEFAULT false NOT NULL,
    CONSTRAINT "CHK_7a367f5901ae0a5b0df75aee38" CHECK ((amount >= 0))
);


ALTER TABLE public.shipping_option OWNER TO postgres;

--
-- Name: shipping_option_requirement; Type: TABLE; Schema: public; Owner: postgres
--

CREATE TABLE public.shipping_option_requirement (
    id character varying NOT NULL,
    shipping_option_id character varying NOT NULL,
    type public.shipping_option_requirement_type_enum NOT NULL,
    amount integer NOT NULL,
    deleted_at timestamp with time zone
);


ALTER TABLE public.shipping_option_requirement OWNER TO postgres;

--
-- Name: shipping_profile; Type: TABLE; Schema: public; Owner: postgres
--

CREATE TABLE public.shipping_profile (
    id character varying NOT NULL,
    name character varying NOT NULL,
    type public.shipping_profile_type_enum NOT NULL,
    created_at timestamp with time zone DEFAULT now() NOT NULL,
    updated_at timestamp with time zone DEFAULT now() NOT NULL,
    deleted_at timestamp with time zone,
    metadata jsonb
);


ALTER TABLE public.shipping_profile OWNER TO postgres;

--
-- Name: shipping_tax_rate; Type: TABLE; Schema: public; Owner: postgres
--

CREATE TABLE public.shipping_tax_rate (
    shipping_option_id character varying NOT NULL,
    rate_id character varying NOT NULL,
    created_at timestamp with time zone DEFAULT now() NOT NULL,
    updated_at timestamp with time zone DEFAULT now() NOT NULL,
    metadata jsonb
);


ALTER TABLE public.shipping_tax_rate OWNER TO postgres;

--
-- Name: staged_job; Type: TABLE; Schema: public; Owner: postgres
--

CREATE TABLE public.staged_job (
    id character varying NOT NULL,
    event_name character varying NOT NULL,
    data jsonb NOT NULL,
    options jsonb DEFAULT '{}'::jsonb NOT NULL
);


ALTER TABLE public.staged_job OWNER TO postgres;

--
-- Name: store; Type: TABLE; Schema: public; Owner: postgres
--

CREATE TABLE public.store (
    id character varying NOT NULL,
    name character varying DEFAULT 'Medusa Store'::character varying NOT NULL,
    default_currency_code character varying DEFAULT 'usd'::character varying NOT NULL,
    swap_link_template character varying,
    created_at timestamp with time zone DEFAULT now() NOT NULL,
    updated_at timestamp with time zone DEFAULT now() NOT NULL,
    metadata jsonb,
    payment_link_template character varying,
    invite_link_template character varying,
    default_sales_channel_id character varying,
    default_location_id character varying
);


ALTER TABLE public.store OWNER TO postgres;

--
-- Name: store_currencies; Type: TABLE; Schema: public; Owner: postgres
--

CREATE TABLE public.store_currencies (
    store_id character varying NOT NULL,
    currency_code character varying NOT NULL
);


ALTER TABLE public.store_currencies OWNER TO postgres;

--
-- Name: swap; Type: TABLE; Schema: public; Owner: postgres
--

CREATE TABLE public.swap (
    id character varying NOT NULL,
    fulfillment_status public.swap_fulfillment_status_enum NOT NULL,
    payment_status public.swap_payment_status_enum NOT NULL,
    order_id character varying NOT NULL,
    difference_due integer,
    shipping_address_id character varying,
    cart_id character varying,
    confirmed_at timestamp with time zone,
    created_at timestamp with time zone DEFAULT now() NOT NULL,
    updated_at timestamp with time zone DEFAULT now() NOT NULL,
    deleted_at timestamp with time zone,
    metadata jsonb,
    idempotency_key character varying,
    no_notification boolean,
    canceled_at timestamp with time zone,
    allow_backorder boolean DEFAULT false NOT NULL
);


ALTER TABLE public.swap OWNER TO postgres;

--
-- Name: tax_provider; Type: TABLE; Schema: public; Owner: postgres
--

CREATE TABLE public.tax_provider (
    id character varying NOT NULL,
    is_installed boolean DEFAULT true NOT NULL
);


ALTER TABLE public.tax_provider OWNER TO postgres;

--
-- Name: tax_rate; Type: TABLE; Schema: public; Owner: postgres
--

CREATE TABLE public.tax_rate (
    id character varying NOT NULL,
    rate real,
    code character varying,
    name character varying NOT NULL,
    region_id character varying NOT NULL,
    created_at timestamp with time zone DEFAULT now() NOT NULL,
    updated_at timestamp with time zone DEFAULT now() NOT NULL,
    metadata jsonb
);


ALTER TABLE public.tax_rate OWNER TO postgres;

--
-- Name: tracking_link; Type: TABLE; Schema: public; Owner: postgres
--

CREATE TABLE public.tracking_link (
    id character varying NOT NULL,
    url character varying,
    tracking_number character varying NOT NULL,
    fulfillment_id character varying NOT NULL,
    created_at timestamp with time zone DEFAULT now() NOT NULL,
    updated_at timestamp with time zone DEFAULT now() NOT NULL,
    deleted_at timestamp with time zone,
    metadata jsonb,
    idempotency_key character varying
);


ALTER TABLE public.tracking_link OWNER TO postgres;

--
-- Name: user; Type: TABLE; Schema: public; Owner: postgres
--

CREATE TABLE public."user" (
    id character varying NOT NULL,
    email character varying NOT NULL,
    first_name character varying,
    last_name character varying,
    password_hash character varying,
    api_token character varying,
    created_at timestamp with time zone DEFAULT now() NOT NULL,
    updated_at timestamp with time zone DEFAULT now() NOT NULL,
    deleted_at timestamp with time zone,
    metadata jsonb,
    role public.user_role_enum DEFAULT 'member'::public.user_role_enum
);


ALTER TABLE public."user" OWNER TO postgres;

--
-- Name: country id; Type: DEFAULT; Schema: public; Owner: postgres
--

ALTER TABLE ONLY public.country ALTER COLUMN id SET DEFAULT nextval('public.country_id_seq'::regclass);


--
-- Name: draft_order display_id; Type: DEFAULT; Schema: public; Owner: postgres
--

ALTER TABLE ONLY public.draft_order ALTER COLUMN display_id SET DEFAULT nextval('public.draft_order_display_id_seq'::regclass);


--
-- Name: migrations id; Type: DEFAULT; Schema: public; Owner: postgres
--

ALTER TABLE ONLY public.migrations ALTER COLUMN id SET DEFAULT nextval('public.migrations_id_seq'::regclass);


--
-- Name: order display_id; Type: DEFAULT; Schema: public; Owner: postgres
--

ALTER TABLE ONLY public."order" ALTER COLUMN display_id SET DEFAULT nextval('public.order_display_id_seq'::regclass);


--
-- Data for Name: address; Type: TABLE DATA; Schema: public; Owner: postgres
--

COPY public.address (id, customer_id, company, first_name, last_name, address_1, address_2, city, country_code, province, postal_code, phone, created_at, updated_at, deleted_at, metadata) FROM stdin;
\.


--
-- Data for Name: analytics_config; Type: TABLE DATA; Schema: public; Owner: postgres
--

COPY public.analytics_config (id, created_at, updated_at, deleted_at, user_id, opt_out, anonymize) FROM stdin;
\.


--
-- Data for Name: batch_job; Type: TABLE DATA; Schema: public; Owner: postgres
--

COPY public.batch_job (id, type, created_by, context, result, dry_run, created_at, pre_processed_at, confirmed_at, processing_at, completed_at, failed_at, canceled_at, updated_at, deleted_at) FROM stdin;
\.


--
-- Data for Name: cart; Type: TABLE DATA; Schema: public; Owner: postgres
--

COPY public.cart (id, email, billing_address_id, shipping_address_id, region_id, customer_id, payment_id, type, completed_at, created_at, updated_at, deleted_at, metadata, idempotency_key, context, payment_authorized_at, sales_channel_id) FROM stdin;
\.


--
-- Data for Name: cart_discounts; Type: TABLE DATA; Schema: public; Owner: postgres
--

COPY public.cart_discounts (cart_id, discount_id) FROM stdin;
\.


--
-- Data for Name: cart_gift_cards; Type: TABLE DATA; Schema: public; Owner: postgres
--

COPY public.cart_gift_cards (cart_id, gift_card_id) FROM stdin;
\.


--
-- Data for Name: claim_image; Type: TABLE DATA; Schema: public; Owner: postgres
--

COPY public.claim_image (id, claim_item_id, url, created_at, updated_at, deleted_at, metadata) FROM stdin;
\.


--
-- Data for Name: claim_item; Type: TABLE DATA; Schema: public; Owner: postgres
--

COPY public.claim_item (id, claim_order_id, item_id, variant_id, reason, note, quantity, created_at, updated_at, deleted_at, metadata) FROM stdin;
\.


--
-- Data for Name: claim_item_tags; Type: TABLE DATA; Schema: public; Owner: postgres
--

COPY public.claim_item_tags (item_id, tag_id) FROM stdin;
\.


--
-- Data for Name: claim_order; Type: TABLE DATA; Schema: public; Owner: postgres
--

COPY public.claim_order (id, payment_status, fulfillment_status, type, order_id, shipping_address_id, refund_amount, canceled_at, created_at, updated_at, deleted_at, metadata, idempotency_key, no_notification) FROM stdin;
\.


--
-- Data for Name: claim_tag; Type: TABLE DATA; Schema: public; Owner: postgres
--

COPY public.claim_tag (id, value, created_at, updated_at, deleted_at, metadata) FROM stdin;
\.


--
-- Data for Name: country; Type: TABLE DATA; Schema: public; Owner: postgres
--

COPY public.country (id, iso_2, iso_3, num_code, name, display_name, region_id) FROM stdin;
1	af	afg	4	AFGHANISTAN	Afghanistan	\N
2	al	alb	8	ALBANIA	Albania	\N
3	dz	dza	12	ALGERIA	Algeria	\N
4	as	asm	16	AMERICAN SAMOA	American Samoa	\N
5	ad	and	20	ANDORRA	Andorra	\N
6	ao	ago	24	ANGOLA	Angola	\N
7	ai	aia	660	ANGUILLA	Anguilla	\N
8	aq	ata	10	ANTARCTICA	Antarctica	\N
9	ag	atg	28	ANTIGUA AND BARBUDA	Antigua and Barbuda	\N
10	ar	arg	32	ARGENTINA	Argentina	\N
11	am	arm	51	ARMENIA	Armenia	\N
12	aw	abw	533	ARUBA	Aruba	\N
13	au	aus	36	AUSTRALIA	Australia	\N
14	at	aut	40	AUSTRIA	Austria	\N
15	az	aze	31	AZERBAIJAN	Azerbaijan	\N
16	bs	bhs	44	BAHAMAS	Bahamas	\N
17	bh	bhr	48	BAHRAIN	Bahrain	\N
18	bd	bgd	50	BANGLADESH	Bangladesh	\N
19	bb	brb	52	BARBADOS	Barbados	\N
20	by	blr	112	BELARUS	Belarus	\N
21	be	bel	56	BELGIUM	Belgium	\N
22	bz	blz	84	BELIZE	Belize	\N
23	bj	ben	204	BENIN	Benin	\N
24	bm	bmu	60	BERMUDA	Bermuda	\N
25	bt	btn	64	BHUTAN	Bhutan	\N
26	bo	bol	68	BOLIVIA	Bolivia	\N
27	bq	bes	535	BONAIRE, SINT EUSTATIUS AND SABA	Bonaire, Sint Eustatius and Saba	\N
28	ba	bih	70	BOSNIA AND HERZEGOVINA	Bosnia and Herzegovina	\N
29	bw	bwa	72	BOTSWANA	Botswana	\N
30	bv	bvd	74	BOUVET ISLAND	Bouvet Island	\N
31	br	bra	76	BRAZIL	Brazil	\N
32	io	iot	86	BRITISH INDIAN OCEAN TERRITORY	British Indian Ocean Territory	\N
33	bn	brn	96	BRUNEI DARUSSALAM	Brunei Darussalam	\N
34	bg	bgr	100	BULGARIA	Bulgaria	\N
35	bf	bfa	854	BURKINA FASO	Burkina Faso	\N
36	bi	bdi	108	BURUNDI	Burundi	\N
37	kh	khm	116	CAMBODIA	Cambodia	\N
38	cm	cmr	120	CAMEROON	Cameroon	\N
40	cv	cpv	132	CAPE VERDE	Cape Verde	\N
41	ky	cym	136	CAYMAN ISLANDS	Cayman Islands	\N
42	cf	caf	140	CENTRAL AFRICAN REPUBLIC	Central African Republic	\N
43	td	tcd	148	CHAD	Chad	\N
44	cl	chl	152	CHILE	Chile	\N
45	cn	chn	156	CHINA	China	\N
46	cx	cxr	162	CHRISTMAS ISLAND	Christmas Island	\N
47	cc	cck	166	COCOS (KEELING) ISLANDS	Cocos (Keeling) Islands	\N
48	co	col	170	COLOMBIA	Colombia	\N
49	km	com	174	COMOROS	Comoros	\N
50	cg	cog	178	CONGO	Congo	\N
51	cd	cod	180	CONGO, THE DEMOCRATIC REPUBLIC OF THE	Congo, the Democratic Republic of the	\N
52	ck	cok	184	COOK ISLANDS	Cook Islands	\N
53	cr	cri	188	COSTA RICA	Costa Rica	\N
54	ci	civ	384	COTE D'IVOIRE	Cote D'Ivoire	\N
55	hr	hrv	191	CROATIA	Croatia	\N
56	cu	cub	192	CUBA	Cuba	\N
57	cw	cuw	531	CURAAO	Curaao	\N
58	cy	cyp	196	CYPRUS	Cyprus	\N
59	cz	cze	203	CZECH REPUBLIC	Czech Republic	\N
61	dj	dji	262	DJIBOUTI	Djibouti	\N
62	dm	dma	212	DOMINICA	Dominica	\N
63	do	dom	214	DOMINICAN REPUBLIC	Dominican Republic	\N
64	ec	ecu	218	ECUADOR	Ecuador	\N
65	eg	egy	818	EGYPT	Egypt	\N
66	sv	slv	222	EL SALVADOR	El Salvador	\N
67	gq	gnq	226	EQUATORIAL GUINEA	Equatorial Guinea	\N
68	er	eri	232	ERITREA	Eritrea	\N
69	ee	est	233	ESTONIA	Estonia	\N
70	et	eth	231	ETHIOPIA	Ethiopia	\N
71	fk	flk	238	FALKLAND ISLANDS (MALVINAS)	Falkland Islands (Malvinas)	\N
72	fo	fro	234	FAROE ISLANDS	Faroe Islands	\N
73	fj	fji	242	FIJI	Fiji	\N
74	fi	fin	246	FINLAND	Finland	\N
76	gf	guf	254	FRENCH GUIANA	French Guiana	\N
77	pf	pyf	258	FRENCH POLYNESIA	French Polynesia	\N
78	tf	atf	260	FRENCH SOUTHERN TERRITORIES	French Southern Territories	\N
79	ga	gab	266	GABON	Gabon	\N
80	gm	gmb	270	GAMBIA	Gambia	\N
81	ge	geo	268	GEORGIA	Georgia	\N
83	gh	gha	288	GHANA	Ghana	\N
84	gi	gib	292	GIBRALTAR	Gibraltar	\N
85	gr	grc	300	GREECE	Greece	\N
86	gl	grl	304	GREENLAND	Greenland	\N
87	gd	grd	308	GRENADA	Grenada	\N
88	gp	glp	312	GUADELOUPE	Guadeloupe	\N
89	gu	gum	316	GUAM	Guam	\N
90	gt	gtm	320	GUATEMALA	Guatemala	\N
91	gg	ggy	831	GUERNSEY	Guernsey	\N
92	gn	gin	324	GUINEA	Guinea	\N
93	gw	gnb	624	GUINEA-BISSAU	Guinea-Bissau	\N
94	gy	guy	328	GUYANA	Guyana	\N
95	ht	hti	332	HAITI	Haiti	\N
96	hm	hmd	334	HEARD ISLAND AND MCDONALD ISLANDS	Heard Island And Mcdonald Islands	\N
97	va	vat	336	HOLY SEE (VATICAN CITY STATE)	Holy See (Vatican City State)	\N
98	hn	hnd	340	HONDURAS	Honduras	\N
99	hk	hkg	344	HONG KONG	Hong Kong	\N
100	hu	hun	348	HUNGARY	Hungary	\N
101	is	isl	352	ICELAND	Iceland	\N
102	in	ind	356	INDIA	India	\N
103	id	idn	360	INDONESIA	Indonesia	\N
104	ir	irn	364	IRAN, ISLAMIC REPUBLIC OF	Iran, Islamic Republic of	\N
105	iq	irq	368	IRAQ	Iraq	\N
106	ie	irl	372	IRELAND	Ireland	\N
107	im	imn	833	ISLE OF MAN	Isle Of Man	\N
108	il	isr	376	ISRAEL	Israel	\N
110	jm	jam	388	JAMAICA	Jamaica	\N
111	jp	jpn	392	JAPAN	Japan	\N
112	je	jey	832	JERSEY	Jersey	\N
113	jo	jor	400	JORDAN	Jordan	\N
114	kz	kaz	398	KAZAKHSTAN	Kazakhstan	\N
115	ke	ken	404	KENYA	Kenya	\N
116	ki	kir	296	KIRIBATI	Kiribati	\N
117	kp	prk	408	KOREA, DEMOCRATIC PEOPLE'S REPUBLIC OF	Korea, Democratic People's Republic of	\N
118	kr	kor	410	KOREA, REPUBLIC OF	Korea, Republic of	\N
119	xk	xkx	900	KOSOVO	Kosovo	\N
120	kw	kwt	414	KUWAIT	Kuwait	\N
121	kg	kgz	417	KYRGYZSTAN	Kyrgyzstan	\N
122	la	lao	418	LAO PEOPLE'S DEMOCRATIC REPUBLIC	Lao People's Democratic Republic	\N
123	lv	lva	428	LATVIA	Latvia	\N
124	lb	lbn	422	LEBANON	Lebanon	\N
125	ls	lso	426	LESOTHO	Lesotho	\N
126	lr	lbr	430	LIBERIA	Liberia	\N
127	ly	lby	434	LIBYAN ARAB JAMAHIRIYA	Libyan Arab Jamahiriya	\N
128	li	lie	438	LIECHTENSTEIN	Liechtenstein	\N
129	lt	ltu	440	LITHUANIA	Lithuania	\N
130	lu	lux	442	LUXEMBOURG	Luxembourg	\N
131	mo	mac	446	MACAO	Macao	\N
132	mk	mkd	807	MACEDONIA, THE FORMER YUGOSLAV REPUBLIC OF	Macedonia, the Former Yugoslav Republic of	\N
133	mg	mdg	450	MADAGASCAR	Madagascar	\N
134	mw	mwi	454	MALAWI	Malawi	\N
135	my	mys	458	MALAYSIA	Malaysia	\N
136	mv	mdv	462	MALDIVES	Maldives	\N
137	ml	mli	466	MALI	Mali	\N
138	mt	mlt	470	MALTA	Malta	\N
139	mh	mhl	584	MARSHALL ISLANDS	Marshall Islands	\N
140	mq	mtq	474	MARTINIQUE	Martinique	\N
141	mr	mrt	478	MAURITANIA	Mauritania	\N
142	mu	mus	480	MAURITIUS	Mauritius	\N
143	yt	myt	175	MAYOTTE	Mayotte	\N
144	mx	mex	484	MEXICO	Mexico	\N
145	fm	fsm	583	MICRONESIA, FEDERATED STATES OF	Micronesia, Federated States of	\N
146	md	mda	498	MOLDOVA, REPUBLIC OF	Moldova, Republic of	\N
147	mc	mco	492	MONACO	Monaco	\N
148	mn	mng	496	MONGOLIA	Mongolia	\N
149	me	mne	499	MONTENEGRO	Montenegro	\N
150	ms	msr	500	MONTSERRAT	Montserrat	\N
151	ma	mar	504	MOROCCO	Morocco	\N
152	mz	moz	508	MOZAMBIQUE	Mozambique	\N
153	mm	mmr	104	MYANMAR	Myanmar	\N
154	na	nam	516	NAMIBIA	Namibia	\N
155	nr	nru	520	NAURU	Nauru	\N
156	np	npl	524	NEPAL	Nepal	\N
157	nl	nld	528	NETHERLANDS	Netherlands	\N
158	nc	ncl	540	NEW CALEDONIA	New Caledonia	\N
159	nz	nzl	554	NEW ZEALAND	New Zealand	\N
160	ni	nic	558	NICARAGUA	Nicaragua	\N
161	ne	ner	562	NIGER	Niger	\N
162	ng	nga	566	NIGERIA	Nigeria	\N
163	nu	niu	570	NIUE	Niue	\N
164	nf	nfk	574	NORFOLK ISLAND	Norfolk Island	\N
165	mp	mnp	580	NORTHERN MARIANA ISLANDS	Northern Mariana Islands	\N
166	no	nor	578	NORWAY	Norway	\N
167	om	omn	512	OMAN	Oman	\N
168	pk	pak	586	PAKISTAN	Pakistan	\N
169	pw	plw	585	PALAU	Palau	\N
170	ps	pse	275	PALESTINIAN TERRITORY, OCCUPIED	Palestinian Territory, Occupied	\N
171	pa	pan	591	PANAMA	Panama	\N
172	pg	png	598	PAPUA NEW GUINEA	Papua New Guinea	\N
173	py	pry	600	PARAGUAY	Paraguay	\N
174	pe	per	604	PERU	Peru	\N
175	ph	phl	608	PHILIPPINES	Philippines	\N
176	pn	pcn	612	PITCAIRN	Pitcairn	\N
177	pl	pol	616	POLAND	Poland	\N
178	pt	prt	620	PORTUGAL	Portugal	\N
179	pr	pri	630	PUERTO RICO	Puerto Rico	\N
180	qa	qat	634	QATAR	Qatar	\N
181	re	reu	638	REUNION	Reunion	\N
182	ro	rom	642	ROMANIA	Romania	\N
183	ru	rus	643	RUSSIAN FEDERATION	Russian Federation	\N
184	rw	rwa	646	RWANDA	Rwanda	\N
185	bl	blm	652	SAINT BARTHLEMY	Saint Barthlemy	\N
186	sh	shn	654	SAINT HELENA	Saint Helena	\N
187	kn	kna	659	SAINT KITTS AND NEVIS	Saint Kitts and Nevis	\N
188	lc	lca	662	SAINT LUCIA	Saint Lucia	\N
189	mf	maf	663	SAINT MARTIN (FRENCH PART)	Saint Martin (French part)	\N
190	pm	spm	666	SAINT PIERRE AND MIQUELON	Saint Pierre and Miquelon	\N
191	vc	vct	670	SAINT VINCENT AND THE GRENADINES	Saint Vincent and the Grenadines	\N
192	ws	wsm	882	SAMOA	Samoa	\N
193	sm	smr	674	SAN MARINO	San Marino	\N
194	st	stp	678	SAO TOME AND PRINCIPE	Sao Tome and Principe	\N
195	sa	sau	682	SAUDI ARABIA	Saudi Arabia	\N
196	sn	sen	686	SENEGAL	Senegal	\N
197	rs	srb	688	SERBIA	Serbia	\N
198	sc	syc	690	SEYCHELLES	Seychelles	\N
199	sl	sle	694	SIERRA LEONE	Sierra Leone	\N
200	sg	sgp	702	SINGAPORE	Singapore	\N
201	sx	sxm	534	SINT MAARTEN	Sint Maarten	\N
202	sk	svk	703	SLOVAKIA	Slovakia	\N
203	si	svn	705	SLOVENIA	Slovenia	\N
204	sb	slb	90	SOLOMON ISLANDS	Solomon Islands	\N
205	so	som	706	SOMALIA	Somalia	\N
206	za	zaf	710	SOUTH AFRICA	South Africa	\N
207	gs	sgs	239	SOUTH GEORGIA AND THE SOUTH SANDWICH ISLANDS	South Georgia and the South Sandwich Islands	\N
208	ss	ssd	728	SOUTH SUDAN	South Sudan	\N
210	lk	lka	144	SRI LANKA	Sri Lanka	\N
211	sd	sdn	729	SUDAN	Sudan	\N
212	sr	sur	740	SURINAME	Suriname	\N
213	sj	sjm	744	SVALBARD AND JAN MAYEN	Svalbard and Jan Mayen	\N
214	sz	swz	748	SWAZILAND	Swaziland	\N
216	ch	che	756	SWITZERLAND	Switzerland	\N
217	sy	syr	760	SYRIAN ARAB REPUBLIC	Syrian Arab Republic	\N
218	tw	twn	158	TAIWAN, PROVINCE OF CHINA	Taiwan, Province of China	\N
219	tj	tjk	762	TAJIKISTAN	Tajikistan	\N
220	tz	tza	834	TANZANIA, UNITED REPUBLIC OF	Tanzania, United Republic of	\N
221	th	tha	764	THAILAND	Thailand	\N
222	tl	tls	626	TIMOR LESTE	Timor Leste	\N
223	tg	tgo	768	TOGO	Togo	\N
224	tk	tkl	772	TOKELAU	Tokelau	\N
225	to	ton	776	TONGA	Tonga	\N
226	tt	tto	780	TRINIDAD AND TOBAGO	Trinidad and Tobago	\N
227	tn	tun	788	TUNISIA	Tunisia	\N
228	tr	tur	792	TURKEY	Turkey	\N
229	tm	tkm	795	TURKMENISTAN	Turkmenistan	\N
215	se	swe	752	SWEDEN	Sweden	reg_01HHJG6FDG5ED488T47WDPV5QZ
230	tc	tca	796	TURKS AND CAICOS ISLANDS	Turks and Caicos Islands	\N
231	tv	tuv	798	TUVALU	Tuvalu	\N
232	ug	uga	800	UGANDA	Uganda	\N
233	ua	ukr	804	UKRAINE	Ukraine	\N
234	ae	are	784	UNITED ARAB EMIRATES	United Arab Emirates	\N
237	um	umi	581	UNITED STATES MINOR OUTLYING ISLANDS	United States Minor Outlying Islands	\N
238	uy	ury	858	URUGUAY	Uruguay	\N
239	uz	uzb	860	UZBEKISTAN	Uzbekistan	\N
240	vu	vut	548	VANUATU	Vanuatu	\N
241	ve	ven	862	VENEZUELA	Venezuela	\N
242	vn	vnm	704	VIET NAM	Viet Nam	\N
243	vg	vgb	92	VIRGIN ISLANDS, BRITISH	Virgin Islands, British	\N
244	vi	vir	850	VIRGIN ISLANDS, U.S.	Virgin Islands, U.S.	\N
245	wf	wlf	876	WALLIS AND FUTUNA	Wallis and Futuna	\N
246	eh	esh	732	WESTERN SAHARA	Western Sahara	\N
247	ye	yem	887	YEMEN	Yemen	\N
248	zm	zmb	894	ZAMBIA	Zambia	\N
249	zw	zwe	716	ZIMBABWE	Zimbabwe	\N
250	ax	ala	248	LAND ISLANDS	land Islands	\N
235	gb	gbr	826	UNITED KINGDOM	United Kingdom	reg_01HHJG6FDG5ED488T47WDPV5QZ
82	de	deu	276	GERMANY	Germany	reg_01HHJG6FDG5ED488T47WDPV5QZ
60	dk	dnk	208	DENMARK	Denmark	reg_01HHJG6FDG5ED488T47WDPV5QZ
75	fr	fra	250	FRANCE	France	reg_01HHJG6FDG5ED488T47WDPV5QZ
209	es	esp	724	SPAIN	Spain	reg_01HHJG6FDG5ED488T47WDPV5QZ
109	it	ita	380	ITALY	Italy	reg_01HHJG6FDG5ED488T47WDPV5QZ
236	us	usa	840	UNITED STATES	United States	reg_01HHJG6FEFX5VF64WN0WBX8KVR
39	ca	can	124	CANADA	Canada	reg_01HHJG6FEFX5VF64WN0WBX8KVR
\.


--
-- Data for Name: currency; Type: TABLE DATA; Schema: public; Owner: postgres
--

COPY public.currency (code, symbol, symbol_native, name) FROM stdin;
usd	$	$	US Dollar
cad	CA$	$	Canadian Dollar
eur			Euro
aed	AED	..	United Arab Emirates Dirham
afn	Af		Afghan Afghani
all	ALL	Lek	Albanian Lek
amd	AMD	.	Armenian Dram
ars	AR$	$	Argentine Peso
aud	AU$	$	Australian Dollar
azn	man.	.	Azerbaijani Manat
bam	KM	KM	Bosnia-Herzegovina Convertible Mark
bdt	Tk		Bangladeshi Taka
bgn	BGN	.	Bulgarian Lev
bhd	BD	..	Bahraini Dinar
bif	FBu	FBu	Burundian Franc
bnd	BN$	$	Brunei Dollar
bob	Bs	Bs	Bolivian Boliviano
brl	R$	R$	Brazilian Real
bwp	BWP	P	Botswanan Pula
byn	Br	.	Belarusian Ruble
bzd	BZ$	$	Belize Dollar
cdf	CDF	FrCD	Congolese Franc
chf	CHF	CHF	Swiss Franc
clp	CL$	$	Chilean Peso
cny	CN	CN	Chinese Yuan
cop	CO$	$	Colombian Peso
crc			Costa Rican Coln
cve	CV$	CV$	Cape Verdean Escudo
czk	K	K	Czech Republic Koruna
djf	Fdj	Fdj	Djiboutian Franc
dkk	Dkr	kr	Danish Krone
dop	RD$	RD$	Dominican Peso
dzd	DA	..	Algerian Dinar
eek	Ekr	kr	Estonian Kroon
egp	EGP	..	Egyptian Pound
ern	Nfk	Nfk	Eritrean Nakfa
etb	Br	Br	Ethiopian Birr
gbp			British Pound Sterling
gel	GEL	GEL	Georgian Lari
ghs	GH	GH	Ghanaian Cedi
gnf	FG	FG	Guinean Franc
gtq	GTQ	Q	Guatemalan Quetzal
hkd	HK$	$	Hong Kong Dollar
hnl	HNL	L	Honduran Lempira
hrk	kn	kn	Croatian Kuna
huf	Ft	Ft	Hungarian Forint
idr	Rp	Rp	Indonesian Rupiah
ils			Israeli New Sheqel
inr	Rs		Indian Rupee
iqd	IQD	..	Iraqi Dinar
irr	IRR		Iranian Rial
isk	Ikr	kr	Icelandic Krna
jmd	J$	$	Jamaican Dollar
jod	JD	..	Jordanian Dinar
jpy			Japanese Yen
kes	Ksh	Ksh	Kenyan Shilling
khr	KHR		Cambodian Riel
kmf	CF	FC	Comorian Franc
krw			South Korean Won
kwd	KD	..	Kuwaiti Dinar
kzt	KZT	.	Kazakhstani Tenge
lbp	LB	..	Lebanese Pound
lkr	SLRs	SL Re	Sri Lankan Rupee
ltl	Lt	Lt	Lithuanian Litas
lvl	Ls	Ls	Latvian Lats
lyd	LD	..	Libyan Dinar
mad	MAD	..	Moroccan Dirham
mdl	MDL	MDL	Moldovan Leu
mga	MGA	MGA	Malagasy Ariary
mkd	MKD	MKD	Macedonian Denar
mmk	MMK	K	Myanma Kyat
mnt	MNT		Mongolian Tugrig
mop	MOP$	MOP$	Macanese Pataca
mur	MURs	MURs	Mauritian Rupee
mxn	MX$	$	Mexican Peso
myr	RM	RM	Malaysian Ringgit
mzn	MTn	MTn	Mozambican Metical
nad	N$	N$	Namibian Dollar
ngn			Nigerian Naira
nio	C$	C$	Nicaraguan Crdoba
nok	Nkr	kr	Norwegian Krone
npr	NPRs		Nepalese Rupee
nzd	NZ$	$	New Zealand Dollar
omr	OMR	..	Omani Rial
pab	B/.	B/.	Panamanian Balboa
pen	S/.	S/.	Peruvian Nuevo Sol
php			Philippine Peso
pkr	PKRs		Pakistani Rupee
pln	z	z	Polish Zloty
pyg			Paraguayan Guarani
qar	QR	..	Qatari Rial
ron	RON	RON	Romanian Leu
rsd	din.	.	Serbian Dinar
rub	RUB	.	Russian Ruble
rwf	RWF	FR	Rwandan Franc
sar	SR	..	Saudi Riyal
sdg	SDG	SDG	Sudanese Pound
sek	Skr	kr	Swedish Krona
sgd	S$	$	Singapore Dollar
sos	Ssh	Ssh	Somali Shilling
syp	SY	..	Syrian Pound
thb			Thai Baht
tnd	DT	..	Tunisian Dinar
top	T$	T$	Tongan Paanga
try	TL	TL	Turkish Lira
ttd	TT$	$	Trinidad and Tobago Dollar
twd	NT$	NT$	New Taiwan Dollar
tzs	TSh	TSh	Tanzanian Shilling
uah			Ukrainian Hryvnia
ugx	USh	USh	Ugandan Shilling
uyu	$U	$	Uruguayan Peso
uzs	UZS	UZS	Uzbekistan Som
vef	Bs.F.	Bs.F.	Venezuelan Bolvar
vnd			Vietnamese Dong
xaf	FCFA	FCFA	CFA Franc BEAC
xof	CFA	CFA	CFA Franc BCEAO
yer	YR	..	Yemeni Rial
zar	R	R	South African Rand
zmk	ZK	ZK	Zambian Kwacha
zwl	ZWL$	ZWL$	Zimbabwean Dollar
\.


--
-- Data for Name: custom_shipping_option; Type: TABLE DATA; Schema: public; Owner: postgres
--

COPY public.custom_shipping_option (id, price, shipping_option_id, cart_id, created_at, updated_at, deleted_at, metadata) FROM stdin;
\.


--
-- Data for Name: customer; Type: TABLE DATA; Schema: public; Owner: postgres
--

COPY public.customer (id, email, first_name, last_name, billing_address_id, password_hash, phone, has_account, created_at, updated_at, deleted_at, metadata) FROM stdin;
\.


--
-- Data for Name: customer_group; Type: TABLE DATA; Schema: public; Owner: postgres
--

COPY public.customer_group (id, name, created_at, updated_at, deleted_at, metadata) FROM stdin;
\.


--
-- Data for Name: customer_group_customers; Type: TABLE DATA; Schema: public; Owner: postgres
--

COPY public.customer_group_customers (customer_group_id, customer_id) FROM stdin;
\.


--
-- Data for Name: discount; Type: TABLE DATA; Schema: public; Owner: postgres
--

COPY public.discount (id, code, is_dynamic, rule_id, is_disabled, parent_discount_id, starts_at, ends_at, created_at, updated_at, deleted_at, metadata, usage_limit, usage_count, valid_duration) FROM stdin;
\.


--
-- Data for Name: discount_condition; Type: TABLE DATA; Schema: public; Owner: postgres
--

COPY public.discount_condition (id, type, operator, discount_rule_id, created_at, updated_at, deleted_at, metadata) FROM stdin;
\.


--
-- Data for Name: discount_condition_customer_group; Type: TABLE DATA; Schema: public; Owner: postgres
--

COPY public.discount_condition_customer_group (customer_group_id, condition_id, created_at, updated_at, metadata) FROM stdin;
\.


--
-- Data for Name: discount_condition_product; Type: TABLE DATA; Schema: public; Owner: postgres
--

COPY public.discount_condition_product (product_id, condition_id, created_at, updated_at, metadata) FROM stdin;
\.


--
-- Data for Name: discount_condition_product_collection; Type: TABLE DATA; Schema: public; Owner: postgres
--

COPY public.discount_condition_product_collection (product_collection_id, condition_id, created_at, updated_at, metadata) FROM stdin;
\.


--
-- Data for Name: discount_condition_product_tag; Type: TABLE DATA; Schema: public; Owner: postgres
--

COPY public.discount_condition_product_tag (product_tag_id, condition_id, created_at, updated_at, metadata) FROM stdin;
\.


--
-- Data for Name: discount_condition_product_type; Type: TABLE DATA; Schema: public; Owner: postgres
--

COPY public.discount_condition_product_type (product_type_id, condition_id, created_at, updated_at, metadata) FROM stdin;
\.


--
-- Data for Name: discount_regions; Type: TABLE DATA; Schema: public; Owner: postgres
--

COPY public.discount_regions (discount_id, region_id) FROM stdin;
\.


--
-- Data for Name: discount_rule; Type: TABLE DATA; Schema: public; Owner: postgres
--

COPY public.discount_rule (id, description, type, value, allocation, created_at, updated_at, deleted_at, metadata) FROM stdin;
\.


--
-- Data for Name: discount_rule_products; Type: TABLE DATA; Schema: public; Owner: postgres
--

COPY public.discount_rule_products (discount_rule_id, product_id) FROM stdin;
\.


--
-- Data for Name: draft_order; Type: TABLE DATA; Schema: public; Owner: postgres
--

COPY public.draft_order (id, status, display_id, cart_id, order_id, canceled_at, created_at, updated_at, completed_at, metadata, idempotency_key, no_notification_order) FROM stdin;
\.


--
-- Data for Name: fulfillment; Type: TABLE DATA; Schema: public; Owner: postgres
--

COPY public.fulfillment (id, swap_id, order_id, tracking_numbers, data, shipped_at, canceled_at, created_at, updated_at, metadata, idempotency_key, provider_id, claim_order_id, no_notification, location_id) FROM stdin;
\.


--
-- Data for Name: fulfillment_item; Type: TABLE DATA; Schema: public; Owner: postgres
--

COPY public.fulfillment_item (fulfillment_id, item_id, quantity) FROM stdin;
\.


--
-- Data for Name: fulfillment_provider; Type: TABLE DATA; Schema: public; Owner: postgres
--

COPY public.fulfillment_provider (id, is_installed) FROM stdin;
manual	t
\.


--
-- Data for Name: gift_card; Type: TABLE DATA; Schema: public; Owner: postgres
--

COPY public.gift_card (id, code, value, balance, region_id, order_id, is_disabled, ends_at, created_at, updated_at, deleted_at, metadata, tax_rate) FROM stdin;
\.


--
-- Data for Name: gift_card_transaction; Type: TABLE DATA; Schema: public; Owner: postgres
--

COPY public.gift_card_transaction (id, gift_card_id, order_id, amount, created_at, is_taxable, tax_rate) FROM stdin;
\.


--
-- Data for Name: idempotency_key; Type: TABLE DATA; Schema: public; Owner: postgres
--

COPY public.idempotency_key (id, idempotency_key, created_at, locked_at, request_method, request_params, request_path, response_code, response_body, recovery_point) FROM stdin;
\.


--
-- Data for Name: image; Type: TABLE DATA; Schema: public; Owner: postgres
--

COPY public.image (id, url, created_at, updated_at, deleted_at, metadata) FROM stdin;
\.


--
-- Data for Name: invite; Type: TABLE DATA; Schema: public; Owner: postgres
--

COPY public.invite (id, user_email, role, accepted, created_at, updated_at, deleted_at, metadata, token, expires_at) FROM stdin;
invite_01HHJG69AMPNC5QB9RSD9FJYSY	admin@medusa-test.com	admin	f	2023-12-13 21:09:14.191363+00	2023-12-13 21:09:14.191363+00	\N	\N	eyJhbGciOiJIUzI1NiIsInR5cCI6IkpXVCJ9.eyJpbnZpdGVfaWQiOiJpbnZpdGVfMDFISEpHNjlBTVBOQzVRQjlSU0Q5RkpZU1kiLCJyb2xlIjoiYWRtaW4iLCJ1c2VyX2VtYWlsIjoiYWRtaW5AbWVkdXNhLXRlc3QuY29tIiwiaWF0IjoxNzAyNTAxNzU0fQ.iLHvAHUIbRCVd5Q9lcFhtSvwpIJHedtdaEo2R3SASDc	2023-12-20 21:09:14.202+00
\.


--
-- Data for Name: line_item; Type: TABLE DATA; Schema: public; Owner: postgres
--

COPY public.line_item (id, cart_id, order_id, swap_id, title, description, thumbnail, is_giftcard, should_merge, allow_discounts, has_shipping, unit_price, variant_id, quantity, fulfilled_quantity, returned_quantity, shipped_quantity, created_at, updated_at, metadata, claim_order_id, is_return, original_item_id, order_edit_id) FROM stdin;
\.


--
-- Data for Name: line_item_adjustment; Type: TABLE DATA; Schema: public; Owner: postgres
--

COPY public.line_item_adjustment (id, item_id, description, discount_id, amount, metadata) FROM stdin;
\.


--
-- Data for Name: line_item_tax_line; Type: TABLE DATA; Schema: public; Owner: postgres
--

COPY public.line_item_tax_line (id, rate, name, code, created_at, updated_at, metadata, item_id) FROM stdin;
\.


--
-- Data for Name: migrations; Type: TABLE DATA; Schema: public; Owner: postgres
--

COPY public.migrations (id, "timestamp", name) FROM stdin;
1	1611063162649	initialSchema1611063162649
2	1611063174563	countriesCurrencies1611063174563
3	1612284947120	claims1612284947120
4	1612353094577	indexes1612353094577
5	1613146953072	notifications1613146953072
6	1613146953073	productTypeCategoryTags1613146953073
7	1613384784316	draftOrders1613384784316
8	1613656135167	trackingLinks1613656135167
9	1614684597235	cartContext1614684597235
10	1615891636559	returnReason1615891636559
11	1615970124120	discountUsageCount1615970124120
12	1617002207608	discountUsage1617002207608
13	1619108646647	nullablePassword1619108646647
14	1623231564533	noNotification1623231564533
15	1624287602631	gcRemoveUniqueOrder1624287602631
16	1624610325746	softDeletingUniqueConstraints1624610325746
17	1625560513367	ensureCancellationFieldsExist1625560513367
18	1627995307200	addDiscountableToProduct1627995307200
19	1630505790603	allowBackorderSwaps1630505790603
20	1631104895519	RankColumnWithDefaultValue1631104895519
21	1631261634964	enforceUniqueness1631261634964
22	1631696624528	validDurationForDiscount1631696624528
23	1631800727788	nestedReturnReasons1631800727788
24	1631864388026	statusOnProduct1631864388026
25	1632220294687	addNotes1632220294687
26	1632828114899	deleteDateOnShippingOptionRequirements1632828114899
27	1633512755401	extendedUserApi1633512755401
28	1633614437919	addCustomShippingOptions1633614437919
29	1638543550000	orderTaxRateToRealType1638543550000
30	1638952072999	externalIdOrder1638952072999
31	1641636508055	newTaxSystem1641636508055
32	1644943746861	customerGroups1644943746861
33	1646324713514	discountConditions1646324713514
34	1646915480108	updateMoneyAmountAddPriceList1646915480108
35	1648600574750	addLineItemAdjustments1648600574750
36	1648641130007	taxLineConstraints1648641130007
37	1649775522087	addBatchJobModel1649775522087
38	1656949291839	salesChannel1656949291839
39	1657098186554	taxedGiftCardTransactions1657098186554
40	1657267320181	extendedBatchJob1657267320181
41	1660040729000	paymentSessionUniqCartIdProviderId1660040729000
42	1661345741249	multiPaymentCart1661345741249
43	1661863940645	swapFulfillmentStatusRequiresAction1661863940645
44	1663059812399	orderEditing1663059812399
45	1663059812400	lineItemOriginalItemRelation1663059812400
46	1664880666982	paymentCollection1664880666982
47	1666173221888	addAnalyticsConfig1666173221888
48	1667815005070	publishableApiKey1667815005070
49	1669032280562	updateCustomerEmailConstraint_1669032280562
50	1670855241304	addTaxRateToGiftCards1670855241304
51	1671711415179	multiLocation1671711415179
52	1672906846559	productCategory1672906846559
53	1672906846560	paymentSessionIsInitiated1672906846560
54	1673003729870	stagedJobOptions1673003729870
55	1673550502785	uniquePaySessCartId1673550502785
56	1674455083104	productCategoryProduct1674455083104
57	1675689306130	multiLocationSoftDelete1675689306130
58	1677234878504	productCategoryRank1677234878504
59	1678093365811	ensureRequiredQuantity1678093365811
60	1678093365812	lineItemAdjustmentsAmount1678093365812
61	1679950221063	categoryRemoveSoftDelete1679950221063
62	1679950645253	categoryCreateIndexes1679950645253
63	1679950645254	productDomainImprovedIndexes1679950645254
64	1679950645254	productSearchGinIndexes1679950645254
65	1680714052628	addSalesChannelMetadata1680714052628
66	1680857773272	addDescriptionToProductCategory1680857773272
67	1680857773272	lineItemTaxAdjustmentOnCascadeDelete1680857773272
68	1680857773273	addTableProductShippingProfile1680857773273
69	1680857773273	dropProductIdFkSalesChannels1680857773273
70	1680857773273	dropVariantIdFkMoneyAmount1680857773273
71	1685715079776	CreateOnboarding1685715079776
72	1686062614694	AddOnboardingProduct1686062614694
73	1690996567455	CorrectOnboardingFields1690996567455
74	1692870898423	UpdateReturnReasonIndex1692870898423
75	1692953518123	dropMoneyAmountConstraintsForPricingModule1692953518123
76	1699564794649	AddMetadataToProductCategory1699564794649
\.


--
-- Data for Name: money_amount; Type: TABLE DATA; Schema: public; Owner: postgres
--

COPY public.money_amount (id, currency_code, amount, region_id, created_at, updated_at, deleted_at, min_quantity, max_quantity, price_list_id) FROM stdin;
\.


--
-- Data for Name: note; Type: TABLE DATA; Schema: public; Owner: postgres
--

COPY public.note (id, value, resource_type, resource_id, author_id, created_at, updated_at, deleted_at, metadata) FROM stdin;
\.


--
-- Data for Name: notification; Type: TABLE DATA; Schema: public; Owner: postgres
--

COPY public.notification (id, event_name, resource_type, resource_id, customer_id, "to", data, parent_id, provider_id, created_at, updated_at) FROM stdin;
\.


--
-- Data for Name: notification_provider; Type: TABLE DATA; Schema: public; Owner: postgres
--

COPY public.notification_provider (id, is_installed) FROM stdin;
\.


--
-- Data for Name: oauth; Type: TABLE DATA; Schema: public; Owner: postgres
--

COPY public.oauth (id, display_name, application_name, install_url, uninstall_url, data) FROM stdin;
\.


--
-- Data for Name: onboarding_state; Type: TABLE DATA; Schema: public; Owner: postgres
--

COPY public.onboarding_state (id, created_at, updated_at, current_step, is_complete, product_id) FROM stdin;
onboarding_01HHJG63FXPQP8G8A895F31ES1	2023-12-13 21:09:05.371129+00	2023-12-13 21:09:05.371129+00	\N	f	\N
\.


--
-- Data for Name: order; Type: TABLE DATA; Schema: public; Owner: postgres
--

COPY public."order" (id, status, fulfillment_status, payment_status, display_id, cart_id, customer_id, email, billing_address_id, shipping_address_id, region_id, currency_code, tax_rate, canceled_at, created_at, updated_at, metadata, idempotency_key, draft_order_id, no_notification, external_id, sales_channel_id) FROM stdin;
\.


--
-- Data for Name: order_discounts; Type: TABLE DATA; Schema: public; Owner: postgres
--

COPY public.order_discounts (order_id, discount_id) FROM stdin;
\.


--
-- Data for Name: order_edit; Type: TABLE DATA; Schema: public; Owner: postgres
--

COPY public.order_edit (id, created_at, updated_at, order_id, internal_note, created_by, requested_by, requested_at, confirmed_by, confirmed_at, declined_by, declined_reason, declined_at, canceled_by, canceled_at, payment_collection_id) FROM stdin;
\.


--
-- Data for Name: order_gift_cards; Type: TABLE DATA; Schema: public; Owner: postgres
--

COPY public.order_gift_cards (order_id, gift_card_id) FROM stdin;
\.


--
-- Data for Name: order_item_change; Type: TABLE DATA; Schema: public; Owner: postgres
--

COPY public.order_item_change (id, created_at, updated_at, deleted_at, type, order_edit_id, original_line_item_id, line_item_id) FROM stdin;
\.


--
-- Data for Name: payment; Type: TABLE DATA; Schema: public; Owner: postgres
--

COPY public.payment (id, swap_id, cart_id, order_id, amount, currency_code, amount_refunded, provider_id, data, captured_at, canceled_at, created_at, updated_at, metadata, idempotency_key) FROM stdin;
\.


--
-- Data for Name: payment_collection; Type: TABLE DATA; Schema: public; Owner: postgres
--

COPY public.payment_collection (id, created_at, updated_at, deleted_at, type, status, description, amount, authorized_amount, region_id, currency_code, metadata, created_by) FROM stdin;
\.


--
-- Data for Name: payment_collection_payments; Type: TABLE DATA; Schema: public; Owner: postgres
--

COPY public.payment_collection_payments (payment_collection_id, payment_id) FROM stdin;
\.


--
-- Data for Name: payment_collection_sessions; Type: TABLE DATA; Schema: public; Owner: postgres
--

COPY public.payment_collection_sessions (payment_collection_id, payment_session_id) FROM stdin;
\.


--
-- Data for Name: payment_provider; Type: TABLE DATA; Schema: public; Owner: postgres
--

COPY public.payment_provider (id, is_installed) FROM stdin;
manual	t
\.


--
-- Data for Name: payment_session; Type: TABLE DATA; Schema: public; Owner: postgres
--

COPY public.payment_session (id, cart_id, provider_id, is_selected, status, data, created_at, updated_at, idempotency_key, payment_authorized_at, amount, is_initiated) FROM stdin;
\.


--
-- Data for Name: price_list; Type: TABLE DATA; Schema: public; Owner: postgres
--

COPY public.price_list (id, name, description, type, status, starts_at, ends_at, created_at, updated_at, deleted_at) FROM stdin;
\.


--
-- Data for Name: price_list_customer_groups; Type: TABLE DATA; Schema: public; Owner: postgres
--

COPY public.price_list_customer_groups (price_list_id, customer_group_id) FROM stdin;
\.


--
-- Data for Name: product; Type: TABLE DATA; Schema: public; Owner: postgres
--

COPY public.product (id, title, subtitle, description, handle, is_giftcard, thumbnail, weight, length, height, width, hs_code, origin_country, mid_code, material, created_at, updated_at, deleted_at, metadata, collection_id, type_id, discountable, status, external_id) FROM stdin;
\.


--
-- Data for Name: product_category; Type: TABLE DATA; Schema: public; Owner: postgres
--

COPY public.product_category (id, name, handle, parent_category_id, mpath, is_active, is_internal, created_at, updated_at, rank, description, metadata) FROM stdin;
\.


--
-- Data for Name: product_category_product; Type: TABLE DATA; Schema: public; Owner: postgres
--

COPY public.product_category_product (product_category_id, product_id) FROM stdin;
\.


--
-- Data for Name: product_collection; Type: TABLE DATA; Schema: public; Owner: postgres
--

COPY public.product_collection (id, title, handle, created_at, updated_at, deleted_at, metadata) FROM stdin;
\.


--
-- Data for Name: product_images; Type: TABLE DATA; Schema: public; Owner: postgres
--

COPY public.product_images (product_id, image_id) FROM stdin;
\.


--
-- Data for Name: product_option; Type: TABLE DATA; Schema: public; Owner: postgres
--

COPY public.product_option (id, title, created_at, updated_at, deleted_at, metadata, product_id) FROM stdin;
\.


--
-- Data for Name: product_option_value; Type: TABLE DATA; Schema: public; Owner: postgres
--

COPY public.product_option_value (id, value, option_id, variant_id, created_at, updated_at, deleted_at, metadata) FROM stdin;
\.


--
-- Data for Name: product_sales_channel; Type: TABLE DATA; Schema: public; Owner: postgres
--

COPY public.product_sales_channel (product_id, sales_channel_id) FROM stdin;
\.


--
-- Data for Name: product_shipping_profile; Type: TABLE DATA; Schema: public; Owner: postgres
--

COPY public.product_shipping_profile (profile_id, product_id) FROM stdin;
\.


--
-- Data for Name: product_tag; Type: TABLE DATA; Schema: public; Owner: postgres
--

COPY public.product_tag (id, value, created_at, updated_at, deleted_at, metadata) FROM stdin;
\.


--
-- Data for Name: product_tags; Type: TABLE DATA; Schema: public; Owner: postgres
--

COPY public.product_tags (product_id, product_tag_id) FROM stdin;
\.


--
-- Data for Name: product_tax_rate; Type: TABLE DATA; Schema: public; Owner: postgres
--

COPY public.product_tax_rate (product_id, rate_id, created_at, updated_at, metadata) FROM stdin;
\.


--
-- Data for Name: product_type; Type: TABLE DATA; Schema: public; Owner: postgres
--

COPY public.product_type (id, value, created_at, updated_at, deleted_at, metadata) FROM stdin;
\.


--
-- Data for Name: product_type_tax_rate; Type: TABLE DATA; Schema: public; Owner: postgres
--

COPY public.product_type_tax_rate (product_type_id, rate_id, created_at, updated_at, metadata) FROM stdin;
\.


--
-- Data for Name: product_variant; Type: TABLE DATA; Schema: public; Owner: postgres
--

COPY public.product_variant (id, title, product_id, sku, barcode, ean, upc, inventory_quantity, allow_backorder, manage_inventory, hs_code, origin_country, mid_code, material, weight, length, height, width, created_at, updated_at, deleted_at, metadata, variant_rank) FROM stdin;
\.


--
-- Data for Name: product_variant_inventory_item; Type: TABLE DATA; Schema: public; Owner: postgres
--

COPY public.product_variant_inventory_item (id, created_at, updated_at, inventory_item_id, variant_id, required_quantity, deleted_at) FROM stdin;
\.


--
-- Data for Name: product_variant_money_amount; Type: TABLE DATA; Schema: public; Owner: postgres
--

COPY public.product_variant_money_amount (id, money_amount_id, variant_id, deleted_at, created_at, updated_at) FROM stdin;
\.


--
-- Data for Name: publishable_api_key; Type: TABLE DATA; Schema: public; Owner: postgres
--

COPY public.publishable_api_key (id, created_at, updated_at, created_by, revoked_by, revoked_at, title) FROM stdin;
pk_01HHJG6FGY0DC85DJBX05V001P	2023-12-13 21:09:20.329239+00	2023-12-13 21:09:20.329239+00		\N	\N	Development
\.


--
-- Data for Name: publishable_api_key_sales_channel; Type: TABLE DATA; Schema: public; Owner: postgres
--

COPY public.publishable_api_key_sales_channel (sales_channel_id, publishable_key_id) FROM stdin;
sc_01HHJG697CYGDNQCH9H2JZ5RSV	pk_01HHJG6FGY0DC85DJBX05V001P
\.


--
-- Data for Name: refund; Type: TABLE DATA; Schema: public; Owner: postgres
--

COPY public.refund (id, order_id, amount, note, reason, created_at, updated_at, metadata, idempotency_key, payment_id) FROM stdin;
\.


--
-- Data for Name: region; Type: TABLE DATA; Schema: public; Owner: postgres
--

COPY public.region (id, name, currency_code, tax_rate, tax_code, created_at, updated_at, deleted_at, metadata, gift_cards_taxable, automatic_taxes, tax_provider_id) FROM stdin;
reg_01HHJG6FDG5ED488T47WDPV5QZ	EU	eur	0	\N	2023-12-13 21:09:20.329239+00	2023-12-13 21:09:20.329239+00	\N	\N	t	t	\N
reg_01HHJG6FEFX5VF64WN0WBX8KVR	NA	usd	0	\N	2023-12-13 21:09:20.329239+00	2023-12-13 21:09:20.329239+00	\N	\N	t	t	\N
\.


--
-- Data for Name: region_fulfillment_providers; Type: TABLE DATA; Schema: public; Owner: postgres
--

COPY public.region_fulfillment_providers (region_id, provider_id) FROM stdin;
reg_01HHJG6FDG5ED488T47WDPV5QZ	manual
reg_01HHJG6FEFX5VF64WN0WBX8KVR	manual
\.


--
-- Data for Name: region_payment_providers; Type: TABLE DATA; Schema: public; Owner: postgres
--

COPY public.region_payment_providers (region_id, provider_id) FROM stdin;
reg_01HHJG6FDG5ED488T47WDPV5QZ	manual
reg_01HHJG6FEFX5VF64WN0WBX8KVR	manual
\.


--
-- Data for Name: return; Type: TABLE DATA; Schema: public; Owner: postgres
--

COPY public.return (id, status, swap_id, order_id, shipping_data, refund_amount, received_at, created_at, updated_at, metadata, idempotency_key, claim_order_id, no_notification, location_id) FROM stdin;
\.


--
-- Data for Name: return_item; Type: TABLE DATA; Schema: public; Owner: postgres
--

COPY public.return_item (return_id, item_id, quantity, is_requested, requested_quantity, received_quantity, metadata, reason_id, note) FROM stdin;
\.


--
-- Data for Name: return_reason; Type: TABLE DATA; Schema: public; Owner: postgres
--

COPY public.return_reason (id, value, label, description, created_at, updated_at, deleted_at, metadata, parent_return_reason_id) FROM stdin;
\.


--
-- Data for Name: sales_channel; Type: TABLE DATA; Schema: public; Owner: postgres
--

COPY public.sales_channel (id, created_at, updated_at, deleted_at, name, description, is_disabled, metadata) FROM stdin;
sc_01HHJG697CYGDNQCH9H2JZ5RSV	2023-12-13 21:09:14.01993+00	2023-12-13 21:09:14.01993+00	\N	Default Sales Channel	Created by Medusa	f	\N
\.


--
-- Data for Name: sales_channel_location; Type: TABLE DATA; Schema: public; Owner: postgres
--

COPY public.sales_channel_location (id, created_at, updated_at, sales_channel_id, location_id, deleted_at) FROM stdin;
\.


--
-- Data for Name: shipping_method; Type: TABLE DATA; Schema: public; Owner: postgres
--

COPY public.shipping_method (id, shipping_option_id, order_id, cart_id, swap_id, return_id, price, data, claim_order_id) FROM stdin;
\.


--
-- Data for Name: shipping_method_tax_line; Type: TABLE DATA; Schema: public; Owner: postgres
--

COPY public.shipping_method_tax_line (id, rate, name, code, created_at, updated_at, metadata, shipping_method_id) FROM stdin;
\.


--
-- Data for Name: shipping_option; Type: TABLE DATA; Schema: public; Owner: postgres
--

COPY public.shipping_option (id, name, region_id, profile_id, provider_id, price_type, amount, is_return, data, created_at, updated_at, deleted_at, metadata, admin_only) FROM stdin;
so_01HHJG6FF0J0M62QA6SN50HZ5N	PostFake Standard	reg_01HHJG6FDG5ED488T47WDPV5QZ	sp_01HHJG696R14MTJWT7D9HYXRHH	manual	flat_rate	1000	f	{"id": "manual-fulfillment"}	2023-12-13 21:09:20.329239+00	2023-12-13 21:09:20.329239+00	\N	\N	f
so_01HHJG6FFA1JZ2JRBS75ZNK7MB	PostFake Express	reg_01HHJG6FDG5ED488T47WDPV5QZ	sp_01HHJG696R14MTJWT7D9HYXRHH	manual	flat_rate	1500	f	{"id": "manual-fulfillment"}	2023-12-13 21:09:20.329239+00	2023-12-13 21:09:20.329239+00	\N	\N	f
so_01HHJG6FFMW20J6JR1KTZ8R8YJ	PostFake Return	reg_01HHJG6FDG5ED488T47WDPV5QZ	sp_01HHJG696R14MTJWT7D9HYXRHH	manual	flat_rate	1000	t	{"id": "manual-fulfillment"}	2023-12-13 21:09:20.329239+00	2023-12-13 21:09:20.329239+00	\N	\N	f
so_01HHJG6FFVAM23H6FQK2X6MVN4	I want to return it myself	reg_01HHJG6FDG5ED488T47WDPV5QZ	sp_01HHJG696R14MTJWT7D9HYXRHH	manual	flat_rate	0	t	{"id": "manual-fulfillment"}	2023-12-13 21:09:20.329239+00	2023-12-13 21:09:20.329239+00	\N	\N	f
so_01HHJG6FG1K9D02342MK46NBAG	FakeEx Standard	reg_01HHJG6FEFX5VF64WN0WBX8KVR	sp_01HHJG696R14MTJWT7D9HYXRHH	manual	flat_rate	800	f	{"id": "manual-fulfillment"}	2023-12-13 21:09:20.329239+00	2023-12-13 21:09:20.329239+00	\N	\N	f
so_01HHJG6FG7CA02CVDXCFPSRNME	FakeEx Express	reg_01HHJG6FEFX5VF64WN0WBX8KVR	sp_01HHJG696R14MTJWT7D9HYXRHH	manual	flat_rate	1200	f	{"id": "manual-fulfillment"}	2023-12-13 21:09:20.329239+00	2023-12-13 21:09:20.329239+00	\N	\N	f
so_01HHJG6FGEAJTX1M7PSFKA36RH	FakeEx Return	reg_01HHJG6FEFX5VF64WN0WBX8KVR	sp_01HHJG696R14MTJWT7D9HYXRHH	manual	flat_rate	800	t	{"id": "manual-fulfillment"}	2023-12-13 21:09:20.329239+00	2023-12-13 21:09:20.329239+00	\N	\N	f
so_01HHJG6FGNXE4K3Y3NK7W47F4C	I want to return it myself	reg_01HHJG6FEFX5VF64WN0WBX8KVR	sp_01HHJG696R14MTJWT7D9HYXRHH	manual	flat_rate	0	t	{"id": "manual-fulfillment"}	2023-12-13 21:09:20.329239+00	2023-12-13 21:09:20.329239+00	\N	\N	f
\.


--
-- Data for Name: shipping_option_requirement; Type: TABLE DATA; Schema: public; Owner: postgres
--

COPY public.shipping_option_requirement (id, shipping_option_id, type, amount, deleted_at) FROM stdin;
\.


--
-- Data for Name: shipping_profile; Type: TABLE DATA; Schema: public; Owner: postgres
--

COPY public.shipping_profile (id, name, type, created_at, updated_at, deleted_at, metadata) FROM stdin;
sp_01HHJG696R14MTJWT7D9HYXRHH	Default Shipping Profile	default	2023-12-13 21:09:14.01993+00	2023-12-13 21:09:14.01993+00	\N	\N
sp_01HHJG696V0KMEDS4P6TYC3ZEJ	Gift Card Profile	gift_card	2023-12-13 21:09:14.01993+00	2023-12-13 21:09:14.01993+00	\N	\N
\.


--
-- Data for Name: shipping_tax_rate; Type: TABLE DATA; Schema: public; Owner: postgres
--

COPY public.shipping_tax_rate (shipping_option_id, rate_id, created_at, updated_at, metadata) FROM stdin;
\.


--
-- Data for Name: staged_job; Type: TABLE DATA; Schema: public; Owner: postgres
--

COPY public.staged_job (id, event_name, data, options) FROM stdin;
\.


--
-- Data for Name: store; Type: TABLE DATA; Schema: public; Owner: postgres
--

COPY public.store (id, name, default_currency_code, swap_link_template, created_at, updated_at, metadata, payment_link_template, invite_link_template, default_sales_channel_id, default_location_id) FROM stdin;
store_01HHJG695SPGTKJDQ5KVESA6VQ	Medusa Store	usd	\N	2023-12-13 21:09:14.01993+00	2023-12-13 21:09:14.01993+00	\N	\N	\N	sc_01HHJG697CYGDNQCH9H2JZ5RSV	\N
\.


--
-- Data for Name: store_currencies; Type: TABLE DATA; Schema: public; Owner: postgres
--

COPY public.store_currencies (store_id, currency_code) FROM stdin;
store_01HHJG695SPGTKJDQ5KVESA6VQ	usd
store_01HHJG695SPGTKJDQ5KVESA6VQ	eur
\.


--
-- Data for Name: swap; Type: TABLE DATA; Schema: public; Owner: postgres
--

COPY public.swap (id, fulfillment_status, payment_status, order_id, difference_due, shipping_address_id, cart_id, confirmed_at, created_at, updated_at, deleted_at, metadata, idempotency_key, no_notification, canceled_at, allow_backorder) FROM stdin;
\.


--
-- Data for Name: tax_provider; Type: TABLE DATA; Schema: public; Owner: postgres
--

COPY public.tax_provider (id, is_installed) FROM stdin;
\.


--
-- Data for Name: tax_rate; Type: TABLE DATA; Schema: public; Owner: postgres
--

COPY public.tax_rate (id, rate, code, name, region_id, created_at, updated_at, metadata) FROM stdin;
\.


--
-- Data for Name: tracking_link; Type: TABLE DATA; Schema: public; Owner: postgres
--

COPY public.tracking_link (id, url, tracking_number, fulfillment_id, created_at, updated_at, deleted_at, metadata, idempotency_key) FROM stdin;
\.


--
-- Data for Name: user; Type: TABLE DATA; Schema: public; Owner: postgres
--

COPY public."user" (id, email, first_name, last_name, password_hash, api_token, created_at, updated_at, deleted_at, metadata, role) FROM stdin;
\.


--
-- Name: country_id_seq; Type: SEQUENCE SET; Schema: public; Owner: postgres
--

SELECT pg_catalog.setval('public.country_id_seq', 250, true);


--
-- Name: draft_order_display_id_seq; Type: SEQUENCE SET; Schema: public; Owner: postgres
--

SELECT pg_catalog.setval('public.draft_order_display_id_seq', 1, false);


--
-- Name: migrations_id_seq; Type: SEQUENCE SET; Schema: public; Owner: postgres
--

SELECT pg_catalog.setval('public.migrations_id_seq', 76, true);


--
-- Name: order_display_id_seq; Type: SEQUENCE SET; Schema: public; Owner: postgres
--

SELECT pg_catalog.setval('public.order_display_id_seq', 1, false);


--
-- Name: payment_session OneSelected; Type: CONSTRAINT; Schema: public; Owner: postgres
--

ALTER TABLE ONLY public.payment_session
    ADD CONSTRAINT "OneSelected" UNIQUE (cart_id, is_selected);


--
-- Name: money_amount PK_022e49a7e21a8dfb820f788778a; Type: CONSTRAINT; Schema: public; Owner: postgres
--

ALTER TABLE ONLY public.money_amount
    ADD CONSTRAINT "PK_022e49a7e21a8dfb820f788778a" PRIMARY KEY (id);


--
-- Name: notification_provider PK_0425c2423e2ce9fdfd5c23761d9; Type: CONSTRAINT; Schema: public; Owner: postgres
--

ALTER TABLE ONLY public.notification_provider
    ADD CONSTRAINT "PK_0425c2423e2ce9fdfd5c23761d9" PRIMARY KEY (id);


--
-- Name: store_currencies PK_0f2bff3bccc785c320a4df836de; Type: CONSTRAINT; Schema: public; Owner: postgres
--

ALTER TABLE ONLY public.store_currencies
    ADD CONSTRAINT "PK_0f2bff3bccc785c320a4df836de" PRIMARY KEY (store_id, currency_code);


--
-- Name: order PK_1031171c13130102495201e3e20; Type: CONSTRAINT; Schema: public; Owner: postgres
--

ALTER TABLE ONLY public."order"
    ADD CONSTRAINT "PK_1031171c13130102495201e3e20" PRIMARY KEY (id);


--
-- Name: cart_discounts PK_10bd412c9071ccc0cf555afd9bb; Type: CONSTRAINT; Schema: public; Owner: postgres
--

ALTER TABLE ONLY public.cart_discounts
    ADD CONSTRAINT "PK_10bd412c9071ccc0cf555afd9bb" PRIMARY KEY (cart_id, discount_id);


--
-- Name: product_images PK_10de97980da2e939c4c0e8423f2; Type: CONSTRAINT; Schema: public; Owner: postgres
--

ALTER TABLE ONLY public.product_images
    ADD CONSTRAINT "PK_10de97980da2e939c4c0e8423f2" PRIMARY KEY (product_id, image_id);


--
-- Name: product_tag PK_1439455c6528caa94fcc8564fda; Type: CONSTRAINT; Schema: public; Owner: postgres
--

ALTER TABLE ONLY public.product_tag
    ADD CONSTRAINT "PK_1439455c6528caa94fcc8564fda" PRIMARY KEY (id);


--
-- Name: discount_regions PK_15974566a8b6e04a7c754e85b75; Type: CONSTRAINT; Schema: public; Owner: postgres
--

ALTER TABLE ONLY public.discount_regions
    ADD CONSTRAINT "PK_15974566a8b6e04a7c754e85b75" PRIMARY KEY (discount_id, region_id);


--
-- Name: product_variant PK_1ab69c9935c61f7c70791ae0a9f; Type: CONSTRAINT; Schema: public; Owner: postgres
--

ALTER TABLE ONLY public.product_variant
    ADD CONSTRAINT "PK_1ab69c9935c61f7c70791ae0a9f" PRIMARY KEY (id);


--
-- Name: price_list_customer_groups PK_1afcbe15cc8782dc80c05707df9; Type: CONSTRAINT; Schema: public; Owner: postgres
--

ALTER TABLE ONLY public.price_list_customer_groups
    ADD CONSTRAINT "PK_1afcbe15cc8782dc80c05707df9" PRIMARY KEY (price_list_id, customer_group_id);


--
-- Name: product_tags PK_1cf5c9537e7198df494b71b993f; Type: CONSTRAINT; Schema: public; Owner: postgres
--

ALTER TABLE ONLY public.product_tags
    ADD CONSTRAINT "PK_1cf5c9537e7198df494b71b993f" PRIMARY KEY (product_id, product_tag_id);


--
-- Name: idempotency_key PK_213f125e14469be304f9ff1d452; Type: CONSTRAINT; Schema: public; Owner: postgres
--

ALTER TABLE ONLY public.idempotency_key
    ADD CONSTRAINT "PK_213f125e14469be304f9ff1d452" PRIMARY KEY (id);


--
-- Name: cart_gift_cards PK_2389be82bf0ef3635e2014c9ef1; Type: CONSTRAINT; Schema: public; Owner: postgres
--

ALTER TABLE ONLY public.cart_gift_cards
    ADD CONSTRAINT "PK_2389be82bf0ef3635e2014c9ef1" PRIMARY KEY (cart_id, gift_card_id);


--
-- Name: tax_rate PK_23b71b53f650c0b39e99ccef4fd; Type: CONSTRAINT; Schema: public; Owner: postgres
--

ALTER TABLE ONLY public.tax_rate
    ADD CONSTRAINT "PK_23b71b53f650c0b39e99ccef4fd" PRIMARY KEY (id);


--
-- Name: product_option_value PK_2ab71ed3b21be5800905c621535; Type: CONSTRAINT; Schema: public; Owner: postgres
--

ALTER TABLE ONLY public.product_option_value
    ADD CONSTRAINT "PK_2ab71ed3b21be5800905c621535" PRIMARY KEY (id);


--
-- Name: line_item_adjustment PK_2b1360103753df2dc8257c2c8c3; Type: CONSTRAINT; Schema: public; Owner: postgres
--

ALTER TABLE ONLY public.line_item_adjustment
    ADD CONSTRAINT "PK_2b1360103753df2dc8257c2c8c3" PRIMARY KEY (id);


--
-- Name: shipping_option PK_2e56fddaa65f3a26d402e5d786e; Type: CONSTRAINT; Schema: public; Owner: postgres
--

ALTER TABLE ONLY public.shipping_option
    ADD CONSTRAINT "PK_2e56fddaa65f3a26d402e5d786e" PRIMARY KEY (id);


--
-- Name: product_tax_rate PK_326257ce468df46cd5c8c5922e9; Type: CONSTRAINT; Schema: public; Owner: postgres
--

ALTER TABLE ONLY public.product_tax_rate
    ADD CONSTRAINT "PK_326257ce468df46cd5c8c5922e9" PRIMARY KEY (product_id, rate_id);


--
-- Name: discount_rule_products PK_351c8c92f5d27283c445cd022ee; Type: CONSTRAINT; Schema: public; Owner: postgres
--

ALTER TABLE ONLY public.discount_rule_products
    ADD CONSTRAINT "PK_351c8c92f5d27283c445cd022ee" PRIMARY KEY (discount_rule_id, product_id);


--
-- Name: discount_condition_product_type PK_35d538a5a24399d0df978df12ed; Type: CONSTRAINT; Schema: public; Owner: postgres
--

ALTER TABLE ONLY public.discount_condition_product_type
    ADD CONSTRAINT "PK_35d538a5a24399d0df978df12ed" PRIMARY KEY (product_type_id, condition_id);


--
-- Name: return_item PK_46409dc1dd5f38509b9000c3069; Type: CONSTRAINT; Schema: public; Owner: postgres
--

ALTER TABLE ONLY public.return_item
    ADD CONSTRAINT "PK_46409dc1dd5f38509b9000c3069" PRIMARY KEY (return_id, item_id);


--
-- Name: order_gift_cards PK_49a8ec66a6625d7c2e3526e05b4; Type: CONSTRAINT; Schema: public; Owner: postgres
--

ALTER TABLE ONLY public.order_gift_cards
    ADD CONSTRAINT "PK_49a8ec66a6625d7c2e3526e05b4" PRIMARY KEY (order_id, gift_card_id);


--
-- Name: product_collection PK_49d419fc77d3aed46c835c558ac; Type: CONSTRAINT; Schema: public; Owner: postgres
--

ALTER TABLE ONLY public.product_collection
    ADD CONSTRAINT "PK_49d419fc77d3aed46c835c558ac" PRIMARY KEY (id);


--
-- Name: line_item_tax_line PK_4a0f4322fcd5ce4af85727f89a8; Type: CONSTRAINT; Schema: public; Owner: postgres
--

ALTER TABLE ONLY public.line_item_tax_line
    ADD CONSTRAINT "PK_4a0f4322fcd5ce4af85727f89a8" PRIMARY KEY (id);


--
-- Name: swap PK_4a10d0f359339acef77e7f986d9; Type: CONSTRAINT; Schema: public; Owner: postgres
--

ALTER TABLE ONLY public.swap
    ADD CONSTRAINT "PK_4a10d0f359339acef77e7f986d9" PRIMARY KEY (id);


--
-- Name: product_option PK_4cf3c467e9bc764bdd32c4cd938; Type: CONSTRAINT; Schema: public; Owner: postgres
--

ALTER TABLE ONLY public.product_option
    ADD CONSTRAINT "PK_4cf3c467e9bc764bdd32c4cd938" PRIMARY KEY (id);


--
-- Name: fulfillment PK_50c102da132afffae660585981f; Type: CONSTRAINT; Schema: public; Owner: postgres
--

ALTER TABLE ONLY public.fulfillment
    ADD CONSTRAINT "PK_50c102da132afffae660585981f" PRIMARY KEY (id);


--
-- Name: price_list PK_52ea7826468b1c889cb2c28df03; Type: CONSTRAINT; Schema: public; Owner: postgres
--

ALTER TABLE ONLY public.price_list
    ADD CONSTRAINT "PK_52ea7826468b1c889cb2c28df03" PRIMARY KEY (id);


--
-- Name: claim_item_tags PK_54ab8ce0f7e99167068188fbd81; Type: CONSTRAINT; Schema: public; Owner: postgres
--

ALTER TABLE ONLY public.claim_item_tags
    ADD CONSTRAINT "PK_54ab8ce0f7e99167068188fbd81" PRIMARY KEY (item_id, tag_id);


--
-- Name: shipping_method_tax_line PK_54c94f5908aacbd51cf0a73edb1; Type: CONSTRAINT; Schema: public; Owner: postgres
--

ALTER TABLE ONLY public.shipping_method_tax_line
    ADD CONSTRAINT "PK_54c94f5908aacbd51cf0a73edb1" PRIMARY KEY (id);


--
-- Name: claim_item PK_5679662039bc4c7c6bc7fa1be2d; Type: CONSTRAINT; Schema: public; Owner: postgres
--

ALTER TABLE ONLY public.claim_item
    ADD CONSTRAINT "PK_5679662039bc4c7c6bc7fa1be2d" PRIMARY KEY (id);


--
-- Name: order_edit PK_58ab6acf2e84b4e827f5f846f7a; Type: CONSTRAINT; Schema: public; Owner: postgres
--

ALTER TABLE ONLY public.order_edit
    ADD CONSTRAINT "PK_58ab6acf2e84b4e827f5f846f7a" PRIMARY KEY (id);


--
-- Name: region_fulfillment_providers PK_5b7d928a1fb50d6803868cfab3a; Type: CONSTRAINT; Schema: public; Owner: postgres
--

ALTER TABLE ONLY public.region_fulfillment_providers
    ADD CONSTRAINT "PK_5b7d928a1fb50d6803868cfab3a" PRIMARY KEY (region_id, provider_id);


--
-- Name: region PK_5f48ffc3af96bc486f5f3f3a6da; Type: CONSTRAINT; Schema: public; Owner: postgres
--

ALTER TABLE ONLY public.region
    ADD CONSTRAINT "PK_5f48ffc3af96bc486f5f3f3a6da" PRIMARY KEY (id);


--
-- Name: publishable_api_key_sales_channel PK_68eaeb14bdac8954460054c567c; Type: CONSTRAINT; Schema: public; Owner: postgres
--

ALTER TABLE ONLY public.publishable_api_key_sales_channel
    ADD CONSTRAINT "PK_68eaeb14bdac8954460054c567c" PRIMARY KEY (sales_channel_id, publishable_key_id);


--
-- Name: notification PK_705b6c7cdf9b2c2ff7ac7872cb7; Type: CONSTRAINT; Schema: public; Owner: postgres
--

ALTER TABLE ONLY public.notification
    ADD CONSTRAINT "PK_705b6c7cdf9b2c2ff7ac7872cb7" PRIMARY KEY (id);


--
-- Name: currency PK_723472e41cae44beb0763f4039c; Type: CONSTRAINT; Schema: public; Owner: postgres
--

ALTER TABLE ONLY public.currency
    ADD CONSTRAINT "PK_723472e41cae44beb0763f4039c" PRIMARY KEY (code);


--
-- Name: claim_tag PK_7761180541142a5926501018d34; Type: CONSTRAINT; Schema: public; Owner: postgres
--

ALTER TABLE ONLY public.claim_tag
    ADD CONSTRAINT "PK_7761180541142a5926501018d34" PRIMARY KEY (id);


--
-- Name: claim_image PK_7c49e44bfe8840ca7d917890101; Type: CONSTRAINT; Schema: public; Owner: postgres
--

ALTER TABLE ONLY public.claim_image
    ADD CONSTRAINT "PK_7c49e44bfe8840ca7d917890101" PRIMARY KEY (id);


--
-- Name: customer_group PK_88e7da3ff7262d9e0a35aa3664e; Type: CONSTRAINT; Schema: public; Owner: postgres
--

ALTER TABLE ONLY public.customer_group
    ADD CONSTRAINT "PK_88e7da3ff7262d9e0a35aa3664e" PRIMARY KEY (id);


--
-- Name: onboarding_state PK_891b72628471aada55d7b8c9410; Type: CONSTRAINT; Schema: public; Owner: postgres
--

ALTER TABLE ONLY public.onboarding_state
    ADD CONSTRAINT "PK_891b72628471aada55d7b8c9410" PRIMARY KEY (id);


--
-- Name: claim_order PK_8981f5595a4424021466aa4c7a4; Type: CONSTRAINT; Schema: public; Owner: postgres
--

ALTER TABLE ONLY public.claim_order
    ADD CONSTRAINT "PK_8981f5595a4424021466aa4c7a4" PRIMARY KEY (id);


--
-- Name: migrations PK_8c82d7f526340ab734260ea46be; Type: CONSTRAINT; Schema: public; Owner: postgres
--

ALTER TABLE ONLY public.migrations
    ADD CONSTRAINT "PK_8c82d7f526340ab734260ea46be" PRIMARY KEY (id);


--
-- Name: custom_shipping_option PK_8dfcb5c1172c29eec4a728420cc; Type: CONSTRAINT; Schema: public; Owner: postgres
--

ALTER TABLE ONLY public.custom_shipping_option
    ADD CONSTRAINT "PK_8dfcb5c1172c29eec4a728420cc" PRIMARY KEY (id);


--
-- Name: analytics_config PK_93505647c5d7cb479becb810b0f; Type: CONSTRAINT; Schema: public; Owner: postgres
--

ALTER TABLE ONLY public.analytics_config
    ADD CONSTRAINT "PK_93505647c5d7cb479becb810b0f" PRIMARY KEY (id);


--
-- Name: return_reason PK_95fd1172973165790903e65660a; Type: CONSTRAINT; Schema: public; Owner: postgres
--

ALTER TABLE ONLY public.return_reason
    ADD CONSTRAINT "PK_95fd1172973165790903e65660a" PRIMARY KEY (id);


--
-- Name: note PK_96d0c172a4fba276b1bbed43058; Type: CONSTRAINT; Schema: public; Owner: postgres
--

ALTER TABLE ONLY public.note
    ADD CONSTRAINT "PK_96d0c172a4fba276b1bbed43058" PRIMARY KEY (id);


--
-- Name: discount_condition_product PK_994eb4529fdbf14450d64ec17e8; Type: CONSTRAINT; Schema: public; Owner: postgres
--

ALTER TABLE ONLY public.discount_condition_product
    ADD CONSTRAINT "PK_994eb4529fdbf14450d64ec17e8" PRIMARY KEY (product_id, condition_id);


--
-- Name: product_variant_inventory_item PK_9a1188b8d36f4d198303b4f7efa; Type: CONSTRAINT; Schema: public; Owner: postgres
--

ALTER TABLE ONLY public.product_variant_inventory_item
    ADD CONSTRAINT "PK_9a1188b8d36f4d198303b4f7efa" PRIMARY KEY (id);


--
-- Name: staged_job PK_9a28fb48c46c5509faf43ac8c8d; Type: CONSTRAINT; Schema: public; Owner: postgres
--

ALTER TABLE ONLY public.staged_job
    ADD CONSTRAINT "PK_9a28fb48c46c5509faf43ac8c8d" PRIMARY KEY (id);


--
-- Name: publishable_api_key PK_9e613278673a87de92c606b4494; Type: CONSTRAINT; Schema: public; Owner: postgres
--

ALTER TABLE ONLY public.publishable_api_key
    ADD CONSTRAINT "PK_9e613278673a87de92c606b4494" PRIMARY KEY (id);


--
-- Name: region_payment_providers PK_9fa1e69914d3dd752de6b1da407; Type: CONSTRAINT; Schema: public; Owner: postgres
--

ALTER TABLE ONLY public.region_payment_providers
    ADD CONSTRAINT "PK_9fa1e69914d3dd752de6b1da407" PRIMARY KEY (region_id, provider_id);


--
-- Name: shipping_option_requirement PK_a0ff15442606d9f783602cb23a7; Type: CONSTRAINT; Schema: public; Owner: postgres
--

ALTER TABLE ONLY public.shipping_option_requirement
    ADD CONSTRAINT "PK_a0ff15442606d9f783602cb23a7" PRIMARY KEY (id);


--
-- Name: payment_session PK_a1a91b20f7f3b1e5afb5485cbcd; Type: CONSTRAINT; Schema: public; Owner: postgres
--

ALTER TABLE ONLY public.payment_session
    ADD CONSTRAINT "PK_a1a91b20f7f3b1e5afb5485cbcd" PRIMARY KEY (id);


--
-- Name: order_discounts PK_a7418714ffceebc125bf6d8fcfe; Type: CONSTRAINT; Schema: public; Owner: postgres
--

ALTER TABLE ONLY public.order_discounts
    ADD CONSTRAINT "PK_a7418714ffceebc125bf6d8fcfe" PRIMARY KEY (order_id, discount_id);


--
-- Name: customer PK_a7a13f4cacb744524e44dfdad32; Type: CONSTRAINT; Schema: public; Owner: postgres
--

ALTER TABLE ONLY public.customer
    ADD CONSTRAINT "PK_a7a13f4cacb744524e44dfdad32" PRIMARY KEY (id);


--
-- Name: discount_condition_product_tag PK_a95382c1e62205b121aa058682b; Type: CONSTRAINT; Schema: public; Owner: postgres
--

ALTER TABLE ONLY public.discount_condition_product_tag
    ADD CONSTRAINT "PK_a95382c1e62205b121aa058682b" PRIMARY KEY (product_tag_id, condition_id);


--
-- Name: oauth PK_a957b894e50eb16b969c0640a8d; Type: CONSTRAINT; Schema: public; Owner: postgres
--

ALTER TABLE ONLY public.oauth
    ADD CONSTRAINT "PK_a957b894e50eb16b969c0640a8d" PRIMARY KEY (id);


--
-- Name: discount_rule PK_ac2c280de3701b2d66f6817f760; Type: CONSTRAINT; Schema: public; Owner: postgres
--

ALTER TABLE ONLY public.discount_rule
    ADD CONSTRAINT "PK_ac2c280de3701b2d66f6817f760" PRIMARY KEY (id);


--
-- Name: gift_card PK_af4e338d2d41035042843ad641f; Type: CONSTRAINT; Schema: public; Owner: postgres
--

ALTER TABLE ONLY public.gift_card
    ADD CONSTRAINT "PK_af4e338d2d41035042843ad641f" PRIMARY KEY (id);


--
-- Name: sales_channel_location PK_afd2c2c52634bc8280a9c9ee533; Type: CONSTRAINT; Schema: public; Owner: postgres
--

ALTER TABLE ONLY public.sales_channel_location
    ADD CONSTRAINT "PK_afd2c2c52634bc8280a9c9ee533" PRIMARY KEY (id);


--
-- Name: tax_provider PK_b198bf82ba6a317c11763d99b99; Type: CONSTRAINT; Schema: public; Owner: postgres
--

ALTER TABLE ONLY public.tax_provider
    ADD CONSTRAINT "PK_b198bf82ba6a317c11763d99b99" PRIMARY KEY (id);


--
-- Name: discount_condition_product_collection PK_b3508fc787aa4a38705866cbb6d; Type: CONSTRAINT; Schema: public; Owner: postgres
--

ALTER TABLE ONLY public.discount_condition_product_collection
    ADD CONSTRAINT "PK_b3508fc787aa4a38705866cbb6d" PRIMARY KEY (product_collection_id, condition_id);


--
-- Name: shipping_method PK_b9b0adfad3c6b99229c1e7d4865; Type: CONSTRAINT; Schema: public; Owner: postgres
--

ALTER TABLE ONLY public.shipping_method
    ADD CONSTRAINT "PK_b9b0adfad3c6b99229c1e7d4865" PRIMARY KEY (id);


--
-- Name: fulfillment_item PK_bc3e8a388de75db146a249922e0; Type: CONSTRAINT; Schema: public; Owner: postgres
--

ALTER TABLE ONLY public.fulfillment_item
    ADD CONSTRAINT "PK_bc3e8a388de75db146a249922e0" PRIMARY KEY (fulfillment_id, item_id);


--
-- Name: shipping_tax_rate PK_bcd93b14d7e2695365d383f5eae; Type: CONSTRAINT; Schema: public; Owner: postgres
--

ALTER TABLE ONLY public.shipping_tax_rate
    ADD CONSTRAINT "PK_bcd93b14d7e2695365d383f5eae" PRIMARY KEY (shipping_option_id, rate_id);


--
-- Name: fulfillment_provider PK_beb35a6de60a6c4f91d5ae57e44; Type: CONSTRAINT; Schema: public; Owner: postgres
--

ALTER TABLE ONLY public.fulfillment_provider
    ADD CONSTRAINT "PK_beb35a6de60a6c4f91d5ae57e44" PRIMARY KEY (id);


--
-- Name: product PK_bebc9158e480b949565b4dc7a82; Type: CONSTRAINT; Schema: public; Owner: postgres
--

ALTER TABLE ONLY public.product
    ADD CONSTRAINT "PK_bebc9158e480b949565b4dc7a82" PRIMARY KEY (id);


--
-- Name: country PK_bf6e37c231c4f4ea56dcd887269; Type: CONSTRAINT; Schema: public; Owner: postgres
--

ALTER TABLE ONLY public.country
    ADD CONSTRAINT "PK_bf6e37c231c4f4ea56dcd887269" PRIMARY KEY (id);


--
-- Name: cart PK_c524ec48751b9b5bcfbf6e59be7; Type: CONSTRAINT; Schema: public; Owner: postgres
--

ALTER TABLE ONLY public.cart
    ADD CONSTRAINT "PK_c524ec48751b9b5bcfbf6e59be7" PRIMARY KEY (id);


--
-- Name: shipping_profile PK_c8120e4543a5a3a121f2968a1ec; Type: CONSTRAINT; Schema: public; Owner: postgres
--

ALTER TABLE ONLY public.shipping_profile
    ADD CONSTRAINT "PK_c8120e4543a5a3a121f2968a1ec" PRIMARY KEY (id);


--
-- Name: return PK_c8ad68d13e76d75d803b5aeebc4; Type: CONSTRAINT; Schema: public; Owner: postgres
--

ALTER TABLE ONLY public.return
    ADD CONSTRAINT "PK_c8ad68d13e76d75d803b5aeebc4" PRIMARY KEY (id);


--
-- Name: user PK_cace4a159ff9f2512dd42373760; Type: CONSTRAINT; Schema: public; Owner: postgres
--

ALTER TABLE ONLY public."user"
    ADD CONSTRAINT "PK_cace4a159ff9f2512dd42373760" PRIMARY KEY (id);


--
-- Name: line_item PK_cce6b13e67fa506d1d9618ac68b; Type: CONSTRAINT; Schema: public; Owner: postgres
--

ALTER TABLE ONLY public.line_item
    ADD CONSTRAINT "PK_cce6b13e67fa506d1d9618ac68b" PRIMARY KEY (id);


--
-- Name: discount_condition_customer_group PK_cdc8b2277169a16b8b7d4c73e0e; Type: CONSTRAINT; Schema: public; Owner: postgres
--

ALTER TABLE ONLY public.discount_condition_customer_group
    ADD CONSTRAINT "PK_cdc8b2277169a16b8b7d4c73e0e" PRIMARY KEY (customer_group_id, condition_id);


--
-- Name: gift_card_transaction PK_cfb5b4ba5447a507aef87d73fe7; Type: CONSTRAINT; Schema: public; Owner: postgres
--

ALTER TABLE ONLY public.gift_card_transaction
    ADD CONSTRAINT "PK_cfb5b4ba5447a507aef87d73fe7" PRIMARY KEY (id);


--
-- Name: discount PK_d05d8712e429673e459e7f1cddb; Type: CONSTRAINT; Schema: public; Owner: postgres
--

ALTER TABLE ONLY public.discount
    ADD CONSTRAINT "PK_d05d8712e429673e459e7f1cddb" PRIMARY KEY (id);


--
-- Name: sales_channel PK_d1eb0b923ea5a0eb1e0916191f1; Type: CONSTRAINT; Schema: public; Owner: postgres
--

ALTER TABLE ONLY public.sales_channel
    ADD CONSTRAINT "PK_d1eb0b923ea5a0eb1e0916191f1" PRIMARY KEY (id);


--
-- Name: image PK_d6db1ab4ee9ad9dbe86c64e4cc3; Type: CONSTRAINT; Schema: public; Owner: postgres
--

ALTER TABLE ONLY public.image
    ADD CONSTRAINT "PK_d6db1ab4ee9ad9dbe86c64e4cc3" PRIMARY KEY (id);


--
-- Name: order_item_change PK_d6eb138f77ffdee83567b85af0c; Type: CONSTRAINT; Schema: public; Owner: postgres
--

ALTER TABLE ONLY public.order_item_change
    ADD CONSTRAINT "PK_d6eb138f77ffdee83567b85af0c" PRIMARY KEY (id);


--
-- Name: address PK_d92de1f82754668b5f5f5dd4fd5; Type: CONSTRAINT; Schema: public; Owner: postgres
--

ALTER TABLE ONLY public.address
    ADD CONSTRAINT "PK_d92de1f82754668b5f5f5dd4fd5" PRIMARY KEY (id);


--
-- Name: product_type_tax_rate PK_ddc9242de1d99bc7674969289f0; Type: CONSTRAINT; Schema: public; Owner: postgres
--

ALTER TABLE ONLY public.product_type_tax_rate
    ADD CONSTRAINT "PK_ddc9242de1d99bc7674969289f0" PRIMARY KEY (product_type_id, rate_id);


--
-- Name: product_type PK_e0843930fbb8854fe36ca39dae1; Type: CONSTRAINT; Schema: public; Owner: postgres
--

ALTER TABLE ONLY public.product_type
    ADD CONSTRAINT "PK_e0843930fbb8854fe36ca39dae1" PRIMARY KEY (id);


--
-- Name: customer_group_customers PK_e28a55e34ad1e2d3df9a0ac86d3; Type: CONSTRAINT; Schema: public; Owner: postgres
--

ALTER TABLE ONLY public.customer_group_customers
    ADD CONSTRAINT "PK_e28a55e34ad1e2d3df9a0ac86d3" PRIMARY KEY (customer_group_id, customer_id);


--
-- Name: batch_job PK_e57f84d485145d5be96bc6d871e; Type: CONSTRAINT; Schema: public; Owner: postgres
--

ALTER TABLE ONLY public.batch_job
    ADD CONSTRAINT "PK_e57f84d485145d5be96bc6d871e" PRIMARY KEY (id);


--
-- Name: discount_condition PK_e6b81d83133ddc21a2baf2e2204; Type: CONSTRAINT; Schema: public; Owner: postgres
--

ALTER TABLE ONLY public.discount_condition
    ADD CONSTRAINT "PK_e6b81d83133ddc21a2baf2e2204" PRIMARY KEY (id);


--
-- Name: payment_provider PK_ea94f42b6c88e9191c3649d7522; Type: CONSTRAINT; Schema: public; Owner: postgres
--

ALTER TABLE ONLY public.payment_provider
    ADD CONSTRAINT "PK_ea94f42b6c88e9191c3649d7522" PRIMARY KEY (id);


--
-- Name: refund PK_f1cefa2e60d99b206c46c1116e5; Type: CONSTRAINT; Schema: public; Owner: postgres
--

ALTER TABLE ONLY public.refund
    ADD CONSTRAINT "PK_f1cefa2e60d99b206c46c1116e5" PRIMARY KEY (id);


--
-- Name: store PK_f3172007d4de5ae8e7692759d79; Type: CONSTRAINT; Schema: public; Owner: postgres
--

ALTER TABLE ONLY public.store
    ADD CONSTRAINT "PK_f3172007d4de5ae8e7692759d79" PRIMARY KEY (id);


--
-- Name: draft_order PK_f478946c183d98f8d88a94cfcd7; Type: CONSTRAINT; Schema: public; Owner: postgres
--

ALTER TABLE ONLY public.draft_order
    ADD CONSTRAINT "PK_f478946c183d98f8d88a94cfcd7" PRIMARY KEY (id);


--
-- Name: invite PK_fc9fa190e5a3c5d80604a4f63e1; Type: CONSTRAINT; Schema: public; Owner: postgres
--

ALTER TABLE ONLY public.invite
    ADD CONSTRAINT "PK_fc9fa190e5a3c5d80604a4f63e1" PRIMARY KEY (id);


--
-- Name: payment PK_fcaec7df5adf9cac408c686b2ab; Type: CONSTRAINT; Schema: public; Owner: postgres
--

ALTER TABLE ONLY public.payment
    ADD CONSTRAINT "PK_fcaec7df5adf9cac408c686b2ab" PRIMARY KEY (id);


--
-- Name: tracking_link PK_fcfd77feb9012ec2126d7c0bfb6; Type: CONSTRAINT; Schema: public; Owner: postgres
--

ALTER TABLE ONLY public.tracking_link
    ADD CONSTRAINT "PK_fcfd77feb9012ec2126d7c0bfb6" PRIMARY KEY (id);


--
-- Name: product_sales_channel PK_fd29b6a8bd641052628dee19583; Type: CONSTRAINT; Schema: public; Owner: postgres
--

ALTER TABLE ONLY public.product_sales_channel
    ADD CONSTRAINT "PK_fd29b6a8bd641052628dee19583" PRIMARY KEY (product_id, sales_channel_id);


--
-- Name: payment_collection PK_payment_collection_id; Type: CONSTRAINT; Schema: public; Owner: postgres
--

ALTER TABLE ONLY public.payment_collection
    ADD CONSTRAINT "PK_payment_collection_id" PRIMARY KEY (id);


--
-- Name: payment_collection_payments PK_payment_collection_payments; Type: CONSTRAINT; Schema: public; Owner: postgres
--

ALTER TABLE ONLY public.payment_collection_payments
    ADD CONSTRAINT "PK_payment_collection_payments" PRIMARY KEY (payment_collection_id, payment_id);


--
-- Name: payment_collection_sessions PK_payment_collection_sessions; Type: CONSTRAINT; Schema: public; Owner: postgres
--

ALTER TABLE ONLY public.payment_collection_sessions
    ADD CONSTRAINT "PK_payment_collection_sessions" PRIMARY KEY (payment_collection_id, payment_session_id);


--
-- Name: product_variant_money_amount PK_product_variant_money_amount; Type: CONSTRAINT; Schema: public; Owner: postgres
--

ALTER TABLE ONLY public.product_variant_money_amount
    ADD CONSTRAINT "PK_product_variant_money_amount" PRIMARY KEY (id);


--
-- Name: product_category PK_qgguwbn1cwstxk93efl0px9oqwt; Type: CONSTRAINT; Schema: public; Owner: postgres
--

ALTER TABLE ONLY public.product_category
    ADD CONSTRAINT "PK_qgguwbn1cwstxk93efl0px9oqwt" PRIMARY KEY (id);


--
-- Name: shipping_method REL_1d9ad62038998c3a85c77a53cf; Type: CONSTRAINT; Schema: public; Owner: postgres
--

ALTER TABLE ONLY public.shipping_method
    ADD CONSTRAINT "REL_1d9ad62038998c3a85c77a53cf" UNIQUE (return_id);


--
-- Name: swap REL_402e8182bc553e082f6380020b; Type: CONSTRAINT; Schema: public; Owner: postgres
--

ALTER TABLE ONLY public.swap
    ADD CONSTRAINT "REL_402e8182bc553e082f6380020b" UNIQUE (cart_id);


--
-- Name: draft_order REL_5bd11d0e2a9628128e2c26fd0a; Type: CONSTRAINT; Schema: public; Owner: postgres
--

ALTER TABLE ONLY public.draft_order
    ADD CONSTRAINT "REL_5bd11d0e2a9628128e2c26fd0a" UNIQUE (cart_id);


--
-- Name: order_item_change REL_5f9688929761f7df108b630e64; Type: CONSTRAINT; Schema: public; Owner: postgres
--

ALTER TABLE ONLY public.order_item_change
    ADD CONSTRAINT "REL_5f9688929761f7df108b630e64" UNIQUE (line_item_id);


--
-- Name: customer REL_8abe81b9aac151ae60bf507ad1; Type: CONSTRAINT; Schema: public; Owner: postgres
--

ALTER TABLE ONLY public.customer
    ADD CONSTRAINT "REL_8abe81b9aac151ae60bf507ad1" UNIQUE (billing_address_id);


--
-- Name: draft_order REL_8f6dd6c49202f1466ebf21e77d; Type: CONSTRAINT; Schema: public; Owner: postgres
--

ALTER TABLE ONLY public.draft_order
    ADD CONSTRAINT "REL_8f6dd6c49202f1466ebf21e77d" UNIQUE (order_id);


--
-- Name: cart REL_9d1a161434c610aae7c3df2dc7; Type: CONSTRAINT; Schema: public; Owner: postgres
--

ALTER TABLE ONLY public.cart
    ADD CONSTRAINT "REL_9d1a161434c610aae7c3df2dc7" UNIQUE (payment_id);


--
-- Name: return REL_bad82d7bff2b08b87094bfac3d; Type: CONSTRAINT; Schema: public; Owner: postgres
--

ALTER TABLE ONLY public.return
    ADD CONSTRAINT "REL_bad82d7bff2b08b87094bfac3d" UNIQUE (swap_id);


--
-- Name: payment REL_c17aff091441b7c25ec3d68d36; Type: CONSTRAINT; Schema: public; Owner: postgres
--

ALTER TABLE ONLY public.payment
    ADD CONSTRAINT "REL_c17aff091441b7c25ec3d68d36" UNIQUE (swap_id);


--
-- Name: order REL_c99a206eb11ad45f6b7f04f2dc; Type: CONSTRAINT; Schema: public; Owner: postgres
--

ALTER TABLE ONLY public."order"
    ADD CONSTRAINT "REL_c99a206eb11ad45f6b7f04f2dc" UNIQUE (cart_id);


--
-- Name: custom_shipping_option UQ_0f838b122a9a01d921aa1cdb669; Type: CONSTRAINT; Schema: public; Owner: postgres
--

ALTER TABLE ONLY public.custom_shipping_option
    ADD CONSTRAINT "UQ_0f838b122a9a01d921aa1cdb669" UNIQUE (shipping_option_id, cart_id);


--
-- Name: line_item_tax_line UQ_3c2af51043ed7243e7d9775a2ad; Type: CONSTRAINT; Schema: public; Owner: postgres
--

ALTER TABLE ONLY public.line_item_tax_line
    ADD CONSTRAINT "UQ_3c2af51043ed7243e7d9775a2ad" UNIQUE (item_id, code);


--
-- Name: order_item_change UQ_5b7a99181e4db2ea821be0b6196; Type: CONSTRAINT; Schema: public; Owner: postgres
--

ALTER TABLE ONLY public.order_item_change
    ADD CONSTRAINT "UQ_5b7a99181e4db2ea821be0b6196" UNIQUE (order_edit_id, original_line_item_id);


--
-- Name: store UQ_61b0f48cccbb5f41c750bac7286; Type: CONSTRAINT; Schema: public; Owner: postgres
--

ALTER TABLE ONLY public.store
    ADD CONSTRAINT "UQ_61b0f48cccbb5f41c750bac7286" UNIQUE (default_sales_channel_id);


--
-- Name: return UQ_71773d56eb2bacb922bc3283398; Type: CONSTRAINT; Schema: public; Owner: postgres
--

ALTER TABLE ONLY public.return
    ADD CONSTRAINT "UQ_71773d56eb2bacb922bc3283398" UNIQUE (claim_order_id);


--
-- Name: order UQ_727b872f86c7378474a8fa46147; Type: CONSTRAINT; Schema: public; Owner: postgres
--

ALTER TABLE ONLY public."order"
    ADD CONSTRAINT "UQ_727b872f86c7378474a8fa46147" UNIQUE (draft_order_id);


--
-- Name: product_variant_inventory_item UQ_c9be7c1b11a1a729eb51d1b6bca; Type: CONSTRAINT; Schema: public; Owner: postgres
--

ALTER TABLE ONLY public.product_variant_inventory_item
    ADD CONSTRAINT "UQ_c9be7c1b11a1a729eb51d1b6bca" UNIQUE (variant_id, inventory_item_id);


--
-- Name: shipping_method_tax_line UQ_cd147fca71e50bc954139fa3104; Type: CONSTRAINT; Schema: public; Owner: postgres
--

ALTER TABLE ONLY public.shipping_method_tax_line
    ADD CONSTRAINT "UQ_cd147fca71e50bc954139fa3104" UNIQUE (shipping_method_id, code);


--
-- Name: order_item_change UQ_da93cee3ca0dd50a5246268c2e9; Type: CONSTRAINT; Schema: public; Owner: postgres
--

ALTER TABLE ONLY public.order_item_change
    ADD CONSTRAINT "UQ_da93cee3ca0dd50a5246268c2e9" UNIQUE (order_edit_id, line_item_id);


--
-- Name: customer UQ_unique_email_for_guests_and_customer_accounts; Type: CONSTRAINT; Schema: public; Owner: postgres
--

ALTER TABLE ONLY public.customer
    ADD CONSTRAINT "UQ_unique_email_for_guests_and_customer_accounts" UNIQUE (email, has_account);


--
-- Name: discount_condition dctypeuniq; Type: CONSTRAINT; Schema: public; Owner: postgres
--

ALTER TABLE ONLY public.discount_condition
    ADD CONSTRAINT dctypeuniq UNIQUE (type, operator, discount_rule_id);


--
-- Name: gift_card_transaction gcuniq; Type: CONSTRAINT; Schema: public; Owner: postgres
--

ALTER TABLE ONLY public.gift_card_transaction
    ADD CONSTRAINT gcuniq UNIQUE (gift_card_id, order_id);


--
-- Name: IDX_012a62ba743e427b5ebe9dee18; Type: INDEX; Schema: public; Owner: postgres
--

CREATE INDEX "IDX_012a62ba743e427b5ebe9dee18" ON public.shipping_option_requirement USING btree (shipping_option_id);


--
-- Name: IDX_01486cc9dc6b36bf658685535f; Type: INDEX; Schema: public; Owner: postgres
--

CREATE INDEX "IDX_01486cc9dc6b36bf658685535f" ON public.discount_condition_product_tag USING btree (product_tag_id);


--
-- Name: IDX_017d58bf8260c6e1a2588d258e; Type: INDEX; Schema: public; Owner: postgres
--

CREATE INDEX "IDX_017d58bf8260c6e1a2588d258e" ON public.claim_order USING btree (shipping_address_id);


--
-- Name: IDX_045d4a149c09f4704e0bc08dd4; Type: INDEX; Schema: public; Owner: postgres
--

CREATE UNIQUE INDEX "IDX_045d4a149c09f4704e0bc08dd4" ON public.product_variant USING btree (barcode) WHERE (deleted_at IS NULL);


--
-- Name: IDX_0fb38b6d167793192bc126d835; Type: INDEX; Schema: public; Owner: postgres
--

CREATE INDEX "IDX_0fb38b6d167793192bc126d835" ON public.cart_gift_cards USING btree (gift_card_id);


--
-- Name: IDX_0fc1ec4e3db9001ad60c19daf1; Type: INDEX; Schema: public; Owner: postgres
--

CREATE INDEX "IDX_0fc1ec4e3db9001ad60c19daf1" ON public.order_discounts USING btree (discount_id);


--
-- Name: IDX_118e3c48f09a7728f41023c94e; Type: INDEX; Schema: public; Owner: postgres
--

CREATE INDEX "IDX_118e3c48f09a7728f41023c94e" ON public.line_item USING btree (claim_order_id);


--
-- Name: IDX_19b0c6293443d1b464f604c331; Type: INDEX; Schema: public; Owner: postgres
--

CREATE INDEX "IDX_19b0c6293443d1b464f604c331" ON public."order" USING btree (shipping_address_id);


--
-- Name: IDX_1d04aebeabb6a89f87e536a124; Type: INDEX; Schema: public; Owner: postgres
--

CREATE INDEX "IDX_1d04aebeabb6a89f87e536a124" ON public.product_tax_rate USING btree (product_id);


--
-- Name: IDX_1d9ad62038998c3a85c77a53cf; Type: INDEX; Schema: public; Owner: postgres
--

CREATE INDEX "IDX_1d9ad62038998c3a85c77a53cf" ON public.shipping_method USING btree (return_id);


--
-- Name: IDX_21683a063fe82dafdf681ecc9c; Type: INDEX; Schema: public; Owner: postgres
--

CREATE INDEX "IDX_21683a063fe82dafdf681ecc9c" ON public.product_tags USING btree (product_tag_id);


--
-- Name: IDX_21cbfedd83d736d86f4c6f4ce5; Type: INDEX; Schema: public; Owner: postgres
--

CREATE INDEX "IDX_21cbfedd83d736d86f4c6f4ce5" ON public.claim_image USING btree (claim_item_id);


--
-- Name: IDX_2212515ba306c79f42c46a99db; Type: INDEX; Schema: public; Owner: postgres
--

CREATE INDEX "IDX_2212515ba306c79f42c46a99db" ON public.product_images USING btree (image_id);


--
-- Name: IDX_242205c81c1152fab1b6e84847; Type: INDEX; Schema: public; Owner: postgres
--

CREATE INDEX "IDX_242205c81c1152fab1b6e84847" ON public.cart USING btree (customer_id);


--
-- Name: IDX_2484cf14c437a04586b07e7ddd; Type: INDEX; Schema: public; Owner: postgres
--

CREATE INDEX "IDX_2484cf14c437a04586b07e7ddd" ON public.product_tax_rate USING btree (rate_id);


--
-- Name: IDX_25a3138bb236f63d9bb6c8ff11; Type: INDEX; Schema: public; Owner: postgres
--

CREATE INDEX "IDX_25a3138bb236f63d9bb6c8ff11" ON public.product_type_tax_rate USING btree (product_type_id);


--
-- Name: IDX_27283ee631862266d0f1c68064; Type: INDEX; Schema: public; Owner: postgres
--

CREATE INDEX "IDX_27283ee631862266d0f1c68064" ON public.line_item USING btree (cart_id);


--
-- Name: IDX_2ca8cfbdafb998ecfd6d340389; Type: INDEX; Schema: public; Owner: postgres
--

CREATE UNIQUE INDEX "IDX_2ca8cfbdafb998ecfd6d340389" ON public.product_variant USING btree (sku) WHERE (deleted_at IS NULL);


--
-- Name: IDX_2f41b20a71f30e60471d7e3769; Type: INDEX; Schema: public; Owner: postgres
--

CREATE INDEX "IDX_2f41b20a71f30e60471d7e3769" ON public.line_item_adjustment USING btree (discount_id);


--
-- Name: IDX_3287f98befad26c3a7dab088cf; Type: INDEX; Schema: public; Owner: postgres
--

CREATE INDEX "IDX_3287f98befad26c3a7dab088cf" ON public.note USING btree (resource_id);


--
-- Name: IDX_346e0016cf045b998074774764; Type: INDEX; Schema: public; Owner: postgres
--

CREATE INDEX "IDX_346e0016cf045b998074774764" ON public.shipping_tax_rate USING btree (rate_id);


--
-- Name: IDX_37341bad297fe5cca91f921032; Type: INDEX; Schema: public; Owner: postgres
--

CREATE INDEX "IDX_37341bad297fe5cca91f921032" ON public.product_sales_channel USING btree (sales_channel_id);


--
-- Name: IDX_379ca70338ce9991f3affdeedf; Type: INDEX; Schema: public; Owner: postgres
--

CREATE UNIQUE INDEX "IDX_379ca70338ce9991f3affdeedf" ON public.analytics_config USING btree (id, user_id) WHERE (deleted_at IS NULL);


--
-- Name: IDX_37f361c38a18d12a3fa3158d0c; Type: INDEX; Schema: public; Owner: postgres
--

CREATE INDEX "IDX_37f361c38a18d12a3fa3158d0c" ON public.region_fulfillment_providers USING btree (provider_id);


--
-- Name: IDX_3a6947180aeec283cd92c59ebb; Type: INDEX; Schema: public; Owner: postgres
--

CREATE INDEX "IDX_3a6947180aeec283cd92c59ebb" ON public.region_payment_providers USING btree (provider_id);


--
-- Name: IDX_3c6412d076292f439269abe1a2; Type: INDEX; Schema: public; Owner: postgres
--

CREATE INDEX "IDX_3c6412d076292f439269abe1a2" ON public.customer_group_customers USING btree (customer_id);


--
-- Name: IDX_3fa354d8d1233ff81097b2fcb6; Type: INDEX; Schema: public; Owner: postgres
--

CREATE INDEX "IDX_3fa354d8d1233ff81097b2fcb6" ON public.line_item USING btree (swap_id);


--
-- Name: IDX_43a2b24495fe1d9fc2a9c835bc; Type: INDEX; Schema: public; Owner: postgres
--

CREATE INDEX "IDX_43a2b24495fe1d9fc2a9c835bc" ON public.line_item USING btree (order_id);


--
-- Name: IDX_44090cb11b06174cbcc667e91c; Type: INDEX; Schema: public; Owner: postgres
--

CREATE INDEX "IDX_44090cb11b06174cbcc667e91c" ON public.custom_shipping_option USING btree (shipping_option_id);


--
-- Name: IDX_4665f17abc1e81dd58330e5854; Type: INDEX; Schema: public; Owner: postgres
--

CREATE INDEX "IDX_4665f17abc1e81dd58330e5854" ON public.payment USING btree (cart_id);


--
-- Name: IDX_484c329f4783be4e18e5e2ff09; Type: INDEX; Schema: public; Owner: postgres
--

CREATE INDEX "IDX_484c329f4783be4e18e5e2ff09" ON public.cart USING btree (region_id);


--
-- Name: IDX_4d5f98645a67545d8dea42e2eb; Type: INDEX; Schema: public; Owner: postgres
--

CREATE INDEX "IDX_4d5f98645a67545d8dea42e2eb" ON public.discount_condition_customer_group USING btree (customer_group_id);


--
-- Name: IDX_4e0739e5f0244c08d41174ca08; Type: INDEX; Schema: public; Owner: postgres
--

CREATE INDEX "IDX_4e0739e5f0244c08d41174ca08" ON public.discount_rule_products USING btree (discount_rule_id);


--
-- Name: IDX_4f166bb8c2bfcef2498d97b406; Type: INDEX; Schema: public; Owner: postgres
--

CREATE INDEX "IDX_4f166bb8c2bfcef2498d97b406" ON public.product_images USING btree (product_id);


--
-- Name: IDX_5077fa54b0d037e984385dfe8a; Type: INDEX; Schema: public; Owner: postgres
--

CREATE INDEX "IDX_5077fa54b0d037e984385dfe8a" ON public.line_item_tax_line USING btree (item_id);


--
-- Name: IDX_5267705a43d547e232535b656c; Type: INDEX; Schema: public; Owner: postgres
--

CREATE INDEX "IDX_5267705a43d547e232535b656c" ON public.shipping_method USING btree (order_id);


--
-- Name: IDX_52875734e9dd69064f0041f4d9; Type: INDEX; Schema: public; Owner: postgres
--

CREATE INDEX "IDX_52875734e9dd69064f0041f4d9" ON public.price_list_customer_groups USING btree (price_list_id);


--
-- Name: IDX_52dd74e8c989aa5665ad2852b8; Type: INDEX; Schema: public; Owner: postgres
--

CREATE INDEX "IDX_52dd74e8c989aa5665ad2852b8" ON public.swap USING btree (order_id);


--
-- Name: IDX_5371cbaa3be5200f373d24e3d5; Type: INDEX; Schema: public; Owner: postgres
--

CREATE INDEX "IDX_5371cbaa3be5200f373d24e3d5" ON public.line_item USING btree (variant_id);


--
-- Name: IDX_53cb5605fa42e82b4d47b47bda; Type: INDEX; Schema: public; Owner: postgres
--

CREATE UNIQUE INDEX "IDX_53cb5605fa42e82b4d47b47bda" ON public.gift_card USING btree (code);


--
-- Name: IDX_5568d3b9ce9f7abeeb37511ecf; Type: INDEX; Schema: public; Owner: postgres
--

CREATE INDEX "IDX_5568d3b9ce9f7abeeb37511ecf" ON public."order" USING btree (billing_address_id);


--
-- Name: IDX_579e01fb94f4f58db480857e05; Type: INDEX; Schema: public; Owner: postgres
--

CREATE INDEX "IDX_579e01fb94f4f58db480857e05" ON public."order" USING btree (display_id);


--
-- Name: IDX_5a4d5e1e60f97633547821ec8d; Type: INDEX; Schema: public; Owner: postgres
--

CREATE INDEX "IDX_5a4d5e1e60f97633547821ec8d" ON public.product_sales_channel USING btree (product_id);


--
-- Name: IDX_5b0c6fc53c574299ecc7f9ee22; Type: INDEX; Schema: public; Owner: postgres
--

CREATE INDEX "IDX_5b0c6fc53c574299ecc7f9ee22" ON public.product_tags USING btree (product_id);


--
-- Name: IDX_5bd11d0e2a9628128e2c26fd0a; Type: INDEX; Schema: public; Owner: postgres
--

CREATE INDEX "IDX_5bd11d0e2a9628128e2c26fd0a" ON public.draft_order USING btree (cart_id);


--
-- Name: IDX_5c58105f1752fca0f4ce69f466; Type: INDEX; Schema: public; Owner: postgres
--

CREATE INDEX "IDX_5c58105f1752fca0f4ce69f466" ON public.shipping_option USING btree (region_id);


--
-- Name: IDX_620330964db8d2999e67b0dbe3; Type: INDEX; Schema: public; Owner: postgres
--

CREATE INDEX "IDX_620330964db8d2999e67b0dbe3" ON public.customer_group_customers USING btree (customer_group_id);


--
-- Name: IDX_64980511ca32c8e92b417644af; Type: INDEX; Schema: public; Owner: postgres
--

CREATE INDEX "IDX_64980511ca32c8e92b417644af" ON public.claim_item USING btree (variant_id);


--
-- Name: IDX_6680319ebe1f46d18f106191d5; Type: INDEX; Schema: public; Owner: postgres
--

CREATE INDEX "IDX_6680319ebe1f46d18f106191d5" ON public.cart_discounts USING btree (cart_id);


--
-- Name: IDX_6b0ce4b4bcfd24491510bf19d1; Type: INDEX; Schema: public; Owner: postgres
--

CREATE UNIQUE INDEX "IDX_6b0ce4b4bcfd24491510bf19d1" ON public.invite USING btree (user_email);


--
-- Name: IDX_6b9c66b5e36f7c827dfaa092f9; Type: INDEX; Schema: public; Owner: postgres
--

CREATE INDEX "IDX_6b9c66b5e36f7c827dfaa092f9" ON public.cart USING btree (billing_address_id);


--
-- Name: IDX_6e0cad0daef76bb642675910b9; Type: INDEX; Schema: public; Owner: postgres
--

CREATE INDEX "IDX_6e0cad0daef76bb642675910b9" ON public.claim_item USING btree (item_id);


--
-- Name: IDX_6ef23ce0b1d9cf9b5b833e52b9; Type: INDEX; Schema: public; Owner: postgres
--

CREATE INDEX "IDX_6ef23ce0b1d9cf9b5b833e52b9" ON public.discount_condition_product_type USING btree (condition_id);


--
-- Name: IDX_6f234f058bbbea810dce1d04d0; Type: INDEX; Schema: public; Owner: postgres
--

CREATE UNIQUE INDEX "IDX_6f234f058bbbea810dce1d04d0" ON public.product_collection USING btree (handle) WHERE (deleted_at IS NULL);


--
-- Name: IDX_71773d56eb2bacb922bc328339; Type: INDEX; Schema: public; Owner: postgres
--

CREATE INDEX "IDX_71773d56eb2bacb922bc328339" ON public.return USING btree (claim_order_id);


--
-- Name: IDX_82a6bbb0b527c20a0002ddcbd6; Type: INDEX; Schema: public; Owner: postgres
--

CREATE INDEX "IDX_82a6bbb0b527c20a0002ddcbd6" ON public.store_currencies USING btree (currency_code);


--
-- Name: IDX_8486ee16e69013c645d0b8716b; Type: INDEX; Schema: public; Owner: postgres
--

CREATE INDEX "IDX_8486ee16e69013c645d0b8716b" ON public.discount_condition_customer_group USING btree (condition_id);


--
-- Name: IDX_8aaa78ba90d3802edac317df86; Type: INDEX; Schema: public; Owner: postgres
--

CREATE INDEX "IDX_8aaa78ba90d3802edac317df86" ON public.region_payment_providers USING btree (region_id);


--
-- Name: IDX_8abe81b9aac151ae60bf507ad1; Type: INDEX; Schema: public; Owner: postgres
--

CREATE INDEX "IDX_8abe81b9aac151ae60bf507ad1" ON public.customer USING btree (billing_address_id);


--
-- Name: IDX_8df75ef4f35f217768dc113545; Type: INDEX; Schema: public; Owner: postgres
--

CREATE INDEX "IDX_8df75ef4f35f217768dc113545" ON public.cart_discounts USING btree (discount_id);


--
-- Name: IDX_8f6dd6c49202f1466ebf21e77d; Type: INDEX; Schema: public; Owner: postgres
--

CREATE INDEX "IDX_8f6dd6c49202f1466ebf21e77d" ON public.draft_order USING btree (order_id);


--
-- Name: IDX_900a9c3834257304396b2b0fe7; Type: INDEX; Schema: public; Owner: postgres
--

CREATE INDEX "IDX_900a9c3834257304396b2b0fe7" ON public.claim_item USING btree (claim_order_id);


--
-- Name: IDX_926ca9f29014af8091722dede0; Type: INDEX; Schema: public; Owner: postgres
--

CREATE INDEX "IDX_926ca9f29014af8091722dede0" ON public.shipping_method_tax_line USING btree (shipping_method_id);


--
-- Name: IDX_93caeb1bb70d37c1d36d6701a7; Type: INDEX; Schema: public; Owner: postgres
--

CREATE INDEX "IDX_93caeb1bb70d37c1d36d6701a7" ON public.custom_shipping_option USING btree (cart_id);


--
-- Name: IDX_9c9614b2f9d01665800ea8dbff; Type: INDEX; Schema: public; Owner: postgres
--

CREATE INDEX "IDX_9c9614b2f9d01665800ea8dbff" ON public.address USING btree (customer_id);


--
-- Name: IDX_9d1a161434c610aae7c3df2dc7; Type: INDEX; Schema: public; Owner: postgres
--

CREATE INDEX "IDX_9d1a161434c610aae7c3df2dc7" ON public.cart USING btree (payment_id);


--
-- Name: IDX_a0b05dc4257abe639cb75f8eae; Type: INDEX; Schema: public; Owner: postgres
--

CREATE INDEX "IDX_a0b05dc4257abe639cb75f8eae" ON public.discount_condition_product_collection USING btree (product_collection_id);


--
-- Name: IDX_a0e206bfaed3cb63c186091734; Type: INDEX; Schema: public; Owner: postgres
--

CREATE INDEX "IDX_a0e206bfaed3cb63c186091734" ON public.shipping_option USING btree (provider_id);


--
-- Name: IDX_a1c4f9cfb599ad1f0db39cadd5; Type: INDEX; Schema: public; Owner: postgres
--

CREATE INDEX "IDX_a1c4f9cfb599ad1f0db39cadd5" ON public.discount_condition_product_collection USING btree (condition_id);


--
-- Name: IDX_a21a7ffbe420d492eb46c305fe; Type: INDEX; Schema: public; Owner: postgres
--

CREATE INDEX "IDX_a21a7ffbe420d492eb46c305fe" ON public.discount_regions USING btree (region_id);


--
-- Name: IDX_a421bf4588d0004a9b0c0fe84f; Type: INDEX; Schema: public; Owner: postgres
--

CREATE UNIQUE INDEX "IDX_a421bf4588d0004a9b0c0fe84f" ON public.idempotency_key USING btree (idempotency_key);


--
-- Name: IDX_a52e234f729db789cf473297a5; Type: INDEX; Schema: public; Owner: postgres
--

CREATE INDEX "IDX_a52e234f729db789cf473297a5" ON public.fulfillment USING btree (swap_id);


--
-- Name: IDX_aa16f61348be02dd07ce3fc54e; Type: INDEX; Schema: public; Owner: postgres
--

CREATE UNIQUE INDEX "IDX_aa16f61348be02dd07ce3fc54e" ON public.product_variant USING btree (upc) WHERE (deleted_at IS NULL);


--
-- Name: IDX_aac4855eadda71aa1e4b6d7684; Type: INDEX; Schema: public; Owner: postgres
--

CREATE INDEX "IDX_aac4855eadda71aa1e4b6d7684" ON public.payment USING btree (cart_id) WHERE (canceled_at IS NOT NULL);


--
-- Name: IDX_ac2c280de3701b2d66f6817f76; Type: INDEX; Schema: public; Owner: postgres
--

CREATE INDEX "IDX_ac2c280de3701b2d66f6817f76" ON public.discount USING btree (rule_id);


--
-- Name: IDX_b1aac8314662fa6b25569a575b; Type: INDEX; Schema: public; Owner: postgres
--

CREATE INDEX "IDX_b1aac8314662fa6b25569a575b" ON public.country USING btree (region_id);


--
-- Name: IDX_b4f4b63d1736689b7008980394; Type: INDEX; Schema: public; Owner: postgres
--

CREATE INDEX "IDX_b4f4b63d1736689b7008980394" ON public.store_currencies USING btree (store_id);


--
-- Name: IDX_b5b6225539ee8501082fbc0714; Type: INDEX; Schema: public; Owner: postgres
--

CREATE UNIQUE INDEX "IDX_b5b6225539ee8501082fbc0714" ON public.product_variant USING btree (ean) WHERE (deleted_at IS NULL);


--
-- Name: IDX_b5df0f53a74b9d0c0a2b652c88; Type: INDEX; Schema: public; Owner: postgres
--

CREATE INDEX "IDX_b5df0f53a74b9d0c0a2b652c88" ON public.notification USING btree (customer_id);


--
-- Name: IDX_b6bcf8c3903097b84e85154eed; Type: INDEX; Schema: public; Owner: postgres
--

CREATE INDEX "IDX_b6bcf8c3903097b84e85154eed" ON public.gift_card USING btree (region_id);


--
-- Name: IDX_ba8de19442d86957a3aa3b5006; Type: INDEX; Schema: public; Owner: postgres
--

CREATE UNIQUE INDEX "IDX_ba8de19442d86957a3aa3b5006" ON public."user" USING btree (email) WHERE (deleted_at IS NULL);


--
-- Name: IDX_bad82d7bff2b08b87094bfac3d; Type: INDEX; Schema: public; Owner: postgres
--

CREATE INDEX "IDX_bad82d7bff2b08b87094bfac3d" ON public.return USING btree (swap_id);


--
-- Name: IDX_be66106a673b88a81c603abe7e; Type: INDEX; Schema: public; Owner: postgres
--

CREATE INDEX "IDX_be66106a673b88a81c603abe7e" ON public.discount_rule_products USING btree (product_id);


--
-- Name: IDX_be9aea2ccf3567007b6227da4d; Type: INDEX; Schema: public; Owner: postgres
--

CREATE INDEX "IDX_be9aea2ccf3567007b6227da4d" ON public.line_item_adjustment USING btree (item_id);


--
-- Name: IDX_beb35a6de60a6c4f91d5ae57e4; Type: INDEX; Schema: public; Owner: postgres
--

CREATE INDEX "IDX_beb35a6de60a6c4f91d5ae57e4" ON public.fulfillment USING btree (provider_id);


--
-- Name: IDX_bf701b88d2041392a288785ada; Type: INDEX; Schema: public; Owner: postgres
--

CREATE UNIQUE INDEX "IDX_bf701b88d2041392a288785ada" ON public.line_item_adjustment USING btree (discount_id, item_id) WHERE (discount_id IS NOT NULL);


--
-- Name: IDX_c17aff091441b7c25ec3d68d36; Type: INDEX; Schema: public; Owner: postgres
--

CREATE INDEX "IDX_c17aff091441b7c25ec3d68d36" ON public.payment USING btree (swap_id);


--
-- Name: IDX_c2c0f3edf39515bd15432afe6e; Type: INDEX; Schema: public; Owner: postgres
--

CREATE INDEX "IDX_c2c0f3edf39515bd15432afe6e" ON public.claim_item_tags USING btree (item_id);


--
-- Name: IDX_c49c061b1a686843c5d673506f; Type: INDEX; Schema: public; Owner: postgres
--

CREATE UNIQUE INDEX "IDX_c49c061b1a686843c5d673506f" ON public.oauth USING btree (application_name);


--
-- Name: IDX_c4c3a5225a7a1f0af782c40abc; Type: INDEX; Schema: public; Owner: postgres
--

CREATE UNIQUE INDEX "IDX_c4c3a5225a7a1f0af782c40abc" ON public.customer_group USING btree (name) WHERE (deleted_at IS NULL);


--
-- Name: IDX_c5516f550433c9b1c2630d787a; Type: INDEX; Schema: public; Owner: postgres
--

CREATE INDEX "IDX_c5516f550433c9b1c2630d787a" ON public.price_list_customer_groups USING btree (customer_group_id);


--
-- Name: IDX_c556e14eff4d6f03db593df955; Type: INDEX; Schema: public; Owner: postgres
--

CREATE INDEX "IDX_c556e14eff4d6f03db593df955" ON public.region_fulfillment_providers USING btree (region_id);


--
-- Name: IDX_c759f53b2e48e8cfb50638fe4e; Type: INDEX; Schema: public; Owner: postgres
--

CREATE INDEX "IDX_c759f53b2e48e8cfb50638fe4e" ON public.discount_condition_product USING btree (product_id);


--
-- Name: IDX_c951439af4c98bf2bd7fb8726c; Type: INDEX; Schema: public; Owner: postgres
--

CREATE INDEX "IDX_c951439af4c98bf2bd7fb8726c" ON public.shipping_option USING btree (profile_id);


--
-- Name: IDX_c99a206eb11ad45f6b7f04f2dc; Type: INDEX; Schema: public; Owner: postgres
--

CREATE INDEX "IDX_c99a206eb11ad45f6b7f04f2dc" ON public."order" USING btree (cart_id);


--
-- Name: IDX_ca67dd080aac5ecf99609960cd; Type: INDEX; Schema: public; Owner: postgres
--

CREATE INDEX "IDX_ca67dd080aac5ecf99609960cd" ON public.product_variant USING btree (product_id);


--
-- Name: IDX_cd7812c96209c5bdd48a6b858b; Type: INDEX; Schema: public; Owner: postgres
--

CREATE INDEX "IDX_cd7812c96209c5bdd48a6b858b" ON public."order" USING btree (customer_id);


--
-- Name: IDX_ced15a9a695d2b5db9dabce763; Type: INDEX; Schema: public; Owner: postgres
--

CREATE INDEX "IDX_ced15a9a695d2b5db9dabce763" ON public.cart USING btree (shipping_address_id);


--
-- Name: IDX_cf9cc6c3f2e6414b992223fff1; Type: INDEX; Schema: public; Owner: postgres
--

CREATE UNIQUE INDEX "IDX_cf9cc6c3f2e6414b992223fff1" ON public.product USING btree (handle) WHERE (deleted_at IS NULL);


--
-- Name: IDX_d18ad72f2fb7c87f075825b6f8; Type: INDEX; Schema: public; Owner: postgres
--

CREATE INDEX "IDX_d18ad72f2fb7c87f075825b6f8" ON public.payment_session USING btree (provider_id);


--
-- Name: IDX_d25ba0787e1510ddc5d442ebcf; Type: INDEX; Schema: public; Owner: postgres
--

CREATE INDEX "IDX_d25ba0787e1510ddc5d442ebcf" ON public.payment_session USING btree (cart_id);


--
-- Name: IDX_d38047a90f3d42f0be7909e8ae; Type: INDEX; Schema: public; Owner: postgres
--

CREATE INDEX "IDX_d38047a90f3d42f0be7909e8ae" ON public.cart_gift_cards USING btree (cart_id);


--
-- Name: IDX_d4bd17f918fc6c332b74a368c3; Type: INDEX; Schema: public; Owner: postgres
--

CREATE INDEX "IDX_d4bd17f918fc6c332b74a368c3" ON public.return USING btree (order_id);


--
-- Name: IDX_d73e55964e0ff2db8f03807d52; Type: INDEX; Schema: public; Owner: postgres
--

CREATE INDEX "IDX_d73e55964e0ff2db8f03807d52" ON public.fulfillment USING btree (claim_order_id);


--
-- Name: IDX_d783a66d1c91c0858752c933e6; Type: INDEX; Schema: public; Owner: postgres
--

CREATE INDEX "IDX_d783a66d1c91c0858752c933e6" ON public.shipping_method USING btree (claim_order_id);


--
-- Name: IDX_d7d441b81012f87d4265fa57d2; Type: INDEX; Schema: public; Owner: postgres
--

CREATE INDEX "IDX_d7d441b81012f87d4265fa57d2" ON public.gift_card_transaction USING btree (order_id);


--
-- Name: IDX_d92993a7d554d84571f4eea1d1; Type: INDEX; Schema: public; Owner: postgres
--

CREATE INDEX "IDX_d92993a7d554d84571f4eea1d1" ON public.shipping_method USING btree (cart_id);


--
-- Name: IDX_dc9bbf9fcb9ba458d25d512811; Type: INDEX; Schema: public; Owner: postgres
--

CREATE INDEX "IDX_dc9bbf9fcb9ba458d25d512811" ON public.claim_item_tags USING btree (tag_id);


--
-- Name: IDX_df1494d263740fcfb1d09a98fc; Type: INDEX; Schema: public; Owner: postgres
--

CREATE INDEX "IDX_df1494d263740fcfb1d09a98fc" ON public.notification USING btree (resource_type);


--
-- Name: IDX_dfc1f02bb0552e79076aa58dbb; Type: INDEX; Schema: public; Owner: postgres
--

CREATE INDEX "IDX_dfc1f02bb0552e79076aa58dbb" ON public.gift_card USING btree (order_id);


--
-- Name: IDX_e1fcce2b18dbcdbe0a5ba9a68b; Type: INDEX; Schema: public; Owner: postgres
--

CREATE INDEX "IDX_e1fcce2b18dbcdbe0a5ba9a68b" ON public."order" USING btree (region_id);


--
-- Name: IDX_e62ff11e4730bb3adfead979ee; Type: INDEX; Schema: public; Owner: postgres
--

CREATE INDEX "IDX_e62ff11e4730bb3adfead979ee" ON public.order_gift_cards USING btree (order_id);


--
-- Name: IDX_e706deb68f52ab2756119b9e70; Type: INDEX; Schema: public; Owner: postgres
--

CREATE INDEX "IDX_e706deb68f52ab2756119b9e70" ON public.discount_condition_product_type USING btree (product_type_id);


--
-- Name: IDX_e78901b1131eaf8203d9b1cb5f; Type: INDEX; Schema: public; Owner: postgres
--

CREATE UNIQUE INDEX "IDX_e78901b1131eaf8203d9b1cb5f" ON public.country USING btree (iso_2);


--
-- Name: IDX_e7b488cebe333f449398769b2c; Type: INDEX; Schema: public; Owner: postgres
--

CREATE INDEX "IDX_e7b488cebe333f449398769b2c" ON public.order_discounts USING btree (order_id);


--
-- Name: IDX_e87cc617a22ef4edce5601edab; Type: INDEX; Schema: public; Owner: postgres
--

CREATE INDEX "IDX_e87cc617a22ef4edce5601edab" ON public.draft_order USING btree (display_id);


--
-- Name: IDX_ea6a358d9ce41c16499aae55f9; Type: INDEX; Schema: public; Owner: postgres
--

CREATE INDEX "IDX_ea6a358d9ce41c16499aae55f9" ON public.notification USING btree (resource_id);


--
-- Name: IDX_ea94f42b6c88e9191c3649d752; Type: INDEX; Schema: public; Owner: postgres
--

CREATE INDEX "IDX_ea94f42b6c88e9191c3649d752" ON public.payment USING btree (provider_id);


--
-- Name: IDX_ec10c54769877840c132260e4a; Type: INDEX; Schema: public; Owner: postgres
--

CREATE INDEX "IDX_ec10c54769877840c132260e4a" ON public.claim_tag USING btree (value);


--
-- Name: IDX_ece65a774192b34253abc4cd67; Type: INDEX; Schema: public; Owner: postgres
--

CREATE INDEX "IDX_ece65a774192b34253abc4cd67" ON public.product_type_tax_rate USING btree (rate_id);


--
-- Name: IDX_eec9d9af4ca098e19ea6b499ea; Type: INDEX; Schema: public; Owner: postgres
--

CREATE INDEX "IDX_eec9d9af4ca098e19ea6b499ea" ON public.refund USING btree (order_id);


--
-- Name: IDX_efff700651718e452ca9580a62; Type: INDEX; Schema: public; Owner: postgres
--

CREATE INDEX "IDX_efff700651718e452ca9580a62" ON public.discount_condition USING btree (discount_rule_id);


--
-- Name: IDX_f05132301e95bdab4ba1cf29a2; Type: INDEX; Schema: public; Owner: postgres
--

CREATE INDEX "IDX_f05132301e95bdab4ba1cf29a2" ON public.discount_condition_product USING btree (condition_id);


--
-- Name: IDX_f129acc85e346a10eed12b86fc; Type: INDEX; Schema: public; Owner: postgres
--

CREATE INDEX "IDX_f129acc85e346a10eed12b86fc" ON public.fulfillment USING btree (order_id);


--
-- Name: IDX_f2bb9f71e95b315eb24b2b84cb; Type: INDEX; Schema: public; Owner: postgres
--

CREATE INDEX "IDX_f2bb9f71e95b315eb24b2b84cb" ON public.order_gift_cards USING btree (gift_card_id);


--
-- Name: IDX_f4194aa81073f3fab8aa86906f; Type: INDEX; Schema: public; Owner: postgres
--

CREATE INDEX "IDX_f4194aa81073f3fab8aa86906f" ON public.discount_regions USING btree (discount_id);


--
-- Name: IDX_f49e3974465d3c3a33d449d3f3; Type: INDEX; Schema: public; Owner: postgres
--

CREATE INDEX "IDX_f49e3974465d3c3a33d449d3f3" ON public.claim_order USING btree (order_id);


--
-- Name: IDX_f5221735ace059250daac9d980; Type: INDEX; Schema: public; Owner: postgres
--

CREATE INDEX "IDX_f5221735ace059250daac9d980" ON public.payment USING btree (order_id);


--
-- Name: IDX_f65bf52e2239ace276ece2b2f4; Type: INDEX; Schema: public; Owner: postgres
--

CREATE UNIQUE INDEX "IDX_f65bf52e2239ace276ece2b2f4" ON public.discount USING btree (code) WHERE (deleted_at IS NULL);


--
-- Name: IDX_f672727ab020df6c50fb64c1a7; Type: INDEX; Schema: public; Owner: postgres
--

CREATE INDEX "IDX_f672727ab020df6c50fb64c1a7" ON public.shipping_tax_rate USING btree (shipping_option_id);


--
-- Name: IDX_f74980b411cf94af523a72af7d; Type: INDEX; Schema: public; Owner: postgres
--

CREATE INDEX "IDX_f74980b411cf94af523a72af7d" ON public.note USING btree (resource_type);


--
-- Name: IDX_fb94fa8d5ca940daa2a58139f8; Type: INDEX; Schema: public; Owner: postgres
--

CREATE INDEX "IDX_fb94fa8d5ca940daa2a58139f8" ON public.shipping_method USING btree (swap_id);


--
-- Name: IDX_fbb2499551ed074526f3ee3624; Type: INDEX; Schema: public; Owner: postgres
--

CREATE INDEX "IDX_fbb2499551ed074526f3ee3624" ON public.discount_condition_product_tag USING btree (condition_id);


--
-- Name: IDX_fc963e94854bff2714ca84cd19; Type: INDEX; Schema: public; Owner: postgres
--

CREATE INDEX "IDX_fc963e94854bff2714ca84cd19" ON public.shipping_method USING btree (shipping_option_id);


--
-- Name: IDX_money_amount_currency_code; Type: INDEX; Schema: public; Owner: postgres
--

CREATE INDEX "IDX_money_amount_currency_code" ON public.money_amount USING btree (currency_code);


--
-- Name: IDX_order_currency_code; Type: INDEX; Schema: public; Owner: postgres
--

CREATE INDEX "IDX_order_currency_code" ON public."order" USING btree (currency_code);


--
-- Name: IDX_order_edit_order_id; Type: INDEX; Schema: public; Owner: postgres
--

CREATE INDEX "IDX_order_edit_order_id" ON public.order_edit USING btree (order_id);


--
-- Name: IDX_order_edit_payment_collection_id; Type: INDEX; Schema: public; Owner: postgres
--

CREATE INDEX "IDX_order_edit_payment_collection_id" ON public.order_edit USING btree (payment_collection_id);


--
-- Name: IDX_payment_collection_currency_code; Type: INDEX; Schema: public; Owner: postgres
--

CREATE INDEX "IDX_payment_collection_currency_code" ON public.payment_collection USING btree (currency_code) WHERE (deleted_at IS NULL);


--
-- Name: IDX_payment_collection_payments_payment_collection_id; Type: INDEX; Schema: public; Owner: postgres
--

CREATE INDEX "IDX_payment_collection_payments_payment_collection_id" ON public.payment_collection_payments USING btree (payment_collection_id);


--
-- Name: IDX_payment_collection_payments_payment_id; Type: INDEX; Schema: public; Owner: postgres
--

CREATE INDEX "IDX_payment_collection_payments_payment_id" ON public.payment_collection_payments USING btree (payment_id);


--
-- Name: IDX_payment_collection_region_id; Type: INDEX; Schema: public; Owner: postgres
--

CREATE INDEX "IDX_payment_collection_region_id" ON public.payment_collection USING btree (region_id) WHERE (deleted_at IS NULL);


--
-- Name: IDX_payment_collection_sessions_payment_collection_id; Type: INDEX; Schema: public; Owner: postgres
--

CREATE INDEX "IDX_payment_collection_sessions_payment_collection_id" ON public.payment_collection_sessions USING btree (payment_collection_id);


--
-- Name: IDX_payment_collection_sessions_payment_session_id; Type: INDEX; Schema: public; Owner: postgres
--

CREATE INDEX "IDX_payment_collection_sessions_payment_session_id" ON public.payment_collection_sessions USING btree (payment_session_id);


--
-- Name: IDX_payment_currency_code; Type: INDEX; Schema: public; Owner: postgres
--

CREATE INDEX "IDX_payment_currency_code" ON public.payment USING btree (currency_code);


--
-- Name: IDX_pcp_product_category_id; Type: INDEX; Schema: public; Owner: postgres
--

CREATE INDEX "IDX_pcp_product_category_id" ON public.product_category_product USING btree (product_category_id);


--
-- Name: IDX_pcp_product_id; Type: INDEX; Schema: public; Owner: postgres
--

CREATE INDEX "IDX_pcp_product_id" ON public.product_category_product USING btree (product_id);


--
-- Name: IDX_product_category_active_public; Type: INDEX; Schema: public; Owner: postgres
--

CREATE INDEX "IDX_product_category_active_public" ON public.product_category USING btree (parent_category_id, is_active, is_internal) WHERE ((is_active IS TRUE) AND (is_internal IS FALSE));


--
-- Name: IDX_product_category_handle; Type: INDEX; Schema: public; Owner: postgres
--

CREATE UNIQUE INDEX "IDX_product_category_handle" ON public.product_category USING btree (handle);


--
-- Name: IDX_product_category_path; Type: INDEX; Schema: public; Owner: postgres
--

CREATE INDEX "IDX_product_category_path" ON public.product_category USING btree (mpath);


--
-- Name: IDX_product_variant_inventory_item_inventory_item_id; Type: INDEX; Schema: public; Owner: postgres
--

CREATE INDEX "IDX_product_variant_inventory_item_inventory_item_id" ON public.product_variant_inventory_item USING btree (inventory_item_id) WHERE (deleted_at IS NULL);


--
-- Name: IDX_product_variant_inventory_item_variant_id; Type: INDEX; Schema: public; Owner: postgres
--

CREATE INDEX "IDX_product_variant_inventory_item_variant_id" ON public.product_variant_inventory_item USING btree (variant_id) WHERE (deleted_at IS NULL);


--
-- Name: IDX_refund_payment_id; Type: INDEX; Schema: public; Owner: postgres
--

CREATE INDEX "IDX_refund_payment_id" ON public.refund USING btree (payment_id);


--
-- Name: IDX_region_currency_code; Type: INDEX; Schema: public; Owner: postgres
--

CREATE INDEX "IDX_region_currency_code" ON public.region USING btree (currency_code);


--
-- Name: IDX_return_reason_value; Type: INDEX; Schema: public; Owner: postgres
--

CREATE UNIQUE INDEX "IDX_return_reason_value" ON public.return_reason USING btree (value) WHERE (deleted_at IS NULL);


--
-- Name: IDX_sales_channel_location_location_id; Type: INDEX; Schema: public; Owner: postgres
--

CREATE INDEX "IDX_sales_channel_location_location_id" ON public.sales_channel_location USING btree (location_id) WHERE (deleted_at IS NULL);


--
-- Name: IDX_sales_channel_location_sales_channel_id; Type: INDEX; Schema: public; Owner: postgres
--

CREATE INDEX "IDX_sales_channel_location_sales_channel_id" ON public.sales_channel_location USING btree (sales_channel_id) WHERE (deleted_at IS NULL);


--
-- Name: IDX_upcp_product_id_product_category_id; Type: INDEX; Schema: public; Owner: postgres
--

CREATE UNIQUE INDEX "IDX_upcp_product_id_product_category_id" ON public.product_category_product USING btree (product_category_id, product_id);


--
-- Name: UniqPaymentSessionCartIdProviderId; Type: INDEX; Schema: public; Owner: postgres
--

CREATE UNIQUE INDEX "UniqPaymentSessionCartIdProviderId" ON public.payment_session USING btree (cart_id, provider_id) WHERE (cart_id IS NOT NULL);


--
-- Name: UniqProductCategoryParentIdRank; Type: INDEX; Schema: public; Owner: postgres
--

CREATE UNIQUE INDEX "UniqProductCategoryParentIdRank" ON public.product_category USING btree (parent_category_id, rank);


--
-- Name: UniquePaymentActive; Type: INDEX; Schema: public; Owner: postgres
--

CREATE UNIQUE INDEX "UniquePaymentActive" ON public.payment USING btree (cart_id) WHERE (canceled_at IS NULL);


--
-- Name: idx_gin_product_collection; Type: INDEX; Schema: public; Owner: postgres
--

CREATE INDEX idx_gin_product_collection ON public.product_collection USING gin (title public.gin_trgm_ops) WHERE (deleted_at IS NULL);


--
-- Name: idx_gin_product_description; Type: INDEX; Schema: public; Owner: postgres
--

CREATE INDEX idx_gin_product_description ON public.product USING gin (description public.gin_trgm_ops) WHERE (deleted_at IS NULL);


--
-- Name: idx_gin_product_title; Type: INDEX; Schema: public; Owner: postgres
--

CREATE INDEX idx_gin_product_title ON public.product USING gin (title public.gin_trgm_ops) WHERE (deleted_at IS NULL);


--
-- Name: idx_gin_product_variant_sku; Type: INDEX; Schema: public; Owner: postgres
--

CREATE INDEX idx_gin_product_variant_sku ON public.product_variant USING gin (sku public.gin_trgm_ops) WHERE (deleted_at IS NULL);


--
-- Name: idx_gin_product_variant_title; Type: INDEX; Schema: public; Owner: postgres
--

CREATE INDEX idx_gin_product_variant_title ON public.product_variant USING gin (title public.gin_trgm_ops) WHERE (deleted_at IS NULL);


--
-- Name: idx_money_amount_region_id; Type: INDEX; Schema: public; Owner: postgres
--

CREATE INDEX idx_money_amount_region_id ON public.money_amount USING btree (region_id);


--
-- Name: idx_product_option_value_option_id; Type: INDEX; Schema: public; Owner: postgres
--

CREATE INDEX idx_product_option_value_option_id ON public.product_option_value USING btree (option_id);


--
-- Name: idx_product_option_value_variant_id; Type: INDEX; Schema: public; Owner: postgres
--

CREATE INDEX idx_product_option_value_variant_id ON public.product_option_value USING btree (variant_id);


--
-- Name: idx_product_shipping_profile_product_id; Type: INDEX; Schema: public; Owner: postgres
--

CREATE INDEX idx_product_shipping_profile_product_id ON public.product_shipping_profile USING btree (product_id);


--
-- Name: idx_product_shipping_profile_profile_id; Type: INDEX; Schema: public; Owner: postgres
--

CREATE INDEX idx_product_shipping_profile_profile_id ON public.product_shipping_profile USING btree (profile_id);


--
-- Name: idx_product_shipping_profile_profile_id_product_id_unique; Type: INDEX; Schema: public; Owner: postgres
--

CREATE UNIQUE INDEX idx_product_shipping_profile_profile_id_product_id_unique ON public.product_shipping_profile USING btree (profile_id, product_id);


--
-- Name: idx_product_variant_money_amount_money_amount_id_unique; Type: INDEX; Schema: public; Owner: postgres
--

CREATE UNIQUE INDEX idx_product_variant_money_amount_money_amount_id_unique ON public.product_variant_money_amount USING btree (money_amount_id);


--
-- Name: idx_product_variant_money_amount_variant_id; Type: INDEX; Schema: public; Owner: postgres
--

CREATE INDEX idx_product_variant_money_amount_variant_id ON public.product_variant_money_amount USING btree (variant_id);


--
-- Name: unique_li_original_item_id_order_edit_id; Type: INDEX; Schema: public; Owner: postgres
--

CREATE UNIQUE INDEX unique_li_original_item_id_order_edit_id ON public.line_item USING btree (order_edit_id, original_item_id) WHERE ((original_item_id IS NOT NULL) AND (order_edit_id IS NOT NULL));


--
-- Name: shipping_option_requirement FK_012a62ba743e427b5ebe9dee18e; Type: FK CONSTRAINT; Schema: public; Owner: postgres
--

ALTER TABLE ONLY public.shipping_option_requirement
    ADD CONSTRAINT "FK_012a62ba743e427b5ebe9dee18e" FOREIGN KEY (shipping_option_id) REFERENCES public.shipping_option(id);


--
-- Name: discount_condition_product_tag FK_01486cc9dc6b36bf658685535f6; Type: FK CONSTRAINT; Schema: public; Owner: postgres
--

ALTER TABLE ONLY public.discount_condition_product_tag
    ADD CONSTRAINT "FK_01486cc9dc6b36bf658685535f6" FOREIGN KEY (product_tag_id) REFERENCES public.product_tag(id) ON DELETE CASCADE;


--
-- Name: claim_order FK_017d58bf8260c6e1a2588d258e2; Type: FK CONSTRAINT; Schema: public; Owner: postgres
--

ALTER TABLE ONLY public.claim_order
    ADD CONSTRAINT "FK_017d58bf8260c6e1a2588d258e2" FOREIGN KEY (shipping_address_id) REFERENCES public.address(id);


--
-- Name: notification FK_0425c2423e2ce9fdfd5c23761d9; Type: FK CONSTRAINT; Schema: public; Owner: postgres
--

ALTER TABLE ONLY public.notification
    ADD CONSTRAINT "FK_0425c2423e2ce9fdfd5c23761d9" FOREIGN KEY (provider_id) REFERENCES public.notification_provider(id);


--
-- Name: cart_gift_cards FK_0fb38b6d167793192bc126d835e; Type: FK CONSTRAINT; Schema: public; Owner: postgres
--

ALTER TABLE ONLY public.cart_gift_cards
    ADD CONSTRAINT "FK_0fb38b6d167793192bc126d835e" FOREIGN KEY (gift_card_id) REFERENCES public.gift_card(id) ON DELETE CASCADE;


--
-- Name: order_discounts FK_0fc1ec4e3db9001ad60c19daf16; Type: FK CONSTRAINT; Schema: public; Owner: postgres
--

ALTER TABLE ONLY public.order_discounts
    ADD CONSTRAINT "FK_0fc1ec4e3db9001ad60c19daf16" FOREIGN KEY (discount_id) REFERENCES public.discount(id) ON DELETE CASCADE;


--
-- Name: line_item FK_118e3c48f09a7728f41023c94ef; Type: FK CONSTRAINT; Schema: public; Owner: postgres
--

ALTER TABLE ONLY public.line_item
    ADD CONSTRAINT "FK_118e3c48f09a7728f41023c94ef" FOREIGN KEY (claim_order_id) REFERENCES public.claim_order(id);


--
-- Name: order FK_19b0c6293443d1b464f604c3316; Type: FK CONSTRAINT; Schema: public; Owner: postgres
--

ALTER TABLE ONLY public."order"
    ADD CONSTRAINT "FK_19b0c6293443d1b464f604c3316" FOREIGN KEY (shipping_address_id) REFERENCES public.address(id);


--
-- Name: product_tax_rate FK_1d04aebeabb6a89f87e536a124d; Type: FK CONSTRAINT; Schema: public; Owner: postgres
--

ALTER TABLE ONLY public.product_tax_rate
    ADD CONSTRAINT "FK_1d04aebeabb6a89f87e536a124d" FOREIGN KEY (product_id) REFERENCES public.product(id) ON DELETE CASCADE;


--
-- Name: shipping_method FK_1d9ad62038998c3a85c77a53cfb; Type: FK CONSTRAINT; Schema: public; Owner: postgres
--

ALTER TABLE ONLY public.shipping_method
    ADD CONSTRAINT "FK_1d9ad62038998c3a85c77a53cfb" FOREIGN KEY (return_id) REFERENCES public.return(id);


--
-- Name: order_edit FK_1f3a251488a91510f57e1bf93cd; Type: FK CONSTRAINT; Schema: public; Owner: postgres
--

ALTER TABLE ONLY public.order_edit
    ADD CONSTRAINT "FK_1f3a251488a91510f57e1bf93cd" FOREIGN KEY (order_id) REFERENCES public."order"(id);


--
-- Name: product_tags FK_21683a063fe82dafdf681ecc9c4; Type: FK CONSTRAINT; Schema: public; Owner: postgres
--

ALTER TABLE ONLY public.product_tags
    ADD CONSTRAINT "FK_21683a063fe82dafdf681ecc9c4" FOREIGN KEY (product_tag_id) REFERENCES public.product_tag(id) ON DELETE CASCADE;


--
-- Name: claim_image FK_21cbfedd83d736d86f4c6f4ce56; Type: FK CONSTRAINT; Schema: public; Owner: postgres
--

ALTER TABLE ONLY public.claim_image
    ADD CONSTRAINT "FK_21cbfedd83d736d86f4c6f4ce56" FOREIGN KEY (claim_item_id) REFERENCES public.claim_item(id);


--
-- Name: product_images FK_2212515ba306c79f42c46a99db7; Type: FK CONSTRAINT; Schema: public; Owner: postgres
--

ALTER TABLE ONLY public.product_images
    ADD CONSTRAINT "FK_2212515ba306c79f42c46a99db7" FOREIGN KEY (image_id) REFERENCES public.image(id) ON DELETE CASCADE;


--
-- Name: return_reason FK_2250c5d9e975987ab212f61a657; Type: FK CONSTRAINT; Schema: public; Owner: postgres
--

ALTER TABLE ONLY public.return_reason
    ADD CONSTRAINT "FK_2250c5d9e975987ab212f61a657" FOREIGN KEY (parent_return_reason_id) REFERENCES public.return_reason(id);


--
-- Name: discount FK_2250c5d9e975987ab212f61a663; Type: FK CONSTRAINT; Schema: public; Owner: postgres
--

ALTER TABLE ONLY public.discount
    ADD CONSTRAINT "FK_2250c5d9e975987ab212f61a663" FOREIGN KEY (parent_discount_id) REFERENCES public.discount(id);


--
-- Name: cart FK_242205c81c1152fab1b6e848470; Type: FK CONSTRAINT; Schema: public; Owner: postgres
--

ALTER TABLE ONLY public.cart
    ADD CONSTRAINT "FK_242205c81c1152fab1b6e848470" FOREIGN KEY (customer_id) REFERENCES public.customer(id);


--
-- Name: product_tax_rate FK_2484cf14c437a04586b07e7dddb; Type: FK CONSTRAINT; Schema: public; Owner: postgres
--

ALTER TABLE ONLY public.product_tax_rate
    ADD CONSTRAINT "FK_2484cf14c437a04586b07e7dddb" FOREIGN KEY (rate_id) REFERENCES public.tax_rate(id) ON DELETE CASCADE;


--
-- Name: product_type_tax_rate FK_25a3138bb236f63d9bb6c8ff111; Type: FK CONSTRAINT; Schema: public; Owner: postgres
--

ALTER TABLE ONLY public.product_type_tax_rate
    ADD CONSTRAINT "FK_25a3138bb236f63d9bb6c8ff111" FOREIGN KEY (product_type_id) REFERENCES public.product_type(id) ON DELETE CASCADE;


--
-- Name: line_item FK_27283ee631862266d0f1c680646; Type: FK CONSTRAINT; Schema: public; Owner: postgres
--

ALTER TABLE ONLY public.line_item
    ADD CONSTRAINT "FK_27283ee631862266d0f1c680646" FOREIGN KEY (cart_id) REFERENCES public.cart(id);


--
-- Name: line_item_adjustment FK_2f41b20a71f30e60471d7e3769c; Type: FK CONSTRAINT; Schema: public; Owner: postgres
--

ALTER TABLE ONLY public.line_item_adjustment
    ADD CONSTRAINT "FK_2f41b20a71f30e60471d7e3769c" FOREIGN KEY (discount_id) REFERENCES public.discount(id);


--
-- Name: shipping_tax_rate FK_346e0016cf045b9980747747645; Type: FK CONSTRAINT; Schema: public; Owner: postgres
--

ALTER TABLE ONLY public.shipping_tax_rate
    ADD CONSTRAINT "FK_346e0016cf045b9980747747645" FOREIGN KEY (rate_id) REFERENCES public.tax_rate(id) ON DELETE CASCADE;


--
-- Name: notification FK_371db513192c083f48ba63c33be; Type: FK CONSTRAINT; Schema: public; Owner: postgres
--

ALTER TABLE ONLY public.notification
    ADD CONSTRAINT "FK_371db513192c083f48ba63c33be" FOREIGN KEY (parent_id) REFERENCES public.notification(id);


--
-- Name: product_sales_channel FK_37341bad297fe5cca91f921032b; Type: FK CONSTRAINT; Schema: public; Owner: postgres
--

ALTER TABLE ONLY public.product_sales_channel
    ADD CONSTRAINT "FK_37341bad297fe5cca91f921032b" FOREIGN KEY (sales_channel_id) REFERENCES public.sales_channel(id) ON UPDATE CASCADE ON DELETE CASCADE;


--
-- Name: region_fulfillment_providers FK_37f361c38a18d12a3fa3158d0cf; Type: FK CONSTRAINT; Schema: public; Owner: postgres
--

ALTER TABLE ONLY public.region_fulfillment_providers
    ADD CONSTRAINT "FK_37f361c38a18d12a3fa3158d0cf" FOREIGN KEY (provider_id) REFERENCES public.fulfillment_provider(id) ON DELETE CASCADE;


--
-- Name: region_payment_providers FK_3a6947180aeec283cd92c59ebb0; Type: FK CONSTRAINT; Schema: public; Owner: postgres
--

ALTER TABLE ONLY public.region_payment_providers
    ADD CONSTRAINT "FK_3a6947180aeec283cd92c59ebb0" FOREIGN KEY (provider_id) REFERENCES public.payment_provider(id) ON DELETE CASCADE;


--
-- Name: region FK_3bdd5896ec93be2f1c62a3309a5; Type: FK CONSTRAINT; Schema: public; Owner: postgres
--

ALTER TABLE ONLY public.region
    ADD CONSTRAINT "FK_3bdd5896ec93be2f1c62a3309a5" FOREIGN KEY (currency_code) REFERENCES public.currency(code);


--
-- Name: customer_group_customers FK_3c6412d076292f439269abe1a23; Type: FK CONSTRAINT; Schema: public; Owner: postgres
--

ALTER TABLE ONLY public.customer_group_customers
    ADD CONSTRAINT "FK_3c6412d076292f439269abe1a23" FOREIGN KEY (customer_id) REFERENCES public.customer(id) ON DELETE CASCADE;


--
-- Name: line_item FK_3fa354d8d1233ff81097b2fcb6b; Type: FK CONSTRAINT; Schema: public; Owner: postgres
--

ALTER TABLE ONLY public.line_item
    ADD CONSTRAINT "FK_3fa354d8d1233ff81097b2fcb6b" FOREIGN KEY (swap_id) REFERENCES public.swap(id);


--
-- Name: gift_card_transaction FK_3ff5597f1d7e02bba41541846f4; Type: FK CONSTRAINT; Schema: public; Owner: postgres
--

ALTER TABLE ONLY public.gift_card_transaction
    ADD CONSTRAINT "FK_3ff5597f1d7e02bba41541846f4" FOREIGN KEY (gift_card_id) REFERENCES public.gift_card(id);


--
-- Name: swap FK_402e8182bc553e082f6380020b4; Type: FK CONSTRAINT; Schema: public; Owner: postgres
--

ALTER TABLE ONLY public.swap
    ADD CONSTRAINT "FK_402e8182bc553e082f6380020b4" FOREIGN KEY (cart_id) REFERENCES public.cart(id);


--
-- Name: line_item FK_43a2b24495fe1d9fc2a9c835bc7; Type: FK CONSTRAINT; Schema: public; Owner: postgres
--

ALTER TABLE ONLY public.line_item
    ADD CONSTRAINT "FK_43a2b24495fe1d9fc2a9c835bc7" FOREIGN KEY (order_id) REFERENCES public."order"(id);


--
-- Name: custom_shipping_option FK_44090cb11b06174cbcc667e91ca; Type: FK CONSTRAINT; Schema: public; Owner: postgres
--

ALTER TABLE ONLY public.custom_shipping_option
    ADD CONSTRAINT "FK_44090cb11b06174cbcc667e91ca" FOREIGN KEY (shipping_option_id) REFERENCES public.shipping_option(id);


--
-- Name: order_item_change FK_44feeebb258bf4cfa4cc4202281; Type: FK CONSTRAINT; Schema: public; Owner: postgres
--

ALTER TABLE ONLY public.order_item_change
    ADD CONSTRAINT "FK_44feeebb258bf4cfa4cc4202281" FOREIGN KEY (order_edit_id) REFERENCES public.order_edit(id);


--
-- Name: payment FK_4665f17abc1e81dd58330e58542; Type: FK CONSTRAINT; Schema: public; Owner: postgres
--

ALTER TABLE ONLY public.payment
    ADD CONSTRAINT "FK_4665f17abc1e81dd58330e58542" FOREIGN KEY (cart_id) REFERENCES public.cart(id);


--
-- Name: tracking_link FK_471e9e4c96e02ba209a307db32b; Type: FK CONSTRAINT; Schema: public; Owner: postgres
--

ALTER TABLE ONLY public.tracking_link
    ADD CONSTRAINT "FK_471e9e4c96e02ba209a307db32b" FOREIGN KEY (fulfillment_id) REFERENCES public.fulfillment(id);


--
-- Name: cart FK_484c329f4783be4e18e5e2ff090; Type: FK CONSTRAINT; Schema: public; Owner: postgres
--

ALTER TABLE ONLY public.cart
    ADD CONSTRAINT "FK_484c329f4783be4e18e5e2ff090" FOREIGN KEY (region_id) REFERENCES public.region(id);


--
-- Name: product FK_49d419fc77d3aed46c835c558ac; Type: FK CONSTRAINT; Schema: public; Owner: postgres
--

ALTER TABLE ONLY public.product
    ADD CONSTRAINT "FK_49d419fc77d3aed46c835c558ac" FOREIGN KEY (collection_id) REFERENCES public.product_collection(id);


--
-- Name: discount_condition_customer_group FK_4d5f98645a67545d8dea42e2eb8; Type: FK CONSTRAINT; Schema: public; Owner: postgres
--

ALTER TABLE ONLY public.discount_condition_customer_group
    ADD CONSTRAINT "FK_4d5f98645a67545d8dea42e2eb8" FOREIGN KEY (customer_group_id) REFERENCES public.customer_group(id) ON DELETE CASCADE;


--
-- Name: discount_rule_products FK_4e0739e5f0244c08d41174ca08a; Type: FK CONSTRAINT; Schema: public; Owner: postgres
--

ALTER TABLE ONLY public.discount_rule_products
    ADD CONSTRAINT "FK_4e0739e5f0244c08d41174ca08a" FOREIGN KEY (discount_rule_id) REFERENCES public.discount_rule(id) ON DELETE CASCADE;


--
-- Name: product_images FK_4f166bb8c2bfcef2498d97b4068; Type: FK CONSTRAINT; Schema: public; Owner: postgres
--

ALTER TABLE ONLY public.product_images
    ADD CONSTRAINT "FK_4f166bb8c2bfcef2498d97b4068" FOREIGN KEY (product_id) REFERENCES public.product(id) ON DELETE CASCADE;


--
-- Name: line_item_tax_line FK_5077fa54b0d037e984385dfe8ad; Type: FK CONSTRAINT; Schema: public; Owner: postgres
--

ALTER TABLE ONLY public.line_item_tax_line
    ADD CONSTRAINT "FK_5077fa54b0d037e984385dfe8ad" FOREIGN KEY (item_id) REFERENCES public.line_item(id) ON DELETE CASCADE;


--
-- Name: shipping_method FK_5267705a43d547e232535b656c2; Type: FK CONSTRAINT; Schema: public; Owner: postgres
--

ALTER TABLE ONLY public.shipping_method
    ADD CONSTRAINT "FK_5267705a43d547e232535b656c2" FOREIGN KEY (order_id) REFERENCES public."order"(id);


--
-- Name: price_list_customer_groups FK_52875734e9dd69064f0041f4d92; Type: FK CONSTRAINT; Schema: public; Owner: postgres
--

ALTER TABLE ONLY public.price_list_customer_groups
    ADD CONSTRAINT "FK_52875734e9dd69064f0041f4d92" FOREIGN KEY (price_list_id) REFERENCES public.price_list(id) ON UPDATE CASCADE ON DELETE CASCADE;


--
-- Name: swap FK_52dd74e8c989aa5665ad2852b8b; Type: FK CONSTRAINT; Schema: public; Owner: postgres
--

ALTER TABLE ONLY public.swap
    ADD CONSTRAINT "FK_52dd74e8c989aa5665ad2852b8b" FOREIGN KEY (order_id) REFERENCES public."order"(id);


--
-- Name: line_item FK_5371cbaa3be5200f373d24e3d5b; Type: FK CONSTRAINT; Schema: public; Owner: postgres
--

ALTER TABLE ONLY public.line_item
    ADD CONSTRAINT "FK_5371cbaa3be5200f373d24e3d5b" FOREIGN KEY (variant_id) REFERENCES public.product_variant(id);


--
-- Name: order FK_5568d3b9ce9f7abeeb37511ecf2; Type: FK CONSTRAINT; Schema: public; Owner: postgres
--

ALTER TABLE ONLY public."order"
    ADD CONSTRAINT "FK_5568d3b9ce9f7abeeb37511ecf2" FOREIGN KEY (billing_address_id) REFERENCES public.address(id);


--
-- Name: store FK_55beebaa09e947cccca554af222; Type: FK CONSTRAINT; Schema: public; Owner: postgres
--

ALTER TABLE ONLY public.store
    ADD CONSTRAINT "FK_55beebaa09e947cccca554af222" FOREIGN KEY (default_currency_code) REFERENCES public.currency(code);


--
-- Name: product_tags FK_5b0c6fc53c574299ecc7f9ee22e; Type: FK CONSTRAINT; Schema: public; Owner: postgres
--

ALTER TABLE ONLY public.product_tags
    ADD CONSTRAINT "FK_5b0c6fc53c574299ecc7f9ee22e" FOREIGN KEY (product_id) REFERENCES public.product(id) ON DELETE CASCADE;


--
-- Name: draft_order FK_5bd11d0e2a9628128e2c26fd0a6; Type: FK CONSTRAINT; Schema: public; Owner: postgres
--

ALTER TABLE ONLY public.draft_order
    ADD CONSTRAINT "FK_5bd11d0e2a9628128e2c26fd0a6" FOREIGN KEY (cart_id) REFERENCES public.cart(id);


--
-- Name: shipping_option FK_5c58105f1752fca0f4ce69f4663; Type: FK CONSTRAINT; Schema: public; Owner: postgres
--

ALTER TABLE ONLY public.shipping_option
    ADD CONSTRAINT "FK_5c58105f1752fca0f4ce69f4663" FOREIGN KEY (region_id) REFERENCES public.region(id);


--
-- Name: order_item_change FK_5f9688929761f7df108b630e64a; Type: FK CONSTRAINT; Schema: public; Owner: postgres
--

ALTER TABLE ONLY public.order_item_change
    ADD CONSTRAINT "FK_5f9688929761f7df108b630e64a" FOREIGN KEY (line_item_id) REFERENCES public.line_item(id);


--
-- Name: store FK_61b0f48cccbb5f41c750bac7286; Type: FK CONSTRAINT; Schema: public; Owner: postgres
--

ALTER TABLE ONLY public.store
    ADD CONSTRAINT "FK_61b0f48cccbb5f41c750bac7286" FOREIGN KEY (default_sales_channel_id) REFERENCES public.sales_channel(id);


--
-- Name: customer_group_customers FK_620330964db8d2999e67b0dbe3e; Type: FK CONSTRAINT; Schema: public; Owner: postgres
--

ALTER TABLE ONLY public.customer_group_customers
    ADD CONSTRAINT "FK_620330964db8d2999e67b0dbe3e" FOREIGN KEY (customer_group_id) REFERENCES public.customer_group(id) ON DELETE CASCADE;


--
-- Name: claim_item FK_64980511ca32c8e92b417644afa; Type: FK CONSTRAINT; Schema: public; Owner: postgres
--

ALTER TABLE ONLY public.claim_item
    ADD CONSTRAINT "FK_64980511ca32c8e92b417644afa" FOREIGN KEY (variant_id) REFERENCES public.product_variant(id);


--
-- Name: cart_discounts FK_6680319ebe1f46d18f106191d59; Type: FK CONSTRAINT; Schema: public; Owner: postgres
--

ALTER TABLE ONLY public.cart_discounts
    ADD CONSTRAINT "FK_6680319ebe1f46d18f106191d59" FOREIGN KEY (cart_id) REFERENCES public.cart(id) ON DELETE CASCADE;


--
-- Name: cart FK_6b9c66b5e36f7c827dfaa092f94; Type: FK CONSTRAINT; Schema: public; Owner: postgres
--

ALTER TABLE ONLY public.cart
    ADD CONSTRAINT "FK_6b9c66b5e36f7c827dfaa092f94" FOREIGN KEY (billing_address_id) REFERENCES public.address(id);


--
-- Name: address FK_6df8c6bf969a51d24c1980c4ff4; Type: FK CONSTRAINT; Schema: public; Owner: postgres
--

ALTER TABLE ONLY public.address
    ADD CONSTRAINT "FK_6df8c6bf969a51d24c1980c4ff4" FOREIGN KEY (country_code) REFERENCES public.country(iso_2);


--
-- Name: claim_item FK_6e0cad0daef76bb642675910b9d; Type: FK CONSTRAINT; Schema: public; Owner: postgres
--

ALTER TABLE ONLY public.claim_item
    ADD CONSTRAINT "FK_6e0cad0daef76bb642675910b9d" FOREIGN KEY (item_id) REFERENCES public.line_item(id);


--
-- Name: discount_condition_product_type FK_6ef23ce0b1d9cf9b5b833e52b9d; Type: FK CONSTRAINT; Schema: public; Owner: postgres
--

ALTER TABLE ONLY public.discount_condition_product_type
    ADD CONSTRAINT "FK_6ef23ce0b1d9cf9b5b833e52b9d" FOREIGN KEY (condition_id) REFERENCES public.discount_condition(id) ON DELETE CASCADE;


--
-- Name: order FK_6ff7e874f01b478c115fdd462eb; Type: FK CONSTRAINT; Schema: public; Owner: postgres
--

ALTER TABLE ONLY public."order"
    ADD CONSTRAINT "FK_6ff7e874f01b478c115fdd462eb" FOREIGN KEY (sales_channel_id) REFERENCES public.sales_channel(id);


--
-- Name: return FK_71773d56eb2bacb922bc3283398; Type: FK CONSTRAINT; Schema: public; Owner: postgres
--

ALTER TABLE ONLY public.return
    ADD CONSTRAINT "FK_71773d56eb2bacb922bc3283398" FOREIGN KEY (claim_order_id) REFERENCES public.claim_order(id);


--
-- Name: order FK_717a141f96b76d794d409f38129; Type: FK CONSTRAINT; Schema: public; Owner: postgres
--

ALTER TABLE ONLY public."order"
    ADD CONSTRAINT "FK_717a141f96b76d794d409f38129" FOREIGN KEY (currency_code) REFERENCES public.currency(code);


--
-- Name: product_option_value FK_7234ed737ff4eb1b6ae6e6d7b01; Type: FK CONSTRAINT; Schema: public; Owner: postgres
--

ALTER TABLE ONLY public.product_option_value
    ADD CONSTRAINT "FK_7234ed737ff4eb1b6ae6e6d7b01" FOREIGN KEY (variant_id) REFERENCES public.product_variant(id) ON DELETE CASCADE;


--
-- Name: order FK_727b872f86c7378474a8fa46147; Type: FK CONSTRAINT; Schema: public; Owner: postgres
--

ALTER TABLE ONLY public."order"
    ADD CONSTRAINT "FK_727b872f86c7378474a8fa46147" FOREIGN KEY (draft_order_id) REFERENCES public.draft_order(id);


--
-- Name: return_item FK_7edab75b4fc88ea6d4f2574f087; Type: FK CONSTRAINT; Schema: public; Owner: postgres
--

ALTER TABLE ONLY public.return_item
    ADD CONSTRAINT "FK_7edab75b4fc88ea6d4f2574f087" FOREIGN KEY (return_id) REFERENCES public.return(id);


--
-- Name: store_currencies FK_82a6bbb0b527c20a0002ddcbd60; Type: FK CONSTRAINT; Schema: public; Owner: postgres
--

ALTER TABLE ONLY public.store_currencies
    ADD CONSTRAINT "FK_82a6bbb0b527c20a0002ddcbd60" FOREIGN KEY (currency_code) REFERENCES public.currency(code) ON DELETE CASCADE;


--
-- Name: discount_condition_customer_group FK_8486ee16e69013c645d0b8716b6; Type: FK CONSTRAINT; Schema: public; Owner: postgres
--

ALTER TABLE ONLY public.discount_condition_customer_group
    ADD CONSTRAINT "FK_8486ee16e69013c645d0b8716b6" FOREIGN KEY (condition_id) REFERENCES public.discount_condition(id) ON DELETE CASCADE;


--
-- Name: return_item FK_87774591f44564effd8039d7162; Type: FK CONSTRAINT; Schema: public; Owner: postgres
--

ALTER TABLE ONLY public.return_item
    ADD CONSTRAINT "FK_87774591f44564effd8039d7162" FOREIGN KEY (item_id) REFERENCES public.line_item(id);


--
-- Name: region_payment_providers FK_8aaa78ba90d3802edac317df869; Type: FK CONSTRAINT; Schema: public; Owner: postgres
--

ALTER TABLE ONLY public.region_payment_providers
    ADD CONSTRAINT "FK_8aaa78ba90d3802edac317df869" FOREIGN KEY (region_id) REFERENCES public.region(id) ON DELETE CASCADE;


--
-- Name: customer FK_8abe81b9aac151ae60bf507ad15; Type: FK CONSTRAINT; Schema: public; Owner: postgres
--

ALTER TABLE ONLY public.customer
    ADD CONSTRAINT "FK_8abe81b9aac151ae60bf507ad15" FOREIGN KEY (billing_address_id) REFERENCES public.address(id);


--
-- Name: cart_discounts FK_8df75ef4f35f217768dc1135458; Type: FK CONSTRAINT; Schema: public; Owner: postgres
--

ALTER TABLE ONLY public.cart_discounts
    ADD CONSTRAINT "FK_8df75ef4f35f217768dc1135458" FOREIGN KEY (discount_id) REFERENCES public.discount(id) ON DELETE CASCADE;


--
-- Name: draft_order FK_8f6dd6c49202f1466ebf21e77da; Type: FK CONSTRAINT; Schema: public; Owner: postgres
--

ALTER TABLE ONLY public.draft_order
    ADD CONSTRAINT "FK_8f6dd6c49202f1466ebf21e77da" FOREIGN KEY (order_id) REFERENCES public."order"(id);


--
-- Name: claim_item FK_900a9c3834257304396b2b0fe7c; Type: FK CONSTRAINT; Schema: public; Owner: postgres
--

ALTER TABLE ONLY public.claim_item
    ADD CONSTRAINT "FK_900a9c3834257304396b2b0fe7c" FOREIGN KEY (claim_order_id) REFERENCES public.claim_order(id);


--
-- Name: region FK_91f88052197680f9790272aaf5b; Type: FK CONSTRAINT; Schema: public; Owner: postgres
--

ALTER TABLE ONLY public.region
    ADD CONSTRAINT "FK_91f88052197680f9790272aaf5b" FOREIGN KEY (tax_provider_id) REFERENCES public.tax_provider(id);


--
-- Name: shipping_method_tax_line FK_926ca9f29014af8091722dede08; Type: FK CONSTRAINT; Schema: public; Owner: postgres
--

ALTER TABLE ONLY public.shipping_method_tax_line
    ADD CONSTRAINT "FK_926ca9f29014af8091722dede08" FOREIGN KEY (shipping_method_id) REFERENCES public.shipping_method(id);


--
-- Name: custom_shipping_option FK_93caeb1bb70d37c1d36d6701a7a; Type: FK CONSTRAINT; Schema: public; Owner: postgres
--

ALTER TABLE ONLY public.custom_shipping_option
    ADD CONSTRAINT "FK_93caeb1bb70d37c1d36d6701a7a" FOREIGN KEY (cart_id) REFERENCES public.cart(id);


--
-- Name: address FK_9c9614b2f9d01665800ea8dbff7; Type: FK CONSTRAINT; Schema: public; Owner: postgres
--

ALTER TABLE ONLY public.address
    ADD CONSTRAINT "FK_9c9614b2f9d01665800ea8dbff7" FOREIGN KEY (customer_id) REFERENCES public.customer(id);


--
-- Name: cart FK_9d1a161434c610aae7c3df2dc7e; Type: FK CONSTRAINT; Schema: public; Owner: postgres
--

ALTER TABLE ONLY public.cart
    ADD CONSTRAINT "FK_9d1a161434c610aae7c3df2dc7e" FOREIGN KEY (payment_id) REFERENCES public.payment(id);


--
-- Name: fulfillment_item FK_a033f83cc6bd7701a5687ab4b38; Type: FK CONSTRAINT; Schema: public; Owner: postgres
--

ALTER TABLE ONLY public.fulfillment_item
    ADD CONSTRAINT "FK_a033f83cc6bd7701a5687ab4b38" FOREIGN KEY (fulfillment_id) REFERENCES public.fulfillment(id);


--
-- Name: discount_condition_product_collection FK_a0b05dc4257abe639cb75f8eae2; Type: FK CONSTRAINT; Schema: public; Owner: postgres
--

ALTER TABLE ONLY public.discount_condition_product_collection
    ADD CONSTRAINT "FK_a0b05dc4257abe639cb75f8eae2" FOREIGN KEY (product_collection_id) REFERENCES public.product_collection(id) ON DELETE CASCADE;


--
-- Name: shipping_option FK_a0e206bfaed3cb63c1860917347; Type: FK CONSTRAINT; Schema: public; Owner: postgres
--

ALTER TABLE ONLY public.shipping_option
    ADD CONSTRAINT "FK_a0e206bfaed3cb63c1860917347" FOREIGN KEY (provider_id) REFERENCES public.fulfillment_provider(id);


--
-- Name: discount_condition_product_collection FK_a1c4f9cfb599ad1f0db39cadd5f; Type: FK CONSTRAINT; Schema: public; Owner: postgres
--

ALTER TABLE ONLY public.discount_condition_product_collection
    ADD CONSTRAINT "FK_a1c4f9cfb599ad1f0db39cadd5f" FOREIGN KEY (condition_id) REFERENCES public.discount_condition(id) ON DELETE CASCADE;


--
-- Name: discount_regions FK_a21a7ffbe420d492eb46c305fec; Type: FK CONSTRAINT; Schema: public; Owner: postgres
--

ALTER TABLE ONLY public.discount_regions
    ADD CONSTRAINT "FK_a21a7ffbe420d492eb46c305fec" FOREIGN KEY (region_id) REFERENCES public.region(id) ON DELETE CASCADE;


--
-- Name: cart FK_a2bd3c26f42e754b9249ba78fd6; Type: FK CONSTRAINT; Schema: public; Owner: postgres
--

ALTER TABLE ONLY public.cart
    ADD CONSTRAINT "FK_a2bd3c26f42e754b9249ba78fd6" FOREIGN KEY (sales_channel_id) REFERENCES public.sales_channel(id);


--
-- Name: fulfillment FK_a52e234f729db789cf473297a5c; Type: FK CONSTRAINT; Schema: public; Owner: postgres
--

ALTER TABLE ONLY public.fulfillment
    ADD CONSTRAINT "FK_a52e234f729db789cf473297a5c" FOREIGN KEY (swap_id) REFERENCES public.swap(id);


--
-- Name: discount FK_ac2c280de3701b2d66f6817f760; Type: FK CONSTRAINT; Schema: public; Owner: postgres
--

ALTER TABLE ONLY public.discount
    ADD CONSTRAINT "FK_ac2c280de3701b2d66f6817f760" FOREIGN KEY (rule_id) REFERENCES public.discount_rule(id);


--
-- Name: country FK_b1aac8314662fa6b25569a575bb; Type: FK CONSTRAINT; Schema: public; Owner: postgres
--

ALTER TABLE ONLY public.country
    ADD CONSTRAINT "FK_b1aac8314662fa6b25569a575bb" FOREIGN KEY (region_id) REFERENCES public.region(id);


--
-- Name: money_amount FK_b433e27b7a83e6d12ab26b15b03; Type: FK CONSTRAINT; Schema: public; Owner: postgres
--

ALTER TABLE ONLY public.money_amount
    ADD CONSTRAINT "FK_b433e27b7a83e6d12ab26b15b03" FOREIGN KEY (region_id) REFERENCES public.region(id);


--
-- Name: order_item_change FK_b4d53b8d03c9f5e7d4317e818d9; Type: FK CONSTRAINT; Schema: public; Owner: postgres
--

ALTER TABLE ONLY public.order_item_change
    ADD CONSTRAINT "FK_b4d53b8d03c9f5e7d4317e818d9" FOREIGN KEY (original_line_item_id) REFERENCES public.line_item(id);


--
-- Name: store_currencies FK_b4f4b63d1736689b7008980394c; Type: FK CONSTRAINT; Schema: public; Owner: postgres
--

ALTER TABLE ONLY public.store_currencies
    ADD CONSTRAINT "FK_b4f4b63d1736689b7008980394c" FOREIGN KEY (store_id) REFERENCES public.store(id) ON DELETE CASCADE;


--
-- Name: notification FK_b5df0f53a74b9d0c0a2b652c88d; Type: FK CONSTRAINT; Schema: public; Owner: postgres
--

ALTER TABLE ONLY public.notification
    ADD CONSTRAINT "FK_b5df0f53a74b9d0c0a2b652c88d" FOREIGN KEY (customer_id) REFERENCES public.customer(id);


--
-- Name: gift_card FK_b6bcf8c3903097b84e85154eed3; Type: FK CONSTRAINT; Schema: public; Owner: postgres
--

ALTER TABLE ONLY public.gift_card
    ADD CONSTRAINT "FK_b6bcf8c3903097b84e85154eed3" FOREIGN KEY (region_id) REFERENCES public.region(id);


--
-- Name: tax_rate FK_b95a1e03b051993d208366cb960; Type: FK CONSTRAINT; Schema: public; Owner: postgres
--

ALTER TABLE ONLY public.tax_rate
    ADD CONSTRAINT "FK_b95a1e03b051993d208366cb960" FOREIGN KEY (region_id) REFERENCES public.region(id);


--
-- Name: return FK_bad82d7bff2b08b87094bfac3d6; Type: FK CONSTRAINT; Schema: public; Owner: postgres
--

ALTER TABLE ONLY public.return
    ADD CONSTRAINT "FK_bad82d7bff2b08b87094bfac3d6" FOREIGN KEY (swap_id) REFERENCES public.swap(id);


--
-- Name: discount_rule_products FK_be66106a673b88a81c603abe7eb; Type: FK CONSTRAINT; Schema: public; Owner: postgres
--

ALTER TABLE ONLY public.discount_rule_products
    ADD CONSTRAINT "FK_be66106a673b88a81c603abe7eb" FOREIGN KEY (product_id) REFERENCES public.product(id) ON DELETE CASCADE;


--
-- Name: line_item_adjustment FK_be9aea2ccf3567007b6227da4d2; Type: FK CONSTRAINT; Schema: public; Owner: postgres
--

ALTER TABLE ONLY public.line_item_adjustment
    ADD CONSTRAINT "FK_be9aea2ccf3567007b6227da4d2" FOREIGN KEY (item_id) REFERENCES public.line_item(id) ON DELETE CASCADE;


--
-- Name: fulfillment FK_beb35a6de60a6c4f91d5ae57e44; Type: FK CONSTRAINT; Schema: public; Owner: postgres
--

ALTER TABLE ONLY public.fulfillment
    ADD CONSTRAINT "FK_beb35a6de60a6c4f91d5ae57e44" FOREIGN KEY (provider_id) REFERENCES public.fulfillment_provider(id);


--
-- Name: payment FK_c17aff091441b7c25ec3d68d36c; Type: FK CONSTRAINT; Schema: public; Owner: postgres
--

ALTER TABLE ONLY public.payment
    ADD CONSTRAINT "FK_c17aff091441b7c25ec3d68d36c" FOREIGN KEY (swap_id) REFERENCES public.swap(id);


--
-- Name: claim_item_tags FK_c2c0f3edf39515bd15432afe6e5; Type: FK CONSTRAINT; Schema: public; Owner: postgres
--

ALTER TABLE ONLY public.claim_item_tags
    ADD CONSTRAINT "FK_c2c0f3edf39515bd15432afe6e5" FOREIGN KEY (item_id) REFERENCES public.claim_item(id) ON DELETE CASCADE;


--
-- Name: price_list_customer_groups FK_c5516f550433c9b1c2630d787a7; Type: FK CONSTRAINT; Schema: public; Owner: postgres
--

ALTER TABLE ONLY public.price_list_customer_groups
    ADD CONSTRAINT "FK_c5516f550433c9b1c2630d787a7" FOREIGN KEY (customer_group_id) REFERENCES public.customer_group(id) ON DELETE CASCADE;


--
-- Name: region_fulfillment_providers FK_c556e14eff4d6f03db593df955e; Type: FK CONSTRAINT; Schema: public; Owner: postgres
--

ALTER TABLE ONLY public.region_fulfillment_providers
    ADD CONSTRAINT "FK_c556e14eff4d6f03db593df955e" FOREIGN KEY (region_id) REFERENCES public.region(id) ON DELETE CASCADE;


--
-- Name: discount_condition_product FK_c759f53b2e48e8cfb50638fe4e0; Type: FK CONSTRAINT; Schema: public; Owner: postgres
--

ALTER TABLE ONLY public.discount_condition_product
    ADD CONSTRAINT "FK_c759f53b2e48e8cfb50638fe4e0" FOREIGN KEY (product_id) REFERENCES public.product(id) ON DELETE CASCADE;


--
-- Name: shipping_option FK_c951439af4c98bf2bd7fb8726cd; Type: FK CONSTRAINT; Schema: public; Owner: postgres
--

ALTER TABLE ONLY public.shipping_option
    ADD CONSTRAINT "FK_c951439af4c98bf2bd7fb8726cd" FOREIGN KEY (profile_id) REFERENCES public.shipping_profile(id);


--
-- Name: order FK_c99a206eb11ad45f6b7f04f2dcc; Type: FK CONSTRAINT; Schema: public; Owner: postgres
--

ALTER TABLE ONLY public."order"
    ADD CONSTRAINT "FK_c99a206eb11ad45f6b7f04f2dcc" FOREIGN KEY (cart_id) REFERENCES public.cart(id);


--
-- Name: product_variant FK_ca67dd080aac5ecf99609960cd2; Type: FK CONSTRAINT; Schema: public; Owner: postgres
--

ALTER TABLE ONLY public.product_variant
    ADD CONSTRAINT "FK_ca67dd080aac5ecf99609960cd2" FOREIGN KEY (product_id) REFERENCES public.product(id);


--
-- Name: order FK_cd7812c96209c5bdd48a6b858b0; Type: FK CONSTRAINT; Schema: public; Owner: postgres
--

ALTER TABLE ONLY public."order"
    ADD CONSTRAINT "FK_cd7812c96209c5bdd48a6b858b0" FOREIGN KEY (customer_id) REFERENCES public.customer(id);


--
-- Name: product_option_value FK_cdf4388f294b30a25c627d69fe9; Type: FK CONSTRAINT; Schema: public; Owner: postgres
--

ALTER TABLE ONLY public.product_option_value
    ADD CONSTRAINT "FK_cdf4388f294b30a25c627d69fe9" FOREIGN KEY (option_id) REFERENCES public.product_option(id);


--
-- Name: cart FK_ced15a9a695d2b5db9dabce763d; Type: FK CONSTRAINT; Schema: public; Owner: postgres
--

ALTER TABLE ONLY public.cart
    ADD CONSTRAINT "FK_ced15a9a695d2b5db9dabce763d" FOREIGN KEY (shipping_address_id) REFERENCES public.address(id);


--
-- Name: payment_session FK_d25ba0787e1510ddc5d442ebcfa; Type: FK CONSTRAINT; Schema: public; Owner: postgres
--

ALTER TABLE ONLY public.payment_session
    ADD CONSTRAINT "FK_d25ba0787e1510ddc5d442ebcfa" FOREIGN KEY (cart_id) REFERENCES public.cart(id);


--
-- Name: cart_gift_cards FK_d38047a90f3d42f0be7909e8aea; Type: FK CONSTRAINT; Schema: public; Owner: postgres
--

ALTER TABLE ONLY public.cart_gift_cards
    ADD CONSTRAINT "FK_d38047a90f3d42f0be7909e8aea" FOREIGN KEY (cart_id) REFERENCES public.cart(id) ON DELETE CASCADE;


--
-- Name: return FK_d4bd17f918fc6c332b74a368c36; Type: FK CONSTRAINT; Schema: public; Owner: postgres
--

ALTER TABLE ONLY public.return
    ADD CONSTRAINT "FK_d4bd17f918fc6c332b74a368c36" FOREIGN KEY (order_id) REFERENCES public."order"(id);


--
-- Name: fulfillment FK_d73e55964e0ff2db8f03807d52e; Type: FK CONSTRAINT; Schema: public; Owner: postgres
--

ALTER TABLE ONLY public.fulfillment
    ADD CONSTRAINT "FK_d73e55964e0ff2db8f03807d52e" FOREIGN KEY (claim_order_id) REFERENCES public.claim_order(id);


--
-- Name: return_item FK_d742532378a65022e7ceb328828; Type: FK CONSTRAINT; Schema: public; Owner: postgres
--

ALTER TABLE ONLY public.return_item
    ADD CONSTRAINT "FK_d742532378a65022e7ceb328828" FOREIGN KEY (reason_id) REFERENCES public.return_reason(id);


--
-- Name: shipping_method FK_d783a66d1c91c0858752c933e68; Type: FK CONSTRAINT; Schema: public; Owner: postgres
--

ALTER TABLE ONLY public.shipping_method
    ADD CONSTRAINT "FK_d783a66d1c91c0858752c933e68" FOREIGN KEY (claim_order_id) REFERENCES public.claim_order(id);


--
-- Name: gift_card_transaction FK_d7d441b81012f87d4265fa57d24; Type: FK CONSTRAINT; Schema: public; Owner: postgres
--

ALTER TABLE ONLY public.gift_card_transaction
    ADD CONSTRAINT "FK_d7d441b81012f87d4265fa57d24" FOREIGN KEY (order_id) REFERENCES public."order"(id);


--
-- Name: shipping_method FK_d92993a7d554d84571f4eea1d13; Type: FK CONSTRAINT; Schema: public; Owner: postgres
--

ALTER TABLE ONLY public.shipping_method
    ADD CONSTRAINT "FK_d92993a7d554d84571f4eea1d13" FOREIGN KEY (cart_id) REFERENCES public.cart(id);


--
-- Name: claim_item_tags FK_dc9bbf9fcb9ba458d25d512811b; Type: FK CONSTRAINT; Schema: public; Owner: postgres
--

ALTER TABLE ONLY public.claim_item_tags
    ADD CONSTRAINT "FK_dc9bbf9fcb9ba458d25d512811b" FOREIGN KEY (tag_id) REFERENCES public.claim_tag(id) ON DELETE CASCADE;


--
-- Name: gift_card FK_dfc1f02bb0552e79076aa58dbb0; Type: FK CONSTRAINT; Schema: public; Owner: postgres
--

ALTER TABLE ONLY public.gift_card
    ADD CONSTRAINT "FK_dfc1f02bb0552e79076aa58dbb0" FOREIGN KEY (order_id) REFERENCES public."order"(id);


--
-- Name: product FK_e0843930fbb8854fe36ca39dae1; Type: FK CONSTRAINT; Schema: public; Owner: postgres
--

ALTER TABLE ONLY public.product
    ADD CONSTRAINT "FK_e0843930fbb8854fe36ca39dae1" FOREIGN KEY (type_id) REFERENCES public.product_type(id);


--
-- Name: fulfillment_item FK_e13ff60e74206b747a1896212d1; Type: FK CONSTRAINT; Schema: public; Owner: postgres
--

ALTER TABLE ONLY public.fulfillment_item
    ADD CONSTRAINT "FK_e13ff60e74206b747a1896212d1" FOREIGN KEY (item_id) REFERENCES public.line_item(id);


--
-- Name: money_amount FK_e15811f81339e4bd8c440aebe1c; Type: FK CONSTRAINT; Schema: public; Owner: postgres
--

ALTER TABLE ONLY public.money_amount
    ADD CONSTRAINT "FK_e15811f81339e4bd8c440aebe1c" FOREIGN KEY (currency_code) REFERENCES public.currency(code);


--
-- Name: order FK_e1fcce2b18dbcdbe0a5ba9a68b8; Type: FK CONSTRAINT; Schema: public; Owner: postgres
--

ALTER TABLE ONLY public."order"
    ADD CONSTRAINT "FK_e1fcce2b18dbcdbe0a5ba9a68b8" FOREIGN KEY (region_id) REFERENCES public.region(id);


--
-- Name: order_gift_cards FK_e62ff11e4730bb3adfead979ee2; Type: FK CONSTRAINT; Schema: public; Owner: postgres
--

ALTER TABLE ONLY public.order_gift_cards
    ADD CONSTRAINT "FK_e62ff11e4730bb3adfead979ee2" FOREIGN KEY (order_id) REFERENCES public."order"(id) ON DELETE CASCADE;


--
-- Name: product_option FK_e634fca34f6b594b87fdbee95f6; Type: FK CONSTRAINT; Schema: public; Owner: postgres
--

ALTER TABLE ONLY public.product_option
    ADD CONSTRAINT "FK_e634fca34f6b594b87fdbee95f6" FOREIGN KEY (product_id) REFERENCES public.product(id);


--
-- Name: discount_condition_product_type FK_e706deb68f52ab2756119b9e704; Type: FK CONSTRAINT; Schema: public; Owner: postgres
--

ALTER TABLE ONLY public.discount_condition_product_type
    ADD CONSTRAINT "FK_e706deb68f52ab2756119b9e704" FOREIGN KEY (product_type_id) REFERENCES public.product_type(id) ON DELETE CASCADE;


--
-- Name: order_discounts FK_e7b488cebe333f449398769b2cc; Type: FK CONSTRAINT; Schema: public; Owner: postgres
--

ALTER TABLE ONLY public.order_discounts
    ADD CONSTRAINT "FK_e7b488cebe333f449398769b2cc" FOREIGN KEY (order_id) REFERENCES public."order"(id) ON DELETE CASCADE;


--
-- Name: product_type_tax_rate FK_ece65a774192b34253abc4cd672; Type: FK CONSTRAINT; Schema: public; Owner: postgres
--

ALTER TABLE ONLY public.product_type_tax_rate
    ADD CONSTRAINT "FK_ece65a774192b34253abc4cd672" FOREIGN KEY (rate_id) REFERENCES public.tax_rate(id) ON DELETE CASCADE;


--
-- Name: refund FK_eec9d9af4ca098e19ea6b499eaa; Type: FK CONSTRAINT; Schema: public; Owner: postgres
--

ALTER TABLE ONLY public.refund
    ADD CONSTRAINT "FK_eec9d9af4ca098e19ea6b499eaa" FOREIGN KEY (order_id) REFERENCES public."order"(id);


--
-- Name: discount_condition FK_efff700651718e452ca9580a624; Type: FK CONSTRAINT; Schema: public; Owner: postgres
--

ALTER TABLE ONLY public.discount_condition
    ADD CONSTRAINT "FK_efff700651718e452ca9580a624" FOREIGN KEY (discount_rule_id) REFERENCES public.discount_rule(id);


--
-- Name: discount_condition_product FK_f05132301e95bdab4ba1cf29a24; Type: FK CONSTRAINT; Schema: public; Owner: postgres
--

ALTER TABLE ONLY public.discount_condition_product
    ADD CONSTRAINT "FK_f05132301e95bdab4ba1cf29a24" FOREIGN KEY (condition_id) REFERENCES public.discount_condition(id) ON DELETE CASCADE;


--
-- Name: fulfillment FK_f129acc85e346a10eed12b86fca; Type: FK CONSTRAINT; Schema: public; Owner: postgres
--

ALTER TABLE ONLY public.fulfillment
    ADD CONSTRAINT "FK_f129acc85e346a10eed12b86fca" FOREIGN KEY (order_id) REFERENCES public."order"(id);


--
-- Name: money_amount FK_f249976b079375499662eb80c40; Type: FK CONSTRAINT; Schema: public; Owner: postgres
--

ALTER TABLE ONLY public.money_amount
    ADD CONSTRAINT "FK_f249976b079375499662eb80c40" FOREIGN KEY (price_list_id) REFERENCES public.price_list(id) ON DELETE CASCADE;


--
-- Name: order_gift_cards FK_f2bb9f71e95b315eb24b2b84cb3; Type: FK CONSTRAINT; Schema: public; Owner: postgres
--

ALTER TABLE ONLY public.order_gift_cards
    ADD CONSTRAINT "FK_f2bb9f71e95b315eb24b2b84cb3" FOREIGN KEY (gift_card_id) REFERENCES public.gift_card(id) ON DELETE CASCADE;


--
-- Name: payment FK_f41553459a4b1491c9893ebc921; Type: FK CONSTRAINT; Schema: public; Owner: postgres
--

ALTER TABLE ONLY public.payment
    ADD CONSTRAINT "FK_f41553459a4b1491c9893ebc921" FOREIGN KEY (currency_code) REFERENCES public.currency(code);


--
-- Name: discount_regions FK_f4194aa81073f3fab8aa86906ff; Type: FK CONSTRAINT; Schema: public; Owner: postgres
--

ALTER TABLE ONLY public.discount_regions
    ADD CONSTRAINT "FK_f4194aa81073f3fab8aa86906ff" FOREIGN KEY (discount_id) REFERENCES public.discount(id) ON DELETE CASCADE;


--
-- Name: claim_order FK_f49e3974465d3c3a33d449d3f31; Type: FK CONSTRAINT; Schema: public; Owner: postgres
--

ALTER TABLE ONLY public.claim_order
    ADD CONSTRAINT "FK_f49e3974465d3c3a33d449d3f31" FOREIGN KEY (order_id) REFERENCES public."order"(id);


--
-- Name: swap FK_f5189d38b3d3bd496618bf54c57; Type: FK CONSTRAINT; Schema: public; Owner: postgres
--

ALTER TABLE ONLY public.swap
    ADD CONSTRAINT "FK_f5189d38b3d3bd496618bf54c57" FOREIGN KEY (shipping_address_id) REFERENCES public.address(id);


--
-- Name: payment FK_f5221735ace059250daac9d9803; Type: FK CONSTRAINT; Schema: public; Owner: postgres
--

ALTER TABLE ONLY public.payment
    ADD CONSTRAINT "FK_f5221735ace059250daac9d9803" FOREIGN KEY (order_id) REFERENCES public."order"(id);


--
-- Name: shipping_tax_rate FK_f672727ab020df6c50fb64c1a70; Type: FK CONSTRAINT; Schema: public; Owner: postgres
--

ALTER TABLE ONLY public.shipping_tax_rate
    ADD CONSTRAINT "FK_f672727ab020df6c50fb64c1a70" FOREIGN KEY (shipping_option_id) REFERENCES public.shipping_option(id) ON DELETE CASCADE;


--
-- Name: batch_job FK_fa53ca4f5fd90605b532802a626; Type: FK CONSTRAINT; Schema: public; Owner: postgres
--

ALTER TABLE ONLY public.batch_job
    ADD CONSTRAINT "FK_fa53ca4f5fd90605b532802a626" FOREIGN KEY (created_by) REFERENCES public."user"(id);


--
-- Name: shipping_method FK_fb94fa8d5ca940daa2a58139f86; Type: FK CONSTRAINT; Schema: public; Owner: postgres
--

ALTER TABLE ONLY public.shipping_method
    ADD CONSTRAINT "FK_fb94fa8d5ca940daa2a58139f86" FOREIGN KEY (swap_id) REFERENCES public.swap(id);


--
-- Name: discount_condition_product_tag FK_fbb2499551ed074526f3ee36241; Type: FK CONSTRAINT; Schema: public; Owner: postgres
--

ALTER TABLE ONLY public.discount_condition_product_tag
    ADD CONSTRAINT "FK_fbb2499551ed074526f3ee36241" FOREIGN KEY (condition_id) REFERENCES public.discount_condition(id) ON DELETE CASCADE;


--
-- Name: shipping_method FK_fc963e94854bff2714ca84cd193; Type: FK CONSTRAINT; Schema: public; Owner: postgres
--

ALTER TABLE ONLY public.shipping_method
    ADD CONSTRAINT "FK_fc963e94854bff2714ca84cd193" FOREIGN KEY (shipping_option_id) REFERENCES public.shipping_option(id);


--
-- Name: order_edit FK_order_edit_payment_collection_id; Type: FK CONSTRAINT; Schema: public; Owner: postgres
--

ALTER TABLE ONLY public.order_edit
    ADD CONSTRAINT "FK_order_edit_payment_collection_id" FOREIGN KEY (payment_collection_id) REFERENCES public.payment_collection(id);


--
-- Name: payment_collection_payments FK_payment_collection_payments_payment_collection_id; Type: FK CONSTRAINT; Schema: public; Owner: postgres
--

ALTER TABLE ONLY public.payment_collection_payments
    ADD CONSTRAINT "FK_payment_collection_payments_payment_collection_id" FOREIGN KEY (payment_collection_id) REFERENCES public.payment_collection(id) ON DELETE CASCADE;


--
-- Name: payment_collection_payments FK_payment_collection_payments_payment_id; Type: FK CONSTRAINT; Schema: public; Owner: postgres
--

ALTER TABLE ONLY public.payment_collection_payments
    ADD CONSTRAINT "FK_payment_collection_payments_payment_id" FOREIGN KEY (payment_id) REFERENCES public.payment(id) ON DELETE CASCADE;


--
-- Name: payment_collection FK_payment_collection_region_id; Type: FK CONSTRAINT; Schema: public; Owner: postgres
--

ALTER TABLE ONLY public.payment_collection
    ADD CONSTRAINT "FK_payment_collection_region_id" FOREIGN KEY (region_id) REFERENCES public.region(id);


--
-- Name: payment_collection_sessions FK_payment_collection_sessions_payment_collection_id; Type: FK CONSTRAINT; Schema: public; Owner: postgres
--

ALTER TABLE ONLY public.payment_collection_sessions
    ADD CONSTRAINT "FK_payment_collection_sessions_payment_collection_id" FOREIGN KEY (payment_collection_id) REFERENCES public.payment_collection(id) ON DELETE CASCADE;


--
-- Name: payment_collection_sessions FK_payment_collection_sessions_payment_session_id; Type: FK CONSTRAINT; Schema: public; Owner: postgres
--

ALTER TABLE ONLY public.payment_collection_sessions
    ADD CONSTRAINT "FK_payment_collection_sessions_payment_session_id" FOREIGN KEY (payment_session_id) REFERENCES public.payment_session(id) ON DELETE CASCADE;


--
-- Name: product_category_product FK_product_category_id; Type: FK CONSTRAINT; Schema: public; Owner: postgres
--

ALTER TABLE ONLY public.product_category_product
    ADD CONSTRAINT "FK_product_category_id" FOREIGN KEY (product_category_id) REFERENCES public.product_category(id) ON DELETE CASCADE;


--
-- Name: product_category_product FK_product_id; Type: FK CONSTRAINT; Schema: public; Owner: postgres
--

ALTER TABLE ONLY public.product_category_product
    ADD CONSTRAINT "FK_product_id" FOREIGN KEY (product_id) REFERENCES public.product(id) ON DELETE CASCADE;


--
-- Name: refund FK_refund_payment_id; Type: FK CONSTRAINT; Schema: public; Owner: postgres
--

ALTER TABLE ONLY public.refund
    ADD CONSTRAINT "FK_refund_payment_id" FOREIGN KEY (payment_id) REFERENCES public.payment(id);


--
-- Name: line_item line_item_order_edit_fk; Type: FK CONSTRAINT; Schema: public; Owner: postgres
--

ALTER TABLE ONLY public.line_item
    ADD CONSTRAINT line_item_order_edit_fk FOREIGN KEY (order_edit_id) REFERENCES public.order_edit(id);


--
-- Name: line_item line_item_original_item_fk; Type: FK CONSTRAINT; Schema: public; Owner: postgres
--

ALTER TABLE ONLY public.line_item
    ADD CONSTRAINT line_item_original_item_fk FOREIGN KEY (original_item_id) REFERENCES public.line_item(id);


--
-- PostgreSQL database dump complete
--

--
-- Database "medusa-p-ww" dump
--

--
-- PostgreSQL database dump
--

-- Dumped from database version 14.10 (Ubuntu 14.10-0ubuntu0.22.04.1)
-- Dumped by pg_dump version 14.10 (Ubuntu 14.10-0ubuntu0.22.04.1)

SET statement_timeout = 0;
SET lock_timeout = 0;
SET idle_in_transaction_session_timeout = 0;
SET client_encoding = 'UTF8';
SET standard_conforming_strings = on;
SELECT pg_catalog.set_config('search_path', '', false);
SET check_function_bodies = false;
SET xmloption = content;
SET client_min_messages = warning;
SET row_security = off;

--
-- Name: medusa-p-ww; Type: DATABASE; Schema: -; Owner: postgres
--

CREATE DATABASE "medusa-p-ww" WITH TEMPLATE = template0 ENCODING = 'UTF8' LOCALE = 'en_US.UTF-8';


ALTER DATABASE "medusa-p-ww" OWNER TO postgres;

\connect -reuse-previous=on "dbname='medusa-p-ww'"

SET statement_timeout = 0;
SET lock_timeout = 0;
SET idle_in_transaction_session_timeout = 0;
SET client_encoding = 'UTF8';
SET standard_conforming_strings = on;
SELECT pg_catalog.set_config('search_path', '', false);
SET check_function_bodies = false;
SET xmloption = content;
SET client_min_messages = warning;
SET row_security = off;

--
-- Name: pg_trgm; Type: EXTENSION; Schema: -; Owner: -
--

CREATE EXTENSION IF NOT EXISTS pg_trgm WITH SCHEMA public;


--
-- Name: EXTENSION pg_trgm; Type: COMMENT; Schema: -; Owner: 
--

COMMENT ON EXTENSION pg_trgm IS 'text similarity measurement and index searching based on trigrams';


--
-- Name: PAYMENT_COLLECTION_STATUS_ENUM; Type: TYPE; Schema: public; Owner: postgres
--

CREATE TYPE public."PAYMENT_COLLECTION_STATUS_ENUM" AS ENUM (
    'not_paid',
    'awaiting',
    'authorized',
    'partially_authorized',
    'canceled'
);


ALTER TYPE public."PAYMENT_COLLECTION_STATUS_ENUM" OWNER TO postgres;

--
-- Name: PAYMENT_COLLECTION_TYPE_ENUM; Type: TYPE; Schema: public; Owner: postgres
--

CREATE TYPE public."PAYMENT_COLLECTION_TYPE_ENUM" AS ENUM (
    'order_edit'
);


ALTER TYPE public."PAYMENT_COLLECTION_TYPE_ENUM" OWNER TO postgres;

--
-- Name: cart_type_enum; Type: TYPE; Schema: public; Owner: postgres
--

CREATE TYPE public.cart_type_enum AS ENUM (
    'default',
    'swap',
    'draft_order',
    'payment_link',
    'claim'
);


ALTER TYPE public.cart_type_enum OWNER TO postgres;

--
-- Name: claim_item_reason_enum; Type: TYPE; Schema: public; Owner: postgres
--

CREATE TYPE public.claim_item_reason_enum AS ENUM (
    'missing_item',
    'wrong_item',
    'production_failure',
    'other'
);


ALTER TYPE public.claim_item_reason_enum OWNER TO postgres;

--
-- Name: claim_order_fulfillment_status_enum; Type: TYPE; Schema: public; Owner: postgres
--

CREATE TYPE public.claim_order_fulfillment_status_enum AS ENUM (
    'not_fulfilled',
    'partially_fulfilled',
    'fulfilled',
    'partially_shipped',
    'shipped',
    'partially_returned',
    'returned',
    'canceled',
    'requires_action'
);


ALTER TYPE public.claim_order_fulfillment_status_enum OWNER TO postgres;

--
-- Name: claim_order_payment_status_enum; Type: TYPE; Schema: public; Owner: postgres
--

CREATE TYPE public.claim_order_payment_status_enum AS ENUM (
    'na',
    'not_refunded',
    'refunded'
);


ALTER TYPE public.claim_order_payment_status_enum OWNER TO postgres;

--
-- Name: claim_order_type_enum; Type: TYPE; Schema: public; Owner: postgres
--

CREATE TYPE public.claim_order_type_enum AS ENUM (
    'refund',
    'replace'
);


ALTER TYPE public.claim_order_type_enum OWNER TO postgres;

--
-- Name: discount_condition_operator_enum; Type: TYPE; Schema: public; Owner: postgres
--

CREATE TYPE public.discount_condition_operator_enum AS ENUM (
    'in',
    'not_in'
);


ALTER TYPE public.discount_condition_operator_enum OWNER TO postgres;

--
-- Name: discount_condition_type_enum; Type: TYPE; Schema: public; Owner: postgres
--

CREATE TYPE public.discount_condition_type_enum AS ENUM (
    'products',
    'product_types',
    'product_collections',
    'product_tags',
    'customer_groups'
);


ALTER TYPE public.discount_condition_type_enum OWNER TO postgres;

--
-- Name: discount_rule_allocation_enum; Type: TYPE; Schema: public; Owner: postgres
--

CREATE TYPE public.discount_rule_allocation_enum AS ENUM (
    'total',
    'item'
);


ALTER TYPE public.discount_rule_allocation_enum OWNER TO postgres;

--
-- Name: discount_rule_type_enum; Type: TYPE; Schema: public; Owner: postgres
--

CREATE TYPE public.discount_rule_type_enum AS ENUM (
    'fixed',
    'percentage',
    'free_shipping'
);


ALTER TYPE public.discount_rule_type_enum OWNER TO postgres;

--
-- Name: draft_order_status_enum; Type: TYPE; Schema: public; Owner: postgres
--

CREATE TYPE public.draft_order_status_enum AS ENUM (
    'open',
    'completed'
);


ALTER TYPE public.draft_order_status_enum OWNER TO postgres;

--
-- Name: invite_role_enum; Type: TYPE; Schema: public; Owner: postgres
--

CREATE TYPE public.invite_role_enum AS ENUM (
    'admin',
    'member',
    'developer'
);


ALTER TYPE public.invite_role_enum OWNER TO postgres;

--
-- Name: order_fulfillment_status_enum; Type: TYPE; Schema: public; Owner: postgres
--

CREATE TYPE public.order_fulfillment_status_enum AS ENUM (
    'not_fulfilled',
    'partially_fulfilled',
    'fulfilled',
    'partially_shipped',
    'shipped',
    'partially_returned',
    'returned',
    'canceled',
    'requires_action'
);


ALTER TYPE public.order_fulfillment_status_enum OWNER TO postgres;

--
-- Name: order_item_change_type_enum; Type: TYPE; Schema: public; Owner: postgres
--

CREATE TYPE public.order_item_change_type_enum AS ENUM (
    'item_add',
    'item_remove',
    'item_update'
);


ALTER TYPE public.order_item_change_type_enum OWNER TO postgres;

--
-- Name: order_payment_status_enum; Type: TYPE; Schema: public; Owner: postgres
--

CREATE TYPE public.order_payment_status_enum AS ENUM (
    'not_paid',
    'awaiting',
    'captured',
    'partially_refunded',
    'refunded',
    'canceled',
    'requires_action'
);


ALTER TYPE public.order_payment_status_enum OWNER TO postgres;

--
-- Name: order_status_enum; Type: TYPE; Schema: public; Owner: postgres
--

CREATE TYPE public.order_status_enum AS ENUM (
    'pending',
    'completed',
    'archived',
    'canceled',
    'requires_action'
);


ALTER TYPE public.order_status_enum OWNER TO postgres;

--
-- Name: payment_session_status_enum; Type: TYPE; Schema: public; Owner: postgres
--

CREATE TYPE public.payment_session_status_enum AS ENUM (
    'authorized',
    'pending',
    'requires_more',
    'error',
    'canceled'
);


ALTER TYPE public.payment_session_status_enum OWNER TO postgres;

--
-- Name: price_list_status_enum; Type: TYPE; Schema: public; Owner: postgres
--

CREATE TYPE public.price_list_status_enum AS ENUM (
    'active',
    'draft'
);


ALTER TYPE public.price_list_status_enum OWNER TO postgres;

--
-- Name: price_list_type_enum; Type: TYPE; Schema: public; Owner: postgres
--

CREATE TYPE public.price_list_type_enum AS ENUM (
    'sale',
    'override'
);


ALTER TYPE public.price_list_type_enum OWNER TO postgres;

--
-- Name: product_status_enum; Type: TYPE; Schema: public; Owner: postgres
--

CREATE TYPE public.product_status_enum AS ENUM (
    'draft',
    'proposed',
    'published',
    'rejected'
);


ALTER TYPE public.product_status_enum OWNER TO postgres;

--
-- Name: refund_reason_enum; Type: TYPE; Schema: public; Owner: postgres
--

CREATE TYPE public.refund_reason_enum AS ENUM (
    'discount',
    'return',
    'swap',
    'claim',
    'other'
);


ALTER TYPE public.refund_reason_enum OWNER TO postgres;

--
-- Name: return_status_enum; Type: TYPE; Schema: public; Owner: postgres
--

CREATE TYPE public.return_status_enum AS ENUM (
    'requested',
    'received',
    'requires_action',
    'canceled'
);


ALTER TYPE public.return_status_enum OWNER TO postgres;

--
-- Name: shipping_option_price_type_enum; Type: TYPE; Schema: public; Owner: postgres
--

CREATE TYPE public.shipping_option_price_type_enum AS ENUM (
    'flat_rate',
    'calculated'
);


ALTER TYPE public.shipping_option_price_type_enum OWNER TO postgres;

--
-- Name: shipping_option_requirement_type_enum; Type: TYPE; Schema: public; Owner: postgres
--

CREATE TYPE public.shipping_option_requirement_type_enum AS ENUM (
    'min_subtotal',
    'max_subtotal'
);


ALTER TYPE public.shipping_option_requirement_type_enum OWNER TO postgres;

--
-- Name: shipping_profile_type_enum; Type: TYPE; Schema: public; Owner: postgres
--

CREATE TYPE public.shipping_profile_type_enum AS ENUM (
    'default',
    'gift_card',
    'custom'
);


ALTER TYPE public.shipping_profile_type_enum OWNER TO postgres;

--
-- Name: swap_fulfillment_status_enum; Type: TYPE; Schema: public; Owner: postgres
--

CREATE TYPE public.swap_fulfillment_status_enum AS ENUM (
    'not_fulfilled',
    'fulfilled',
    'shipped',
    'partially_shipped',
    'canceled',
    'requires_action'
);


ALTER TYPE public.swap_fulfillment_status_enum OWNER TO postgres;

--
-- Name: swap_payment_status_enum; Type: TYPE; Schema: public; Owner: postgres
--

CREATE TYPE public.swap_payment_status_enum AS ENUM (
    'not_paid',
    'awaiting',
    'captured',
    'confirmed',
    'canceled',
    'difference_refunded',
    'partially_refunded',
    'refunded',
    'requires_action'
);


ALTER TYPE public.swap_payment_status_enum OWNER TO postgres;

--
-- Name: user_role_enum; Type: TYPE; Schema: public; Owner: postgres
--

CREATE TYPE public.user_role_enum AS ENUM (
    'admin',
    'member',
    'developer'
);


ALTER TYPE public.user_role_enum OWNER TO postgres;

SET default_tablespace = '';

SET default_table_access_method = heap;

--
-- Name: address; Type: TABLE; Schema: public; Owner: postgres
--

CREATE TABLE public.address (
    id character varying NOT NULL,
    customer_id character varying,
    company character varying,
    first_name character varying,
    last_name character varying,
    address_1 character varying,
    address_2 character varying,
    city character varying,
    country_code character varying,
    province character varying,
    postal_code character varying,
    phone character varying,
    created_at timestamp with time zone DEFAULT now() NOT NULL,
    updated_at timestamp with time zone DEFAULT now() NOT NULL,
    deleted_at timestamp with time zone,
    metadata jsonb
);


ALTER TABLE public.address OWNER TO postgres;

--
-- Name: analytics_config; Type: TABLE; Schema: public; Owner: postgres
--

CREATE TABLE public.analytics_config (
    id character varying NOT NULL,
    created_at timestamp with time zone DEFAULT now() NOT NULL,
    updated_at timestamp with time zone DEFAULT now() NOT NULL,
    deleted_at timestamp with time zone,
    user_id character varying NOT NULL,
    opt_out boolean DEFAULT false NOT NULL,
    anonymize boolean DEFAULT false NOT NULL
);


ALTER TABLE public.analytics_config OWNER TO postgres;

--
-- Name: batch_job; Type: TABLE; Schema: public; Owner: postgres
--

CREATE TABLE public.batch_job (
    id character varying NOT NULL,
    type text NOT NULL,
    created_by character varying,
    context jsonb,
    result jsonb,
    dry_run boolean DEFAULT false NOT NULL,
    created_at timestamp with time zone DEFAULT now() NOT NULL,
    pre_processed_at timestamp with time zone,
    confirmed_at timestamp with time zone,
    processing_at timestamp with time zone,
    completed_at timestamp with time zone,
    failed_at timestamp with time zone,
    canceled_at timestamp with time zone,
    updated_at timestamp with time zone DEFAULT now() NOT NULL,
    deleted_at timestamp with time zone
);


ALTER TABLE public.batch_job OWNER TO postgres;

--
-- Name: cart; Type: TABLE; Schema: public; Owner: postgres
--

CREATE TABLE public.cart (
    id character varying NOT NULL,
    email character varying,
    billing_address_id character varying,
    shipping_address_id character varying,
    region_id character varying NOT NULL,
    customer_id character varying,
    payment_id character varying,
    type public.cart_type_enum DEFAULT 'default'::public.cart_type_enum NOT NULL,
    completed_at timestamp with time zone,
    created_at timestamp with time zone DEFAULT now() NOT NULL,
    updated_at timestamp with time zone DEFAULT now() NOT NULL,
    deleted_at timestamp with time zone,
    metadata jsonb,
    idempotency_key character varying,
    context jsonb,
    payment_authorized_at timestamp with time zone,
    sales_channel_id character varying
);


ALTER TABLE public.cart OWNER TO postgres;

--
-- Name: cart_discounts; Type: TABLE; Schema: public; Owner: postgres
--

CREATE TABLE public.cart_discounts (
    cart_id character varying NOT NULL,
    discount_id character varying NOT NULL
);


ALTER TABLE public.cart_discounts OWNER TO postgres;

--
-- Name: cart_gift_cards; Type: TABLE; Schema: public; Owner: postgres
--

CREATE TABLE public.cart_gift_cards (
    cart_id character varying NOT NULL,
    gift_card_id character varying NOT NULL
);


ALTER TABLE public.cart_gift_cards OWNER TO postgres;

--
-- Name: claim_image; Type: TABLE; Schema: public; Owner: postgres
--

CREATE TABLE public.claim_image (
    id character varying NOT NULL,
    claim_item_id character varying NOT NULL,
    url character varying NOT NULL,
    created_at timestamp with time zone DEFAULT now() NOT NULL,
    updated_at timestamp with time zone DEFAULT now() NOT NULL,
    deleted_at timestamp with time zone,
    metadata jsonb
);


ALTER TABLE public.claim_image OWNER TO postgres;

--
-- Name: claim_item; Type: TABLE; Schema: public; Owner: postgres
--

CREATE TABLE public.claim_item (
    id character varying NOT NULL,
    claim_order_id character varying NOT NULL,
    item_id character varying NOT NULL,
    variant_id character varying NOT NULL,
    reason public.claim_item_reason_enum NOT NULL,
    note character varying,
    quantity integer NOT NULL,
    created_at timestamp with time zone DEFAULT now() NOT NULL,
    updated_at timestamp with time zone DEFAULT now() NOT NULL,
    deleted_at timestamp with time zone,
    metadata jsonb
);


ALTER TABLE public.claim_item OWNER TO postgres;

--
-- Name: claim_item_tags; Type: TABLE; Schema: public; Owner: postgres
--

CREATE TABLE public.claim_item_tags (
    item_id character varying NOT NULL,
    tag_id character varying NOT NULL
);


ALTER TABLE public.claim_item_tags OWNER TO postgres;

--
-- Name: claim_order; Type: TABLE; Schema: public; Owner: postgres
--

CREATE TABLE public.claim_order (
    id character varying NOT NULL,
    payment_status public.claim_order_payment_status_enum DEFAULT 'na'::public.claim_order_payment_status_enum NOT NULL,
    fulfillment_status public.claim_order_fulfillment_status_enum DEFAULT 'not_fulfilled'::public.claim_order_fulfillment_status_enum NOT NULL,
    type public.claim_order_type_enum NOT NULL,
    order_id character varying NOT NULL,
    shipping_address_id character varying,
    refund_amount integer,
    canceled_at timestamp with time zone,
    created_at timestamp with time zone DEFAULT now() NOT NULL,
    updated_at timestamp with time zone DEFAULT now() NOT NULL,
    deleted_at timestamp with time zone,
    metadata jsonb,
    idempotency_key character varying,
    no_notification boolean
);


ALTER TABLE public.claim_order OWNER TO postgres;

--
-- Name: claim_tag; Type: TABLE; Schema: public; Owner: postgres
--

CREATE TABLE public.claim_tag (
    id character varying NOT NULL,
    value character varying NOT NULL,
    created_at timestamp with time zone DEFAULT now() NOT NULL,
    updated_at timestamp with time zone DEFAULT now() NOT NULL,
    deleted_at timestamp with time zone,
    metadata jsonb
);


ALTER TABLE public.claim_tag OWNER TO postgres;

--
-- Name: country; Type: TABLE; Schema: public; Owner: postgres
--

CREATE TABLE public.country (
    id integer NOT NULL,
    iso_2 character varying NOT NULL,
    iso_3 character varying NOT NULL,
    num_code integer NOT NULL,
    name character varying NOT NULL,
    display_name character varying NOT NULL,
    region_id character varying
);


ALTER TABLE public.country OWNER TO postgres;

--
-- Name: country_id_seq; Type: SEQUENCE; Schema: public; Owner: postgres
--

CREATE SEQUENCE public.country_id_seq
    AS integer
    START WITH 1
    INCREMENT BY 1
    NO MINVALUE
    NO MAXVALUE
    CACHE 1;


ALTER TABLE public.country_id_seq OWNER TO postgres;

--
-- Name: country_id_seq; Type: SEQUENCE OWNED BY; Schema: public; Owner: postgres
--

ALTER SEQUENCE public.country_id_seq OWNED BY public.country.id;


--
-- Name: currency; Type: TABLE; Schema: public; Owner: postgres
--

CREATE TABLE public.currency (
    code character varying NOT NULL,
    symbol character varying NOT NULL,
    symbol_native character varying NOT NULL,
    name character varying NOT NULL
);


ALTER TABLE public.currency OWNER TO postgres;

--
-- Name: custom_shipping_option; Type: TABLE; Schema: public; Owner: postgres
--

CREATE TABLE public.custom_shipping_option (
    id character varying NOT NULL,
    price integer NOT NULL,
    shipping_option_id character varying NOT NULL,
    cart_id character varying,
    created_at timestamp with time zone DEFAULT now() NOT NULL,
    updated_at timestamp with time zone DEFAULT now() NOT NULL,
    deleted_at timestamp with time zone,
    metadata jsonb
);


ALTER TABLE public.custom_shipping_option OWNER TO postgres;

--
-- Name: customer; Type: TABLE; Schema: public; Owner: postgres
--

CREATE TABLE public.customer (
    id character varying NOT NULL,
    email character varying NOT NULL,
    first_name character varying,
    last_name character varying,
    billing_address_id character varying,
    password_hash character varying,
    phone character varying,
    has_account boolean DEFAULT false NOT NULL,
    created_at timestamp with time zone DEFAULT now() NOT NULL,
    updated_at timestamp with time zone DEFAULT now() NOT NULL,
    deleted_at timestamp with time zone,
    metadata jsonb
);


ALTER TABLE public.customer OWNER TO postgres;

--
-- Name: customer_group; Type: TABLE; Schema: public; Owner: postgres
--

CREATE TABLE public.customer_group (
    id character varying NOT NULL,
    name character varying NOT NULL,
    created_at timestamp with time zone DEFAULT now() NOT NULL,
    updated_at timestamp with time zone DEFAULT now() NOT NULL,
    deleted_at timestamp with time zone,
    metadata jsonb
);


ALTER TABLE public.customer_group OWNER TO postgres;

--
-- Name: customer_group_customers; Type: TABLE; Schema: public; Owner: postgres
--

CREATE TABLE public.customer_group_customers (
    customer_group_id character varying NOT NULL,
    customer_id character varying NOT NULL
);


ALTER TABLE public.customer_group_customers OWNER TO postgres;

--
-- Name: discount; Type: TABLE; Schema: public; Owner: postgres
--

CREATE TABLE public.discount (
    id character varying NOT NULL,
    code character varying NOT NULL,
    is_dynamic boolean NOT NULL,
    rule_id character varying,
    is_disabled boolean NOT NULL,
    parent_discount_id character varying,
    starts_at timestamp with time zone DEFAULT CURRENT_TIMESTAMP NOT NULL,
    ends_at timestamp with time zone,
    created_at timestamp with time zone DEFAULT now() NOT NULL,
    updated_at timestamp with time zone DEFAULT now() NOT NULL,
    deleted_at timestamp with time zone,
    metadata jsonb,
    usage_limit integer,
    usage_count integer DEFAULT 0 NOT NULL,
    valid_duration character varying
);


ALTER TABLE public.discount OWNER TO postgres;

--
-- Name: discount_condition; Type: TABLE; Schema: public; Owner: postgres
--

CREATE TABLE public.discount_condition (
    id character varying NOT NULL,
    type public.discount_condition_type_enum NOT NULL,
    operator public.discount_condition_operator_enum NOT NULL,
    discount_rule_id character varying NOT NULL,
    created_at timestamp with time zone DEFAULT now() NOT NULL,
    updated_at timestamp with time zone DEFAULT now() NOT NULL,
    deleted_at timestamp with time zone,
    metadata jsonb
);


ALTER TABLE public.discount_condition OWNER TO postgres;

--
-- Name: discount_condition_customer_group; Type: TABLE; Schema: public; Owner: postgres
--

CREATE TABLE public.discount_condition_customer_group (
    customer_group_id character varying NOT NULL,
    condition_id character varying NOT NULL,
    created_at timestamp with time zone DEFAULT now() NOT NULL,
    updated_at timestamp with time zone DEFAULT now() NOT NULL,
    metadata jsonb
);


ALTER TABLE public.discount_condition_customer_group OWNER TO postgres;

--
-- Name: discount_condition_product; Type: TABLE; Schema: public; Owner: postgres
--

CREATE TABLE public.discount_condition_product (
    product_id character varying NOT NULL,
    condition_id character varying NOT NULL,
    created_at timestamp with time zone DEFAULT now() NOT NULL,
    updated_at timestamp with time zone DEFAULT now() NOT NULL,
    metadata jsonb
);


ALTER TABLE public.discount_condition_product OWNER TO postgres;

--
-- Name: discount_condition_product_collection; Type: TABLE; Schema: public; Owner: postgres
--

CREATE TABLE public.discount_condition_product_collection (
    product_collection_id character varying NOT NULL,
    condition_id character varying NOT NULL,
    created_at timestamp with time zone DEFAULT now() NOT NULL,
    updated_at timestamp with time zone DEFAULT now() NOT NULL,
    metadata jsonb
);


ALTER TABLE public.discount_condition_product_collection OWNER TO postgres;

--
-- Name: discount_condition_product_tag; Type: TABLE; Schema: public; Owner: postgres
--

CREATE TABLE public.discount_condition_product_tag (
    product_tag_id character varying NOT NULL,
    condition_id character varying NOT NULL,
    created_at timestamp with time zone DEFAULT now() NOT NULL,
    updated_at timestamp with time zone DEFAULT now() NOT NULL,
    metadata jsonb
);


ALTER TABLE public.discount_condition_product_tag OWNER TO postgres;

--
-- Name: discount_condition_product_type; Type: TABLE; Schema: public; Owner: postgres
--

CREATE TABLE public.discount_condition_product_type (
    product_type_id character varying NOT NULL,
    condition_id character varying NOT NULL,
    created_at timestamp with time zone DEFAULT now() NOT NULL,
    updated_at timestamp with time zone DEFAULT now() NOT NULL,
    metadata jsonb
);


ALTER TABLE public.discount_condition_product_type OWNER TO postgres;

--
-- Name: discount_regions; Type: TABLE; Schema: public; Owner: postgres
--

CREATE TABLE public.discount_regions (
    discount_id character varying NOT NULL,
    region_id character varying NOT NULL
);


ALTER TABLE public.discount_regions OWNER TO postgres;

--
-- Name: discount_rule; Type: TABLE; Schema: public; Owner: postgres
--

CREATE TABLE public.discount_rule (
    id character varying NOT NULL,
    description character varying,
    type public.discount_rule_type_enum NOT NULL,
    value integer NOT NULL,
    allocation public.discount_rule_allocation_enum,
    created_at timestamp with time zone DEFAULT now() NOT NULL,
    updated_at timestamp with time zone DEFAULT now() NOT NULL,
    deleted_at timestamp with time zone,
    metadata jsonb
);


ALTER TABLE public.discount_rule OWNER TO postgres;

--
-- Name: discount_rule_products; Type: TABLE; Schema: public; Owner: postgres
--

CREATE TABLE public.discount_rule_products (
    discount_rule_id character varying NOT NULL,
    product_id character varying NOT NULL
);


ALTER TABLE public.discount_rule_products OWNER TO postgres;

--
-- Name: draft_order; Type: TABLE; Schema: public; Owner: postgres
--

CREATE TABLE public.draft_order (
    id character varying NOT NULL,
    status public.draft_order_status_enum DEFAULT 'open'::public.draft_order_status_enum NOT NULL,
    display_id integer NOT NULL,
    cart_id character varying,
    order_id character varying,
    canceled_at timestamp with time zone,
    created_at timestamp with time zone DEFAULT now() NOT NULL,
    updated_at timestamp with time zone DEFAULT now() NOT NULL,
    completed_at timestamp with time zone,
    metadata jsonb,
    idempotency_key character varying,
    no_notification_order boolean
);


ALTER TABLE public.draft_order OWNER TO postgres;

--
-- Name: draft_order_display_id_seq; Type: SEQUENCE; Schema: public; Owner: postgres
--

CREATE SEQUENCE public.draft_order_display_id_seq
    AS integer
    START WITH 1
    INCREMENT BY 1
    NO MINVALUE
    NO MAXVALUE
    CACHE 1;


ALTER TABLE public.draft_order_display_id_seq OWNER TO postgres;

--
-- Name: draft_order_display_id_seq; Type: SEQUENCE OWNED BY; Schema: public; Owner: postgres
--

ALTER SEQUENCE public.draft_order_display_id_seq OWNED BY public.draft_order.display_id;


--
-- Name: fulfillment; Type: TABLE; Schema: public; Owner: postgres
--

CREATE TABLE public.fulfillment (
    id character varying NOT NULL,
    swap_id character varying,
    order_id character varying,
    tracking_numbers jsonb DEFAULT '[]'::jsonb NOT NULL,
    data jsonb NOT NULL,
    shipped_at timestamp with time zone,
    canceled_at timestamp with time zone,
    created_at timestamp with time zone DEFAULT now() NOT NULL,
    updated_at timestamp with time zone DEFAULT now() NOT NULL,
    metadata jsonb,
    idempotency_key character varying,
    provider_id character varying,
    claim_order_id character varying,
    no_notification boolean,
    location_id character varying
);


ALTER TABLE public.fulfillment OWNER TO postgres;

--
-- Name: fulfillment_item; Type: TABLE; Schema: public; Owner: postgres
--

CREATE TABLE public.fulfillment_item (
    fulfillment_id character varying NOT NULL,
    item_id character varying NOT NULL,
    quantity integer NOT NULL
);


ALTER TABLE public.fulfillment_item OWNER TO postgres;

--
-- Name: fulfillment_provider; Type: TABLE; Schema: public; Owner: postgres
--

CREATE TABLE public.fulfillment_provider (
    id character varying NOT NULL,
    is_installed boolean DEFAULT true NOT NULL
);


ALTER TABLE public.fulfillment_provider OWNER TO postgres;

--
-- Name: gift_card; Type: TABLE; Schema: public; Owner: postgres
--

CREATE TABLE public.gift_card (
    id character varying NOT NULL,
    code character varying NOT NULL,
    value integer NOT NULL,
    balance integer NOT NULL,
    region_id character varying NOT NULL,
    order_id character varying,
    is_disabled boolean DEFAULT false NOT NULL,
    ends_at timestamp with time zone,
    created_at timestamp with time zone DEFAULT now() NOT NULL,
    updated_at timestamp with time zone DEFAULT now() NOT NULL,
    deleted_at timestamp with time zone,
    metadata jsonb,
    tax_rate real
);


ALTER TABLE public.gift_card OWNER TO postgres;

--
-- Name: gift_card_transaction; Type: TABLE; Schema: public; Owner: postgres
--

CREATE TABLE public.gift_card_transaction (
    id character varying NOT NULL,
    gift_card_id character varying NOT NULL,
    order_id character varying NOT NULL,
    amount integer NOT NULL,
    created_at timestamp with time zone DEFAULT now() NOT NULL,
    is_taxable boolean,
    tax_rate real
);


ALTER TABLE public.gift_card_transaction OWNER TO postgres;

--
-- Name: idempotency_key; Type: TABLE; Schema: public; Owner: postgres
--

CREATE TABLE public.idempotency_key (
    id character varying NOT NULL,
    idempotency_key character varying NOT NULL,
    created_at timestamp with time zone DEFAULT now() NOT NULL,
    locked_at timestamp with time zone,
    request_method character varying,
    request_params jsonb,
    request_path character varying,
    response_code integer,
    response_body jsonb,
    recovery_point character varying DEFAULT 'started'::character varying NOT NULL
);


ALTER TABLE public.idempotency_key OWNER TO postgres;

--
-- Name: image; Type: TABLE; Schema: public; Owner: postgres
--

CREATE TABLE public.image (
    id character varying NOT NULL,
    url character varying NOT NULL,
    created_at timestamp with time zone DEFAULT now() NOT NULL,
    updated_at timestamp with time zone DEFAULT now() NOT NULL,
    deleted_at timestamp with time zone,
    metadata jsonb
);


ALTER TABLE public.image OWNER TO postgres;

--
-- Name: invite; Type: TABLE; Schema: public; Owner: postgres
--

CREATE TABLE public.invite (
    id character varying NOT NULL,
    user_email character varying NOT NULL,
    role public.invite_role_enum DEFAULT 'member'::public.invite_role_enum,
    accepted boolean DEFAULT false NOT NULL,
    created_at timestamp with time zone DEFAULT now() NOT NULL,
    updated_at timestamp with time zone DEFAULT now() NOT NULL,
    deleted_at timestamp with time zone,
    metadata jsonb,
    token character varying NOT NULL,
    expires_at timestamp with time zone DEFAULT now() NOT NULL
);


ALTER TABLE public.invite OWNER TO postgres;

--
-- Name: line_item; Type: TABLE; Schema: public; Owner: postgres
--

CREATE TABLE public.line_item (
    id character varying NOT NULL,
    cart_id character varying,
    order_id character varying,
    swap_id character varying,
    title character varying NOT NULL,
    description character varying,
    thumbnail character varying,
    is_giftcard boolean DEFAULT false NOT NULL,
    should_merge boolean DEFAULT true NOT NULL,
    allow_discounts boolean DEFAULT true NOT NULL,
    has_shipping boolean,
    unit_price integer NOT NULL,
    variant_id character varying,
    quantity integer NOT NULL,
    fulfilled_quantity integer,
    returned_quantity integer,
    shipped_quantity integer,
    created_at timestamp with time zone DEFAULT now() NOT NULL,
    updated_at timestamp with time zone DEFAULT now() NOT NULL,
    metadata jsonb,
    claim_order_id character varying,
    is_return boolean DEFAULT false NOT NULL,
    original_item_id character varying,
    order_edit_id character varying,
    CONSTRAINT "CHK_0cd85e15610d11b553d5e8fda6" CHECK ((shipped_quantity <= fulfilled_quantity)),
    CONSTRAINT "CHK_64eef00a5064887634f1680866" CHECK ((quantity > 0)),
    CONSTRAINT "CHK_91f40396d847f6ecfd9f752bf8" CHECK ((returned_quantity <= quantity)),
    CONSTRAINT "CHK_c61716c68f5ad5de2834c827d3" CHECK ((fulfilled_quantity <= quantity))
);


ALTER TABLE public.line_item OWNER TO postgres;

--
-- Name: line_item_adjustment; Type: TABLE; Schema: public; Owner: postgres
--

CREATE TABLE public.line_item_adjustment (
    id character varying NOT NULL,
    item_id character varying NOT NULL,
    description character varying NOT NULL,
    discount_id character varying,
    amount numeric NOT NULL,
    metadata jsonb
);


ALTER TABLE public.line_item_adjustment OWNER TO postgres;

--
-- Name: line_item_tax_line; Type: TABLE; Schema: public; Owner: postgres
--

CREATE TABLE public.line_item_tax_line (
    id character varying NOT NULL,
    rate real NOT NULL,
    name character varying NOT NULL,
    code character varying,
    created_at timestamp with time zone DEFAULT now() NOT NULL,
    updated_at timestamp with time zone DEFAULT now() NOT NULL,
    metadata jsonb,
    item_id character varying NOT NULL
);


ALTER TABLE public.line_item_tax_line OWNER TO postgres;

--
-- Name: migrations; Type: TABLE; Schema: public; Owner: postgres
--

CREATE TABLE public.migrations (
    id integer NOT NULL,
    "timestamp" bigint NOT NULL,
    name character varying NOT NULL
);


ALTER TABLE public.migrations OWNER TO postgres;

--
-- Name: migrations_id_seq; Type: SEQUENCE; Schema: public; Owner: postgres
--

CREATE SEQUENCE public.migrations_id_seq
    AS integer
    START WITH 1
    INCREMENT BY 1
    NO MINVALUE
    NO MAXVALUE
    CACHE 1;


ALTER TABLE public.migrations_id_seq OWNER TO postgres;

--
-- Name: migrations_id_seq; Type: SEQUENCE OWNED BY; Schema: public; Owner: postgres
--

ALTER SEQUENCE public.migrations_id_seq OWNED BY public.migrations.id;


--
-- Name: money_amount; Type: TABLE; Schema: public; Owner: postgres
--

CREATE TABLE public.money_amount (
    id character varying NOT NULL,
    currency_code character varying NOT NULL,
    amount integer NOT NULL,
    region_id character varying,
    created_at timestamp with time zone DEFAULT now() NOT NULL,
    updated_at timestamp with time zone DEFAULT now() NOT NULL,
    deleted_at timestamp with time zone,
    min_quantity integer,
    max_quantity integer,
    price_list_id character varying
);


ALTER TABLE public.money_amount OWNER TO postgres;

--
-- Name: note; Type: TABLE; Schema: public; Owner: postgres
--

CREATE TABLE public.note (
    id character varying NOT NULL,
    value character varying NOT NULL,
    resource_type character varying NOT NULL,
    resource_id character varying NOT NULL,
    author_id character varying,
    created_at timestamp with time zone DEFAULT now() NOT NULL,
    updated_at timestamp with time zone DEFAULT now() NOT NULL,
    deleted_at timestamp with time zone,
    metadata jsonb
);


ALTER TABLE public.note OWNER TO postgres;

--
-- Name: notification; Type: TABLE; Schema: public; Owner: postgres
--

CREATE TABLE public.notification (
    id character varying NOT NULL,
    event_name character varying,
    resource_type character varying NOT NULL,
    resource_id character varying NOT NULL,
    customer_id character varying,
    "to" character varying NOT NULL,
    data jsonb NOT NULL,
    parent_id character varying,
    provider_id character varying,
    created_at timestamp with time zone DEFAULT now() NOT NULL,
    updated_at timestamp with time zone DEFAULT now() NOT NULL
);


ALTER TABLE public.notification OWNER TO postgres;

--
-- Name: notification_provider; Type: TABLE; Schema: public; Owner: postgres
--

CREATE TABLE public.notification_provider (
    id character varying NOT NULL,
    is_installed boolean DEFAULT true NOT NULL
);


ALTER TABLE public.notification_provider OWNER TO postgres;

--
-- Name: oauth; Type: TABLE; Schema: public; Owner: postgres
--

CREATE TABLE public.oauth (
    id character varying NOT NULL,
    display_name character varying NOT NULL,
    application_name character varying NOT NULL,
    install_url character varying,
    uninstall_url character varying,
    data jsonb
);


ALTER TABLE public.oauth OWNER TO postgres;

--
-- Name: onboarding_state; Type: TABLE; Schema: public; Owner: postgres
--

CREATE TABLE public.onboarding_state (
    id character varying NOT NULL,
    created_at timestamp with time zone DEFAULT now() NOT NULL,
    updated_at timestamp with time zone DEFAULT now() NOT NULL,
    current_step character varying,
    is_complete boolean NOT NULL,
    product_id character varying
);


ALTER TABLE public.onboarding_state OWNER TO postgres;

--
-- Name: order; Type: TABLE; Schema: public; Owner: postgres
--

CREATE TABLE public."order" (
    id character varying NOT NULL,
    status public.order_status_enum DEFAULT 'pending'::public.order_status_enum NOT NULL,
    fulfillment_status public.order_fulfillment_status_enum DEFAULT 'not_fulfilled'::public.order_fulfillment_status_enum NOT NULL,
    payment_status public.order_payment_status_enum DEFAULT 'not_paid'::public.order_payment_status_enum NOT NULL,
    display_id integer NOT NULL,
    cart_id character varying,
    customer_id character varying NOT NULL,
    email character varying NOT NULL,
    billing_address_id character varying,
    shipping_address_id character varying,
    region_id character varying NOT NULL,
    currency_code character varying NOT NULL,
    tax_rate real,
    canceled_at timestamp with time zone,
    created_at timestamp with time zone DEFAULT now() NOT NULL,
    updated_at timestamp with time zone DEFAULT now() NOT NULL,
    metadata jsonb,
    idempotency_key character varying,
    draft_order_id character varying,
    no_notification boolean,
    external_id character varying,
    sales_channel_id character varying
);


ALTER TABLE public."order" OWNER TO postgres;

--
-- Name: order_discounts; Type: TABLE; Schema: public; Owner: postgres
--

CREATE TABLE public.order_discounts (
    order_id character varying NOT NULL,
    discount_id character varying NOT NULL
);


ALTER TABLE public.order_discounts OWNER TO postgres;

--
-- Name: order_display_id_seq; Type: SEQUENCE; Schema: public; Owner: postgres
--

CREATE SEQUENCE public.order_display_id_seq
    AS integer
    START WITH 1
    INCREMENT BY 1
    NO MINVALUE
    NO MAXVALUE
    CACHE 1;


ALTER TABLE public.order_display_id_seq OWNER TO postgres;

--
-- Name: order_display_id_seq; Type: SEQUENCE OWNED BY; Schema: public; Owner: postgres
--

ALTER SEQUENCE public.order_display_id_seq OWNED BY public."order".display_id;


--
-- Name: order_edit; Type: TABLE; Schema: public; Owner: postgres
--

CREATE TABLE public.order_edit (
    id character varying NOT NULL,
    created_at timestamp with time zone DEFAULT now() NOT NULL,
    updated_at timestamp with time zone DEFAULT now() NOT NULL,
    order_id character varying NOT NULL,
    internal_note character varying,
    created_by character varying NOT NULL,
    requested_by character varying,
    requested_at timestamp with time zone,
    confirmed_by character varying,
    confirmed_at timestamp with time zone,
    declined_by character varying,
    declined_reason character varying,
    declined_at timestamp with time zone,
    canceled_by character varying,
    canceled_at timestamp with time zone,
    payment_collection_id character varying
);


ALTER TABLE public.order_edit OWNER TO postgres;

--
-- Name: order_gift_cards; Type: TABLE; Schema: public; Owner: postgres
--

CREATE TABLE public.order_gift_cards (
    order_id character varying NOT NULL,
    gift_card_id character varying NOT NULL
);


ALTER TABLE public.order_gift_cards OWNER TO postgres;

--
-- Name: order_item_change; Type: TABLE; Schema: public; Owner: postgres
--

CREATE TABLE public.order_item_change (
    id character varying NOT NULL,
    created_at timestamp with time zone DEFAULT now() NOT NULL,
    updated_at timestamp with time zone DEFAULT now() NOT NULL,
    deleted_at timestamp with time zone,
    type public.order_item_change_type_enum NOT NULL,
    order_edit_id character varying NOT NULL,
    original_line_item_id character varying,
    line_item_id character varying
);


ALTER TABLE public.order_item_change OWNER TO postgres;

--
-- Name: payment; Type: TABLE; Schema: public; Owner: postgres
--

CREATE TABLE public.payment (
    id character varying NOT NULL,
    swap_id character varying,
    cart_id character varying,
    order_id character varying,
    amount integer NOT NULL,
    currency_code character varying NOT NULL,
    amount_refunded integer DEFAULT 0 NOT NULL,
    provider_id character varying NOT NULL,
    data jsonb NOT NULL,
    captured_at timestamp with time zone,
    canceled_at timestamp with time zone,
    created_at timestamp with time zone DEFAULT now() NOT NULL,
    updated_at timestamp with time zone DEFAULT now() NOT NULL,
    metadata jsonb,
    idempotency_key character varying
);


ALTER TABLE public.payment OWNER TO postgres;

--
-- Name: payment_collection; Type: TABLE; Schema: public; Owner: postgres
--

CREATE TABLE public.payment_collection (
    id character varying NOT NULL,
    created_at timestamp with time zone DEFAULT now() NOT NULL,
    updated_at timestamp with time zone DEFAULT now() NOT NULL,
    deleted_at timestamp with time zone,
    type public."PAYMENT_COLLECTION_TYPE_ENUM" NOT NULL,
    status public."PAYMENT_COLLECTION_STATUS_ENUM" NOT NULL,
    description text,
    amount integer NOT NULL,
    authorized_amount integer,
    region_id character varying NOT NULL,
    currency_code character varying NOT NULL,
    metadata jsonb,
    created_by character varying NOT NULL
);


ALTER TABLE public.payment_collection OWNER TO postgres;

--
-- Name: payment_collection_payments; Type: TABLE; Schema: public; Owner: postgres
--

CREATE TABLE public.payment_collection_payments (
    payment_collection_id character varying NOT NULL,
    payment_id character varying NOT NULL
);


ALTER TABLE public.payment_collection_payments OWNER TO postgres;

--
-- Name: payment_collection_sessions; Type: TABLE; Schema: public; Owner: postgres
--

CREATE TABLE public.payment_collection_sessions (
    payment_collection_id character varying NOT NULL,
    payment_session_id character varying NOT NULL
);


ALTER TABLE public.payment_collection_sessions OWNER TO postgres;

--
-- Name: payment_provider; Type: TABLE; Schema: public; Owner: postgres
--

CREATE TABLE public.payment_provider (
    id character varying NOT NULL,
    is_installed boolean DEFAULT true NOT NULL
);


ALTER TABLE public.payment_provider OWNER TO postgres;

--
-- Name: payment_session; Type: TABLE; Schema: public; Owner: postgres
--

CREATE TABLE public.payment_session (
    id character varying NOT NULL,
    cart_id character varying,
    provider_id character varying NOT NULL,
    is_selected boolean,
    status public.payment_session_status_enum NOT NULL,
    data jsonb NOT NULL,
    created_at timestamp with time zone DEFAULT now() NOT NULL,
    updated_at timestamp with time zone DEFAULT now() NOT NULL,
    idempotency_key character varying,
    payment_authorized_at timestamp with time zone,
    amount integer,
    is_initiated boolean DEFAULT false NOT NULL
);


ALTER TABLE public.payment_session OWNER TO postgres;

--
-- Name: price_list; Type: TABLE; Schema: public; Owner: postgres
--

CREATE TABLE public.price_list (
    id character varying NOT NULL,
    name character varying NOT NULL,
    description character varying NOT NULL,
    type public.price_list_type_enum DEFAULT 'sale'::public.price_list_type_enum NOT NULL,
    status public.price_list_status_enum DEFAULT 'draft'::public.price_list_status_enum NOT NULL,
    starts_at timestamp with time zone,
    ends_at timestamp with time zone,
    created_at timestamp with time zone DEFAULT now() NOT NULL,
    updated_at timestamp with time zone DEFAULT now() NOT NULL,
    deleted_at timestamp with time zone
);


ALTER TABLE public.price_list OWNER TO postgres;

--
-- Name: price_list_customer_groups; Type: TABLE; Schema: public; Owner: postgres
--

CREATE TABLE public.price_list_customer_groups (
    price_list_id character varying NOT NULL,
    customer_group_id character varying NOT NULL
);


ALTER TABLE public.price_list_customer_groups OWNER TO postgres;

--
-- Name: product; Type: TABLE; Schema: public; Owner: postgres
--

CREATE TABLE public.product (
    id character varying NOT NULL,
    title character varying NOT NULL,
    subtitle character varying,
    description character varying,
    handle character varying,
    is_giftcard boolean DEFAULT false NOT NULL,
    thumbnail character varying,
    weight integer,
    length integer,
    height integer,
    width integer,
    hs_code character varying,
    origin_country character varying,
    mid_code character varying,
    material character varying,
    created_at timestamp with time zone DEFAULT now() NOT NULL,
    updated_at timestamp with time zone DEFAULT now() NOT NULL,
    deleted_at timestamp with time zone,
    metadata jsonb,
    collection_id character varying,
    type_id character varying,
    discountable boolean DEFAULT true NOT NULL,
    status public.product_status_enum DEFAULT 'draft'::public.product_status_enum NOT NULL,
    external_id character varying
);


ALTER TABLE public.product OWNER TO postgres;

--
-- Name: product_category; Type: TABLE; Schema: public; Owner: postgres
--

CREATE TABLE public.product_category (
    id character varying NOT NULL,
    name text NOT NULL,
    handle text NOT NULL,
    parent_category_id character varying,
    mpath text,
    is_active boolean DEFAULT false,
    is_internal boolean DEFAULT false,
    created_at timestamp with time zone DEFAULT now() NOT NULL,
    updated_at timestamp with time zone DEFAULT now() NOT NULL,
    rank integer DEFAULT 0 NOT NULL,
    description text DEFAULT ''::text NOT NULL,
    metadata jsonb,
    CONSTRAINT product_category_rank_check CHECK ((rank >= 0))
);


ALTER TABLE public.product_category OWNER TO postgres;

--
-- Name: product_category_product; Type: TABLE; Schema: public; Owner: postgres
--

CREATE TABLE public.product_category_product (
    product_category_id character varying NOT NULL,
    product_id character varying NOT NULL
);


ALTER TABLE public.product_category_product OWNER TO postgres;

--
-- Name: product_collection; Type: TABLE; Schema: public; Owner: postgres
--

CREATE TABLE public.product_collection (
    id character varying NOT NULL,
    title character varying NOT NULL,
    handle character varying,
    created_at timestamp with time zone DEFAULT now() NOT NULL,
    updated_at timestamp with time zone DEFAULT now() NOT NULL,
    deleted_at timestamp with time zone,
    metadata jsonb
);


ALTER TABLE public.product_collection OWNER TO postgres;

--
-- Name: product_images; Type: TABLE; Schema: public; Owner: postgres
--

CREATE TABLE public.product_images (
    product_id character varying NOT NULL,
    image_id character varying NOT NULL
);


ALTER TABLE public.product_images OWNER TO postgres;

--
-- Name: product_option; Type: TABLE; Schema: public; Owner: postgres
--

CREATE TABLE public.product_option (
    id character varying NOT NULL,
    title character varying NOT NULL,
    created_at timestamp with time zone DEFAULT now() NOT NULL,
    updated_at timestamp with time zone DEFAULT now() NOT NULL,
    deleted_at timestamp with time zone,
    metadata jsonb,
    product_id character varying
);


ALTER TABLE public.product_option OWNER TO postgres;

--
-- Name: product_option_value; Type: TABLE; Schema: public; Owner: postgres
--

CREATE TABLE public.product_option_value (
    id character varying NOT NULL,
    value character varying NOT NULL,
    option_id character varying NOT NULL,
    variant_id character varying NOT NULL,
    created_at timestamp with time zone DEFAULT now() NOT NULL,
    updated_at timestamp with time zone DEFAULT now() NOT NULL,
    deleted_at timestamp with time zone,
    metadata jsonb
);


ALTER TABLE public.product_option_value OWNER TO postgres;

--
-- Name: product_sales_channel; Type: TABLE; Schema: public; Owner: postgres
--

CREATE TABLE public.product_sales_channel (
    product_id character varying NOT NULL,
    sales_channel_id character varying NOT NULL
);


ALTER TABLE public.product_sales_channel OWNER TO postgres;

--
-- Name: product_shipping_profile; Type: TABLE; Schema: public; Owner: postgres
--

CREATE TABLE public.product_shipping_profile (
    profile_id text NOT NULL,
    product_id text NOT NULL
);


ALTER TABLE public.product_shipping_profile OWNER TO postgres;

--
-- Name: product_tag; Type: TABLE; Schema: public; Owner: postgres
--

CREATE TABLE public.product_tag (
    id character varying NOT NULL,
    value character varying NOT NULL,
    created_at timestamp with time zone DEFAULT now() NOT NULL,
    updated_at timestamp with time zone DEFAULT now() NOT NULL,
    deleted_at timestamp with time zone,
    metadata jsonb
);


ALTER TABLE public.product_tag OWNER TO postgres;

--
-- Name: product_tags; Type: TABLE; Schema: public; Owner: postgres
--

CREATE TABLE public.product_tags (
    product_id character varying NOT NULL,
    product_tag_id character varying NOT NULL
);


ALTER TABLE public.product_tags OWNER TO postgres;

--
-- Name: product_tax_rate; Type: TABLE; Schema: public; Owner: postgres
--

CREATE TABLE public.product_tax_rate (
    product_id character varying NOT NULL,
    rate_id character varying NOT NULL,
    created_at timestamp with time zone DEFAULT now() NOT NULL,
    updated_at timestamp with time zone DEFAULT now() NOT NULL,
    metadata jsonb
);


ALTER TABLE public.product_tax_rate OWNER TO postgres;

--
-- Name: product_type; Type: TABLE; Schema: public; Owner: postgres
--

CREATE TABLE public.product_type (
    id character varying NOT NULL,
    value character varying NOT NULL,
    created_at timestamp with time zone DEFAULT now() NOT NULL,
    updated_at timestamp with time zone DEFAULT now() NOT NULL,
    deleted_at timestamp with time zone,
    metadata jsonb
);


ALTER TABLE public.product_type OWNER TO postgres;

--
-- Name: product_type_tax_rate; Type: TABLE; Schema: public; Owner: postgres
--

CREATE TABLE public.product_type_tax_rate (
    product_type_id character varying NOT NULL,
    rate_id character varying NOT NULL,
    created_at timestamp with time zone DEFAULT now() NOT NULL,
    updated_at timestamp with time zone DEFAULT now() NOT NULL,
    metadata jsonb
);


ALTER TABLE public.product_type_tax_rate OWNER TO postgres;

--
-- Name: product_variant; Type: TABLE; Schema: public; Owner: postgres
--

CREATE TABLE public.product_variant (
    id character varying NOT NULL,
    title character varying NOT NULL,
    product_id character varying NOT NULL,
    sku character varying,
    barcode character varying,
    ean character varying,
    upc character varying,
    inventory_quantity integer NOT NULL,
    allow_backorder boolean DEFAULT false NOT NULL,
    manage_inventory boolean DEFAULT true NOT NULL,
    hs_code character varying,
    origin_country character varying,
    mid_code character varying,
    material character varying,
    weight integer,
    length integer,
    height integer,
    width integer,
    created_at timestamp with time zone DEFAULT now() NOT NULL,
    updated_at timestamp with time zone DEFAULT now() NOT NULL,
    deleted_at timestamp with time zone,
    metadata jsonb,
    variant_rank integer DEFAULT 0
);


ALTER TABLE public.product_variant OWNER TO postgres;

--
-- Name: product_variant_inventory_item; Type: TABLE; Schema: public; Owner: postgres
--

CREATE TABLE public.product_variant_inventory_item (
    id character varying NOT NULL,
    created_at timestamp with time zone DEFAULT now() NOT NULL,
    updated_at timestamp with time zone DEFAULT now() NOT NULL,
    inventory_item_id text NOT NULL,
    variant_id text NOT NULL,
    required_quantity integer DEFAULT 1 NOT NULL,
    deleted_at timestamp with time zone
);


ALTER TABLE public.product_variant_inventory_item OWNER TO postgres;

--
-- Name: product_variant_money_amount; Type: TABLE; Schema: public; Owner: postgres
--

CREATE TABLE public.product_variant_money_amount (
    id character varying NOT NULL,
    money_amount_id text NOT NULL,
    variant_id text NOT NULL,
    deleted_at timestamp with time zone,
    created_at timestamp with time zone DEFAULT now() NOT NULL,
    updated_at timestamp with time zone DEFAULT now() NOT NULL
);


ALTER TABLE public.product_variant_money_amount OWNER TO postgres;

--
-- Name: publishable_api_key; Type: TABLE; Schema: public; Owner: postgres
--

CREATE TABLE public.publishable_api_key (
    id character varying NOT NULL,
    created_at timestamp with time zone DEFAULT now() NOT NULL,
    updated_at timestamp with time zone DEFAULT now() NOT NULL,
    created_by character varying,
    revoked_by character varying,
    revoked_at timestamp with time zone,
    title character varying NOT NULL
);


ALTER TABLE public.publishable_api_key OWNER TO postgres;

--
-- Name: publishable_api_key_sales_channel; Type: TABLE; Schema: public; Owner: postgres
--

CREATE TABLE public.publishable_api_key_sales_channel (
    sales_channel_id character varying NOT NULL,
    publishable_key_id character varying NOT NULL
);


ALTER TABLE public.publishable_api_key_sales_channel OWNER TO postgres;

--
-- Name: refund; Type: TABLE; Schema: public; Owner: postgres
--

CREATE TABLE public.refund (
    id character varying NOT NULL,
    order_id character varying,
    amount integer NOT NULL,
    note character varying,
    reason public.refund_reason_enum NOT NULL,
    created_at timestamp with time zone DEFAULT now() NOT NULL,
    updated_at timestamp with time zone DEFAULT now() NOT NULL,
    metadata jsonb,
    idempotency_key character varying,
    payment_id character varying
);


ALTER TABLE public.refund OWNER TO postgres;

--
-- Name: region; Type: TABLE; Schema: public; Owner: postgres
--

CREATE TABLE public.region (
    id character varying NOT NULL,
    name character varying NOT NULL,
    currency_code character varying NOT NULL,
    tax_rate real NOT NULL,
    tax_code character varying,
    created_at timestamp with time zone DEFAULT now() NOT NULL,
    updated_at timestamp with time zone DEFAULT now() NOT NULL,
    deleted_at timestamp with time zone,
    metadata jsonb,
    gift_cards_taxable boolean DEFAULT true NOT NULL,
    automatic_taxes boolean DEFAULT true NOT NULL,
    tax_provider_id character varying
);


ALTER TABLE public.region OWNER TO postgres;

--
-- Name: region_fulfillment_providers; Type: TABLE; Schema: public; Owner: postgres
--

CREATE TABLE public.region_fulfillment_providers (
    region_id character varying NOT NULL,
    provider_id character varying NOT NULL
);


ALTER TABLE public.region_fulfillment_providers OWNER TO postgres;

--
-- Name: region_payment_providers; Type: TABLE; Schema: public; Owner: postgres
--

CREATE TABLE public.region_payment_providers (
    region_id character varying NOT NULL,
    provider_id character varying NOT NULL
);


ALTER TABLE public.region_payment_providers OWNER TO postgres;

--
-- Name: return; Type: TABLE; Schema: public; Owner: postgres
--

CREATE TABLE public.return (
    id character varying NOT NULL,
    status public.return_status_enum DEFAULT 'requested'::public.return_status_enum NOT NULL,
    swap_id character varying,
    order_id character varying,
    shipping_data jsonb,
    refund_amount integer NOT NULL,
    received_at timestamp with time zone,
    created_at timestamp with time zone DEFAULT now() NOT NULL,
    updated_at timestamp with time zone DEFAULT now() NOT NULL,
    metadata jsonb,
    idempotency_key character varying,
    claim_order_id character varying,
    no_notification boolean,
    location_id character varying
);


ALTER TABLE public.return OWNER TO postgres;

--
-- Name: return_item; Type: TABLE; Schema: public; Owner: postgres
--

CREATE TABLE public.return_item (
    return_id character varying NOT NULL,
    item_id character varying NOT NULL,
    quantity integer NOT NULL,
    is_requested boolean DEFAULT true NOT NULL,
    requested_quantity integer,
    received_quantity integer,
    metadata jsonb,
    reason_id character varying,
    note character varying
);


ALTER TABLE public.return_item OWNER TO postgres;

--
-- Name: return_reason; Type: TABLE; Schema: public; Owner: postgres
--

CREATE TABLE public.return_reason (
    id character varying NOT NULL,
    value character varying NOT NULL,
    label character varying NOT NULL,
    description character varying,
    created_at timestamp with time zone DEFAULT now() NOT NULL,
    updated_at timestamp with time zone DEFAULT now() NOT NULL,
    deleted_at timestamp with time zone,
    metadata jsonb,
    parent_return_reason_id character varying
);


ALTER TABLE public.return_reason OWNER TO postgres;

--
-- Name: sales_channel; Type: TABLE; Schema: public; Owner: postgres
--

CREATE TABLE public.sales_channel (
    id character varying NOT NULL,
    created_at timestamp with time zone DEFAULT now() NOT NULL,
    updated_at timestamp with time zone DEFAULT now() NOT NULL,
    deleted_at timestamp with time zone,
    name character varying NOT NULL,
    description character varying,
    is_disabled boolean DEFAULT false NOT NULL,
    metadata jsonb
);


ALTER TABLE public.sales_channel OWNER TO postgres;

--
-- Name: sales_channel_location; Type: TABLE; Schema: public; Owner: postgres
--

CREATE TABLE public.sales_channel_location (
    id character varying NOT NULL,
    created_at timestamp with time zone DEFAULT now() NOT NULL,
    updated_at timestamp with time zone DEFAULT now() NOT NULL,
    sales_channel_id text NOT NULL,
    location_id text NOT NULL,
    deleted_at timestamp with time zone
);


ALTER TABLE public.sales_channel_location OWNER TO postgres;

--
-- Name: shipping_method; Type: TABLE; Schema: public; Owner: postgres
--

CREATE TABLE public.shipping_method (
    id character varying NOT NULL,
    shipping_option_id character varying NOT NULL,
    order_id character varying,
    cart_id character varying,
    swap_id character varying,
    return_id character varying,
    price integer NOT NULL,
    data jsonb NOT NULL,
    claim_order_id character varying,
    CONSTRAINT "CHK_64c6812fe7815be30d688df513" CHECK ((price >= 0)),
    CONSTRAINT "CHK_a7020b08665bbd64d84a6641cf" CHECK (((claim_order_id IS NOT NULL) OR (order_id IS NOT NULL) OR (cart_id IS NOT NULL) OR (swap_id IS NOT NULL) OR (return_id IS NOT NULL)))
);


ALTER TABLE public.shipping_method OWNER TO postgres;

--
-- Name: shipping_method_tax_line; Type: TABLE; Schema: public; Owner: postgres
--

CREATE TABLE public.shipping_method_tax_line (
    id character varying NOT NULL,
    rate real NOT NULL,
    name character varying NOT NULL,
    code character varying,
    created_at timestamp with time zone DEFAULT now() NOT NULL,
    updated_at timestamp with time zone DEFAULT now() NOT NULL,
    metadata jsonb,
    shipping_method_id character varying NOT NULL
);


ALTER TABLE public.shipping_method_tax_line OWNER TO postgres;

--
-- Name: shipping_option; Type: TABLE; Schema: public; Owner: postgres
--

CREATE TABLE public.shipping_option (
    id character varying NOT NULL,
    name character varying NOT NULL,
    region_id character varying NOT NULL,
    profile_id character varying NOT NULL,
    provider_id character varying NOT NULL,
    price_type public.shipping_option_price_type_enum NOT NULL,
    amount integer,
    is_return boolean DEFAULT false NOT NULL,
    data jsonb NOT NULL,
    created_at timestamp with time zone DEFAULT now() NOT NULL,
    updated_at timestamp with time zone DEFAULT now() NOT NULL,
    deleted_at timestamp with time zone,
    metadata jsonb,
    admin_only boolean DEFAULT false NOT NULL,
    CONSTRAINT "CHK_7a367f5901ae0a5b0df75aee38" CHECK ((amount >= 0))
);


ALTER TABLE public.shipping_option OWNER TO postgres;

--
-- Name: shipping_option_requirement; Type: TABLE; Schema: public; Owner: postgres
--

CREATE TABLE public.shipping_option_requirement (
    id character varying NOT NULL,
    shipping_option_id character varying NOT NULL,
    type public.shipping_option_requirement_type_enum NOT NULL,
    amount integer NOT NULL,
    deleted_at timestamp with time zone
);


ALTER TABLE public.shipping_option_requirement OWNER TO postgres;

--
-- Name: shipping_profile; Type: TABLE; Schema: public; Owner: postgres
--

CREATE TABLE public.shipping_profile (
    id character varying NOT NULL,
    name character varying NOT NULL,
    type public.shipping_profile_type_enum NOT NULL,
    created_at timestamp with time zone DEFAULT now() NOT NULL,
    updated_at timestamp with time zone DEFAULT now() NOT NULL,
    deleted_at timestamp with time zone,
    metadata jsonb
);


ALTER TABLE public.shipping_profile OWNER TO postgres;

--
-- Name: shipping_tax_rate; Type: TABLE; Schema: public; Owner: postgres
--

CREATE TABLE public.shipping_tax_rate (
    shipping_option_id character varying NOT NULL,
    rate_id character varying NOT NULL,
    created_at timestamp with time zone DEFAULT now() NOT NULL,
    updated_at timestamp with time zone DEFAULT now() NOT NULL,
    metadata jsonb
);


ALTER TABLE public.shipping_tax_rate OWNER TO postgres;

--
-- Name: staged_job; Type: TABLE; Schema: public; Owner: postgres
--

CREATE TABLE public.staged_job (
    id character varying NOT NULL,
    event_name character varying NOT NULL,
    data jsonb NOT NULL,
    options jsonb DEFAULT '{}'::jsonb NOT NULL
);


ALTER TABLE public.staged_job OWNER TO postgres;

--
-- Name: store; Type: TABLE; Schema: public; Owner: postgres
--

CREATE TABLE public.store (
    id character varying NOT NULL,
    name character varying DEFAULT 'Medusa Store'::character varying NOT NULL,
    default_currency_code character varying DEFAULT 'usd'::character varying NOT NULL,
    swap_link_template character varying,
    created_at timestamp with time zone DEFAULT now() NOT NULL,
    updated_at timestamp with time zone DEFAULT now() NOT NULL,
    metadata jsonb,
    payment_link_template character varying,
    invite_link_template character varying,
    default_sales_channel_id character varying,
    default_location_id character varying
);


ALTER TABLE public.store OWNER TO postgres;

--
-- Name: store_currencies; Type: TABLE; Schema: public; Owner: postgres
--

CREATE TABLE public.store_currencies (
    store_id character varying NOT NULL,
    currency_code character varying NOT NULL
);


ALTER TABLE public.store_currencies OWNER TO postgres;

--
-- Name: swap; Type: TABLE; Schema: public; Owner: postgres
--

CREATE TABLE public.swap (
    id character varying NOT NULL,
    fulfillment_status public.swap_fulfillment_status_enum NOT NULL,
    payment_status public.swap_payment_status_enum NOT NULL,
    order_id character varying NOT NULL,
    difference_due integer,
    shipping_address_id character varying,
    cart_id character varying,
    confirmed_at timestamp with time zone,
    created_at timestamp with time zone DEFAULT now() NOT NULL,
    updated_at timestamp with time zone DEFAULT now() NOT NULL,
    deleted_at timestamp with time zone,
    metadata jsonb,
    idempotency_key character varying,
    no_notification boolean,
    canceled_at timestamp with time zone,
    allow_backorder boolean DEFAULT false NOT NULL
);


ALTER TABLE public.swap OWNER TO postgres;

--
-- Name: tax_provider; Type: TABLE; Schema: public; Owner: postgres
--

CREATE TABLE public.tax_provider (
    id character varying NOT NULL,
    is_installed boolean DEFAULT true NOT NULL
);


ALTER TABLE public.tax_provider OWNER TO postgres;

--
-- Name: tax_rate; Type: TABLE; Schema: public; Owner: postgres
--

CREATE TABLE public.tax_rate (
    id character varying NOT NULL,
    rate real,
    code character varying,
    name character varying NOT NULL,
    region_id character varying NOT NULL,
    created_at timestamp with time zone DEFAULT now() NOT NULL,
    updated_at timestamp with time zone DEFAULT now() NOT NULL,
    metadata jsonb
);


ALTER TABLE public.tax_rate OWNER TO postgres;

--
-- Name: tracking_link; Type: TABLE; Schema: public; Owner: postgres
--

CREATE TABLE public.tracking_link (
    id character varying NOT NULL,
    url character varying,
    tracking_number character varying NOT NULL,
    fulfillment_id character varying NOT NULL,
    created_at timestamp with time zone DEFAULT now() NOT NULL,
    updated_at timestamp with time zone DEFAULT now() NOT NULL,
    deleted_at timestamp with time zone,
    metadata jsonb,
    idempotency_key character varying
);


ALTER TABLE public.tracking_link OWNER TO postgres;

--
-- Name: user; Type: TABLE; Schema: public; Owner: postgres
--

CREATE TABLE public."user" (
    id character varying NOT NULL,
    email character varying NOT NULL,
    first_name character varying,
    last_name character varying,
    password_hash character varying,
    api_token character varying,
    created_at timestamp with time zone DEFAULT now() NOT NULL,
    updated_at timestamp with time zone DEFAULT now() NOT NULL,
    deleted_at timestamp with time zone,
    metadata jsonb,
    role public.user_role_enum DEFAULT 'member'::public.user_role_enum
);


ALTER TABLE public."user" OWNER TO postgres;

--
-- Name: country id; Type: DEFAULT; Schema: public; Owner: postgres
--

ALTER TABLE ONLY public.country ALTER COLUMN id SET DEFAULT nextval('public.country_id_seq'::regclass);


--
-- Name: draft_order display_id; Type: DEFAULT; Schema: public; Owner: postgres
--

ALTER TABLE ONLY public.draft_order ALTER COLUMN display_id SET DEFAULT nextval('public.draft_order_display_id_seq'::regclass);


--
-- Name: migrations id; Type: DEFAULT; Schema: public; Owner: postgres
--

ALTER TABLE ONLY public.migrations ALTER COLUMN id SET DEFAULT nextval('public.migrations_id_seq'::regclass);


--
-- Name: order display_id; Type: DEFAULT; Schema: public; Owner: postgres
--

ALTER TABLE ONLY public."order" ALTER COLUMN display_id SET DEFAULT nextval('public.order_display_id_seq'::regclass);


--
-- Data for Name: address; Type: TABLE DATA; Schema: public; Owner: postgres
--

COPY public.address (id, customer_id, company, first_name, last_name, address_1, address_2, city, country_code, province, postal_code, phone, created_at, updated_at, deleted_at, metadata) FROM stdin;
\.


--
-- Data for Name: analytics_config; Type: TABLE DATA; Schema: public; Owner: postgres
--

COPY public.analytics_config (id, created_at, updated_at, deleted_at, user_id, opt_out, anonymize) FROM stdin;
\.


--
-- Data for Name: batch_job; Type: TABLE DATA; Schema: public; Owner: postgres
--

COPY public.batch_job (id, type, created_by, context, result, dry_run, created_at, pre_processed_at, confirmed_at, processing_at, completed_at, failed_at, canceled_at, updated_at, deleted_at) FROM stdin;
\.


--
-- Data for Name: cart; Type: TABLE DATA; Schema: public; Owner: postgres
--

COPY public.cart (id, email, billing_address_id, shipping_address_id, region_id, customer_id, payment_id, type, completed_at, created_at, updated_at, deleted_at, metadata, idempotency_key, context, payment_authorized_at, sales_channel_id) FROM stdin;
\.


--
-- Data for Name: cart_discounts; Type: TABLE DATA; Schema: public; Owner: postgres
--

COPY public.cart_discounts (cart_id, discount_id) FROM stdin;
\.


--
-- Data for Name: cart_gift_cards; Type: TABLE DATA; Schema: public; Owner: postgres
--

COPY public.cart_gift_cards (cart_id, gift_card_id) FROM stdin;
\.


--
-- Data for Name: claim_image; Type: TABLE DATA; Schema: public; Owner: postgres
--

COPY public.claim_image (id, claim_item_id, url, created_at, updated_at, deleted_at, metadata) FROM stdin;
\.


--
-- Data for Name: claim_item; Type: TABLE DATA; Schema: public; Owner: postgres
--

COPY public.claim_item (id, claim_order_id, item_id, variant_id, reason, note, quantity, created_at, updated_at, deleted_at, metadata) FROM stdin;
\.


--
-- Data for Name: claim_item_tags; Type: TABLE DATA; Schema: public; Owner: postgres
--

COPY public.claim_item_tags (item_id, tag_id) FROM stdin;
\.


--
-- Data for Name: claim_order; Type: TABLE DATA; Schema: public; Owner: postgres
--

COPY public.claim_order (id, payment_status, fulfillment_status, type, order_id, shipping_address_id, refund_amount, canceled_at, created_at, updated_at, deleted_at, metadata, idempotency_key, no_notification) FROM stdin;
\.


--
-- Data for Name: claim_tag; Type: TABLE DATA; Schema: public; Owner: postgres
--

COPY public.claim_tag (id, value, created_at, updated_at, deleted_at, metadata) FROM stdin;
\.


--
-- Data for Name: country; Type: TABLE DATA; Schema: public; Owner: postgres
--

COPY public.country (id, iso_2, iso_3, num_code, name, display_name, region_id) FROM stdin;
1	af	afg	4	AFGHANISTAN	Afghanistan	\N
2	al	alb	8	ALBANIA	Albania	\N
3	dz	dza	12	ALGERIA	Algeria	\N
4	as	asm	16	AMERICAN SAMOA	American Samoa	\N
5	ad	and	20	ANDORRA	Andorra	\N
6	ao	ago	24	ANGOLA	Angola	\N
7	ai	aia	660	ANGUILLA	Anguilla	\N
8	aq	ata	10	ANTARCTICA	Antarctica	\N
9	ag	atg	28	ANTIGUA AND BARBUDA	Antigua and Barbuda	\N
10	ar	arg	32	ARGENTINA	Argentina	\N
11	am	arm	51	ARMENIA	Armenia	\N
12	aw	abw	533	ARUBA	Aruba	\N
13	au	aus	36	AUSTRALIA	Australia	\N
14	at	aut	40	AUSTRIA	Austria	\N
15	az	aze	31	AZERBAIJAN	Azerbaijan	\N
16	bs	bhs	44	BAHAMAS	Bahamas	\N
17	bh	bhr	48	BAHRAIN	Bahrain	\N
18	bd	bgd	50	BANGLADESH	Bangladesh	\N
19	bb	brb	52	BARBADOS	Barbados	\N
20	by	blr	112	BELARUS	Belarus	\N
21	be	bel	56	BELGIUM	Belgium	\N
22	bz	blz	84	BELIZE	Belize	\N
23	bj	ben	204	BENIN	Benin	\N
24	bm	bmu	60	BERMUDA	Bermuda	\N
25	bt	btn	64	BHUTAN	Bhutan	\N
26	bo	bol	68	BOLIVIA	Bolivia	\N
27	bq	bes	535	BONAIRE, SINT EUSTATIUS AND SABA	Bonaire, Sint Eustatius and Saba	\N
28	ba	bih	70	BOSNIA AND HERZEGOVINA	Bosnia and Herzegovina	\N
29	bw	bwa	72	BOTSWANA	Botswana	\N
30	bv	bvd	74	BOUVET ISLAND	Bouvet Island	\N
31	br	bra	76	BRAZIL	Brazil	\N
32	io	iot	86	BRITISH INDIAN OCEAN TERRITORY	British Indian Ocean Territory	\N
33	bn	brn	96	BRUNEI DARUSSALAM	Brunei Darussalam	\N
34	bg	bgr	100	BULGARIA	Bulgaria	\N
35	bf	bfa	854	BURKINA FASO	Burkina Faso	\N
36	bi	bdi	108	BURUNDI	Burundi	\N
37	kh	khm	116	CAMBODIA	Cambodia	\N
38	cm	cmr	120	CAMEROON	Cameroon	\N
40	cv	cpv	132	CAPE VERDE	Cape Verde	\N
41	ky	cym	136	CAYMAN ISLANDS	Cayman Islands	\N
42	cf	caf	140	CENTRAL AFRICAN REPUBLIC	Central African Republic	\N
43	td	tcd	148	CHAD	Chad	\N
44	cl	chl	152	CHILE	Chile	\N
45	cn	chn	156	CHINA	China	\N
46	cx	cxr	162	CHRISTMAS ISLAND	Christmas Island	\N
47	cc	cck	166	COCOS (KEELING) ISLANDS	Cocos (Keeling) Islands	\N
48	co	col	170	COLOMBIA	Colombia	\N
49	km	com	174	COMOROS	Comoros	\N
50	cg	cog	178	CONGO	Congo	\N
51	cd	cod	180	CONGO, THE DEMOCRATIC REPUBLIC OF THE	Congo, the Democratic Republic of the	\N
52	ck	cok	184	COOK ISLANDS	Cook Islands	\N
53	cr	cri	188	COSTA RICA	Costa Rica	\N
54	ci	civ	384	COTE D'IVOIRE	Cote D'Ivoire	\N
55	hr	hrv	191	CROATIA	Croatia	\N
56	cu	cub	192	CUBA	Cuba	\N
57	cw	cuw	531	CURAAO	Curaao	\N
58	cy	cyp	196	CYPRUS	Cyprus	\N
59	cz	cze	203	CZECH REPUBLIC	Czech Republic	\N
61	dj	dji	262	DJIBOUTI	Djibouti	\N
62	dm	dma	212	DOMINICA	Dominica	\N
63	do	dom	214	DOMINICAN REPUBLIC	Dominican Republic	\N
64	ec	ecu	218	ECUADOR	Ecuador	\N
65	eg	egy	818	EGYPT	Egypt	\N
66	sv	slv	222	EL SALVADOR	El Salvador	\N
67	gq	gnq	226	EQUATORIAL GUINEA	Equatorial Guinea	\N
68	er	eri	232	ERITREA	Eritrea	\N
69	ee	est	233	ESTONIA	Estonia	\N
70	et	eth	231	ETHIOPIA	Ethiopia	\N
71	fk	flk	238	FALKLAND ISLANDS (MALVINAS)	Falkland Islands (Malvinas)	\N
72	fo	fro	234	FAROE ISLANDS	Faroe Islands	\N
73	fj	fji	242	FIJI	Fiji	\N
74	fi	fin	246	FINLAND	Finland	\N
76	gf	guf	254	FRENCH GUIANA	French Guiana	\N
77	pf	pyf	258	FRENCH POLYNESIA	French Polynesia	\N
78	tf	atf	260	FRENCH SOUTHERN TERRITORIES	French Southern Territories	\N
79	ga	gab	266	GABON	Gabon	\N
80	gm	gmb	270	GAMBIA	Gambia	\N
81	ge	geo	268	GEORGIA	Georgia	\N
83	gh	gha	288	GHANA	Ghana	\N
84	gi	gib	292	GIBRALTAR	Gibraltar	\N
85	gr	grc	300	GREECE	Greece	\N
86	gl	grl	304	GREENLAND	Greenland	\N
87	gd	grd	308	GRENADA	Grenada	\N
88	gp	glp	312	GUADELOUPE	Guadeloupe	\N
89	gu	gum	316	GUAM	Guam	\N
90	gt	gtm	320	GUATEMALA	Guatemala	\N
91	gg	ggy	831	GUERNSEY	Guernsey	\N
92	gn	gin	324	GUINEA	Guinea	\N
93	gw	gnb	624	GUINEA-BISSAU	Guinea-Bissau	\N
94	gy	guy	328	GUYANA	Guyana	\N
95	ht	hti	332	HAITI	Haiti	\N
96	hm	hmd	334	HEARD ISLAND AND MCDONALD ISLANDS	Heard Island And Mcdonald Islands	\N
97	va	vat	336	HOLY SEE (VATICAN CITY STATE)	Holy See (Vatican City State)	\N
98	hn	hnd	340	HONDURAS	Honduras	\N
99	hk	hkg	344	HONG KONG	Hong Kong	\N
100	hu	hun	348	HUNGARY	Hungary	\N
101	is	isl	352	ICELAND	Iceland	\N
102	in	ind	356	INDIA	India	\N
103	id	idn	360	INDONESIA	Indonesia	\N
104	ir	irn	364	IRAN, ISLAMIC REPUBLIC OF	Iran, Islamic Republic of	\N
105	iq	irq	368	IRAQ	Iraq	\N
106	ie	irl	372	IRELAND	Ireland	\N
107	im	imn	833	ISLE OF MAN	Isle Of Man	\N
108	il	isr	376	ISRAEL	Israel	\N
110	jm	jam	388	JAMAICA	Jamaica	\N
111	jp	jpn	392	JAPAN	Japan	\N
112	je	jey	832	JERSEY	Jersey	\N
113	jo	jor	400	JORDAN	Jordan	\N
114	kz	kaz	398	KAZAKHSTAN	Kazakhstan	\N
115	ke	ken	404	KENYA	Kenya	\N
116	ki	kir	296	KIRIBATI	Kiribati	\N
117	kp	prk	408	KOREA, DEMOCRATIC PEOPLE'S REPUBLIC OF	Korea, Democratic People's Republic of	\N
118	kr	kor	410	KOREA, REPUBLIC OF	Korea, Republic of	\N
119	xk	xkx	900	KOSOVO	Kosovo	\N
120	kw	kwt	414	KUWAIT	Kuwait	\N
121	kg	kgz	417	KYRGYZSTAN	Kyrgyzstan	\N
122	la	lao	418	LAO PEOPLE'S DEMOCRATIC REPUBLIC	Lao People's Democratic Republic	\N
123	lv	lva	428	LATVIA	Latvia	\N
124	lb	lbn	422	LEBANON	Lebanon	\N
125	ls	lso	426	LESOTHO	Lesotho	\N
126	lr	lbr	430	LIBERIA	Liberia	\N
127	ly	lby	434	LIBYAN ARAB JAMAHIRIYA	Libyan Arab Jamahiriya	\N
128	li	lie	438	LIECHTENSTEIN	Liechtenstein	\N
129	lt	ltu	440	LITHUANIA	Lithuania	\N
130	lu	lux	442	LUXEMBOURG	Luxembourg	\N
131	mo	mac	446	MACAO	Macao	\N
132	mk	mkd	807	MACEDONIA, THE FORMER YUGOSLAV REPUBLIC OF	Macedonia, the Former Yugoslav Republic of	\N
133	mg	mdg	450	MADAGASCAR	Madagascar	\N
134	mw	mwi	454	MALAWI	Malawi	\N
135	my	mys	458	MALAYSIA	Malaysia	\N
136	mv	mdv	462	MALDIVES	Maldives	\N
137	ml	mli	466	MALI	Mali	\N
138	mt	mlt	470	MALTA	Malta	\N
139	mh	mhl	584	MARSHALL ISLANDS	Marshall Islands	\N
140	mq	mtq	474	MARTINIQUE	Martinique	\N
141	mr	mrt	478	MAURITANIA	Mauritania	\N
142	mu	mus	480	MAURITIUS	Mauritius	\N
143	yt	myt	175	MAYOTTE	Mayotte	\N
144	mx	mex	484	MEXICO	Mexico	\N
145	fm	fsm	583	MICRONESIA, FEDERATED STATES OF	Micronesia, Federated States of	\N
146	md	mda	498	MOLDOVA, REPUBLIC OF	Moldova, Republic of	\N
147	mc	mco	492	MONACO	Monaco	\N
148	mn	mng	496	MONGOLIA	Mongolia	\N
149	me	mne	499	MONTENEGRO	Montenegro	\N
150	ms	msr	500	MONTSERRAT	Montserrat	\N
151	ma	mar	504	MOROCCO	Morocco	\N
152	mz	moz	508	MOZAMBIQUE	Mozambique	\N
153	mm	mmr	104	MYANMAR	Myanmar	\N
154	na	nam	516	NAMIBIA	Namibia	\N
155	nr	nru	520	NAURU	Nauru	\N
156	np	npl	524	NEPAL	Nepal	\N
157	nl	nld	528	NETHERLANDS	Netherlands	\N
158	nc	ncl	540	NEW CALEDONIA	New Caledonia	\N
159	nz	nzl	554	NEW ZEALAND	New Zealand	\N
160	ni	nic	558	NICARAGUA	Nicaragua	\N
161	ne	ner	562	NIGER	Niger	\N
162	ng	nga	566	NIGERIA	Nigeria	\N
163	nu	niu	570	NIUE	Niue	\N
164	nf	nfk	574	NORFOLK ISLAND	Norfolk Island	\N
165	mp	mnp	580	NORTHERN MARIANA ISLANDS	Northern Mariana Islands	\N
166	no	nor	578	NORWAY	Norway	\N
167	om	omn	512	OMAN	Oman	\N
168	pk	pak	586	PAKISTAN	Pakistan	\N
169	pw	plw	585	PALAU	Palau	\N
170	ps	pse	275	PALESTINIAN TERRITORY, OCCUPIED	Palestinian Territory, Occupied	\N
171	pa	pan	591	PANAMA	Panama	\N
172	pg	png	598	PAPUA NEW GUINEA	Papua New Guinea	\N
173	py	pry	600	PARAGUAY	Paraguay	\N
174	pe	per	604	PERU	Peru	\N
175	ph	phl	608	PHILIPPINES	Philippines	\N
176	pn	pcn	612	PITCAIRN	Pitcairn	\N
177	pl	pol	616	POLAND	Poland	\N
178	pt	prt	620	PORTUGAL	Portugal	\N
179	pr	pri	630	PUERTO RICO	Puerto Rico	\N
180	qa	qat	634	QATAR	Qatar	\N
181	re	reu	638	REUNION	Reunion	\N
182	ro	rom	642	ROMANIA	Romania	\N
183	ru	rus	643	RUSSIAN FEDERATION	Russian Federation	\N
184	rw	rwa	646	RWANDA	Rwanda	\N
185	bl	blm	652	SAINT BARTHLEMY	Saint Barthlemy	\N
186	sh	shn	654	SAINT HELENA	Saint Helena	\N
187	kn	kna	659	SAINT KITTS AND NEVIS	Saint Kitts and Nevis	\N
188	lc	lca	662	SAINT LUCIA	Saint Lucia	\N
189	mf	maf	663	SAINT MARTIN (FRENCH PART)	Saint Martin (French part)	\N
190	pm	spm	666	SAINT PIERRE AND MIQUELON	Saint Pierre and Miquelon	\N
191	vc	vct	670	SAINT VINCENT AND THE GRENADINES	Saint Vincent and the Grenadines	\N
192	ws	wsm	882	SAMOA	Samoa	\N
193	sm	smr	674	SAN MARINO	San Marino	\N
194	st	stp	678	SAO TOME AND PRINCIPE	Sao Tome and Principe	\N
195	sa	sau	682	SAUDI ARABIA	Saudi Arabia	\N
196	sn	sen	686	SENEGAL	Senegal	\N
197	rs	srb	688	SERBIA	Serbia	\N
198	sc	syc	690	SEYCHELLES	Seychelles	\N
199	sl	sle	694	SIERRA LEONE	Sierra Leone	\N
200	sg	sgp	702	SINGAPORE	Singapore	\N
201	sx	sxm	534	SINT MAARTEN	Sint Maarten	\N
202	sk	svk	703	SLOVAKIA	Slovakia	\N
203	si	svn	705	SLOVENIA	Slovenia	\N
204	sb	slb	90	SOLOMON ISLANDS	Solomon Islands	\N
205	so	som	706	SOMALIA	Somalia	\N
206	za	zaf	710	SOUTH AFRICA	South Africa	\N
207	gs	sgs	239	SOUTH GEORGIA AND THE SOUTH SANDWICH ISLANDS	South Georgia and the South Sandwich Islands	\N
208	ss	ssd	728	SOUTH SUDAN	South Sudan	\N
210	lk	lka	144	SRI LANKA	Sri Lanka	\N
211	sd	sdn	729	SUDAN	Sudan	\N
212	sr	sur	740	SURINAME	Suriname	\N
213	sj	sjm	744	SVALBARD AND JAN MAYEN	Svalbard and Jan Mayen	\N
214	sz	swz	748	SWAZILAND	Swaziland	\N
216	ch	che	756	SWITZERLAND	Switzerland	\N
217	sy	syr	760	SYRIAN ARAB REPUBLIC	Syrian Arab Republic	\N
218	tw	twn	158	TAIWAN, PROVINCE OF CHINA	Taiwan, Province of China	\N
219	tj	tjk	762	TAJIKISTAN	Tajikistan	\N
220	tz	tza	834	TANZANIA, UNITED REPUBLIC OF	Tanzania, United Republic of	\N
221	th	tha	764	THAILAND	Thailand	\N
222	tl	tls	626	TIMOR LESTE	Timor Leste	\N
223	tg	tgo	768	TOGO	Togo	\N
224	tk	tkl	772	TOKELAU	Tokelau	\N
225	to	ton	776	TONGA	Tonga	\N
226	tt	tto	780	TRINIDAD AND TOBAGO	Trinidad and Tobago	\N
227	tn	tun	788	TUNISIA	Tunisia	\N
228	tr	tur	792	TURKEY	Turkey	\N
229	tm	tkm	795	TURKMENISTAN	Turkmenistan	\N
215	se	swe	752	SWEDEN	Sweden	reg_01HHJE3WA04YBT5QCA0QP0NGMJ
230	tc	tca	796	TURKS AND CAICOS ISLANDS	Turks and Caicos Islands	\N
231	tv	tuv	798	TUVALU	Tuvalu	\N
232	ug	uga	800	UGANDA	Uganda	\N
233	ua	ukr	804	UKRAINE	Ukraine	\N
234	ae	are	784	UNITED ARAB EMIRATES	United Arab Emirates	\N
237	um	umi	581	UNITED STATES MINOR OUTLYING ISLANDS	United States Minor Outlying Islands	\N
238	uy	ury	858	URUGUAY	Uruguay	\N
239	uz	uzb	860	UZBEKISTAN	Uzbekistan	\N
240	vu	vut	548	VANUATU	Vanuatu	\N
241	ve	ven	862	VENEZUELA	Venezuela	\N
242	vn	vnm	704	VIET NAM	Viet Nam	\N
243	vg	vgb	92	VIRGIN ISLANDS, BRITISH	Virgin Islands, British	\N
244	vi	vir	850	VIRGIN ISLANDS, U.S.	Virgin Islands, U.S.	\N
245	wf	wlf	876	WALLIS AND FUTUNA	Wallis and Futuna	\N
246	eh	esh	732	WESTERN SAHARA	Western Sahara	\N
247	ye	yem	887	YEMEN	Yemen	\N
248	zm	zmb	894	ZAMBIA	Zambia	\N
249	zw	zwe	716	ZIMBABWE	Zimbabwe	\N
250	ax	ala	248	LAND ISLANDS	land Islands	\N
235	gb	gbr	826	UNITED KINGDOM	United Kingdom	reg_01HHJE3WA04YBT5QCA0QP0NGMJ
82	de	deu	276	GERMANY	Germany	reg_01HHJE3WA04YBT5QCA0QP0NGMJ
60	dk	dnk	208	DENMARK	Denmark	reg_01HHJE3WA04YBT5QCA0QP0NGMJ
75	fr	fra	250	FRANCE	France	reg_01HHJE3WA04YBT5QCA0QP0NGMJ
209	es	esp	724	SPAIN	Spain	reg_01HHJE3WA04YBT5QCA0QP0NGMJ
109	it	ita	380	ITALY	Italy	reg_01HHJE3WA04YBT5QCA0QP0NGMJ
236	us	usa	840	UNITED STATES	United States	reg_01HHJE3WAXM01X3D9NSHQTEKJ8
39	ca	can	124	CANADA	Canada	reg_01HHJE3WAXM01X3D9NSHQTEKJ8
\.


--
-- Data for Name: currency; Type: TABLE DATA; Schema: public; Owner: postgres
--

COPY public.currency (code, symbol, symbol_native, name) FROM stdin;
usd	$	$	US Dollar
cad	CA$	$	Canadian Dollar
eur			Euro
aed	AED	..	United Arab Emirates Dirham
afn	Af		Afghan Afghani
all	ALL	Lek	Albanian Lek
amd	AMD	.	Armenian Dram
ars	AR$	$	Argentine Peso
aud	AU$	$	Australian Dollar
azn	man.	.	Azerbaijani Manat
bam	KM	KM	Bosnia-Herzegovina Convertible Mark
bdt	Tk		Bangladeshi Taka
bgn	BGN	.	Bulgarian Lev
bhd	BD	..	Bahraini Dinar
bif	FBu	FBu	Burundian Franc
bnd	BN$	$	Brunei Dollar
bob	Bs	Bs	Bolivian Boliviano
brl	R$	R$	Brazilian Real
bwp	BWP	P	Botswanan Pula
byn	Br	.	Belarusian Ruble
bzd	BZ$	$	Belize Dollar
cdf	CDF	FrCD	Congolese Franc
chf	CHF	CHF	Swiss Franc
clp	CL$	$	Chilean Peso
cny	CN	CN	Chinese Yuan
cop	CO$	$	Colombian Peso
crc			Costa Rican Coln
cve	CV$	CV$	Cape Verdean Escudo
czk	K	K	Czech Republic Koruna
djf	Fdj	Fdj	Djiboutian Franc
dkk	Dkr	kr	Danish Krone
dop	RD$	RD$	Dominican Peso
dzd	DA	..	Algerian Dinar
eek	Ekr	kr	Estonian Kroon
egp	EGP	..	Egyptian Pound
ern	Nfk	Nfk	Eritrean Nakfa
etb	Br	Br	Ethiopian Birr
gbp			British Pound Sterling
gel	GEL	GEL	Georgian Lari
ghs	GH	GH	Ghanaian Cedi
gnf	FG	FG	Guinean Franc
gtq	GTQ	Q	Guatemalan Quetzal
hkd	HK$	$	Hong Kong Dollar
hnl	HNL	L	Honduran Lempira
hrk	kn	kn	Croatian Kuna
huf	Ft	Ft	Hungarian Forint
idr	Rp	Rp	Indonesian Rupiah
ils			Israeli New Sheqel
inr	Rs		Indian Rupee
iqd	IQD	..	Iraqi Dinar
irr	IRR		Iranian Rial
isk	Ikr	kr	Icelandic Krna
jmd	J$	$	Jamaican Dollar
jod	JD	..	Jordanian Dinar
jpy			Japanese Yen
kes	Ksh	Ksh	Kenyan Shilling
khr	KHR		Cambodian Riel
kmf	CF	FC	Comorian Franc
krw			South Korean Won
kwd	KD	..	Kuwaiti Dinar
kzt	KZT	.	Kazakhstani Tenge
lbp	LB	..	Lebanese Pound
lkr	SLRs	SL Re	Sri Lankan Rupee
ltl	Lt	Lt	Lithuanian Litas
lvl	Ls	Ls	Latvian Lats
lyd	LD	..	Libyan Dinar
mad	MAD	..	Moroccan Dirham
mdl	MDL	MDL	Moldovan Leu
mga	MGA	MGA	Malagasy Ariary
mkd	MKD	MKD	Macedonian Denar
mmk	MMK	K	Myanma Kyat
mnt	MNT		Mongolian Tugrig
mop	MOP$	MOP$	Macanese Pataca
mur	MURs	MURs	Mauritian Rupee
mxn	MX$	$	Mexican Peso
myr	RM	RM	Malaysian Ringgit
mzn	MTn	MTn	Mozambican Metical
nad	N$	N$	Namibian Dollar
ngn			Nigerian Naira
nio	C$	C$	Nicaraguan Crdoba
nok	Nkr	kr	Norwegian Krone
npr	NPRs		Nepalese Rupee
nzd	NZ$	$	New Zealand Dollar
omr	OMR	..	Omani Rial
pab	B/.	B/.	Panamanian Balboa
pen	S/.	S/.	Peruvian Nuevo Sol
php			Philippine Peso
pkr	PKRs		Pakistani Rupee
pln	z	z	Polish Zloty
pyg			Paraguayan Guarani
qar	QR	..	Qatari Rial
ron	RON	RON	Romanian Leu
rsd	din.	.	Serbian Dinar
rub	RUB	.	Russian Ruble
rwf	RWF	FR	Rwandan Franc
sar	SR	..	Saudi Riyal
sdg	SDG	SDG	Sudanese Pound
sek	Skr	kr	Swedish Krona
sgd	S$	$	Singapore Dollar
sos	Ssh	Ssh	Somali Shilling
syp	SY	..	Syrian Pound
thb			Thai Baht
tnd	DT	..	Tunisian Dinar
top	T$	T$	Tongan Paanga
try	TL	TL	Turkish Lira
ttd	TT$	$	Trinidad and Tobago Dollar
twd	NT$	NT$	New Taiwan Dollar
tzs	TSh	TSh	Tanzanian Shilling
uah			Ukrainian Hryvnia
ugx	USh	USh	Ugandan Shilling
uyu	$U	$	Uruguayan Peso
uzs	UZS	UZS	Uzbekistan Som
vef	Bs.F.	Bs.F.	Venezuelan Bolvar
vnd			Vietnamese Dong
xaf	FCFA	FCFA	CFA Franc BEAC
xof	CFA	CFA	CFA Franc BCEAO
yer	YR	..	Yemeni Rial
zar	R	R	South African Rand
zmk	ZK	ZK	Zambian Kwacha
zwl	ZWL$	ZWL$	Zimbabwean Dollar
\.


--
-- Data for Name: custom_shipping_option; Type: TABLE DATA; Schema: public; Owner: postgres
--

COPY public.custom_shipping_option (id, price, shipping_option_id, cart_id, created_at, updated_at, deleted_at, metadata) FROM stdin;
\.


--
-- Data for Name: customer; Type: TABLE DATA; Schema: public; Owner: postgres
--

COPY public.customer (id, email, first_name, last_name, billing_address_id, password_hash, phone, has_account, created_at, updated_at, deleted_at, metadata) FROM stdin;
\.


--
-- Data for Name: customer_group; Type: TABLE DATA; Schema: public; Owner: postgres
--

COPY public.customer_group (id, name, created_at, updated_at, deleted_at, metadata) FROM stdin;
\.


--
-- Data for Name: customer_group_customers; Type: TABLE DATA; Schema: public; Owner: postgres
--

COPY public.customer_group_customers (customer_group_id, customer_id) FROM stdin;
\.


--
-- Data for Name: discount; Type: TABLE DATA; Schema: public; Owner: postgres
--

COPY public.discount (id, code, is_dynamic, rule_id, is_disabled, parent_discount_id, starts_at, ends_at, created_at, updated_at, deleted_at, metadata, usage_limit, usage_count, valid_duration) FROM stdin;
\.


--
-- Data for Name: discount_condition; Type: TABLE DATA; Schema: public; Owner: postgres
--

COPY public.discount_condition (id, type, operator, discount_rule_id, created_at, updated_at, deleted_at, metadata) FROM stdin;
\.


--
-- Data for Name: discount_condition_customer_group; Type: TABLE DATA; Schema: public; Owner: postgres
--

COPY public.discount_condition_customer_group (customer_group_id, condition_id, created_at, updated_at, metadata) FROM stdin;
\.


--
-- Data for Name: discount_condition_product; Type: TABLE DATA; Schema: public; Owner: postgres
--

COPY public.discount_condition_product (product_id, condition_id, created_at, updated_at, metadata) FROM stdin;
\.


--
-- Data for Name: discount_condition_product_collection; Type: TABLE DATA; Schema: public; Owner: postgres
--

COPY public.discount_condition_product_collection (product_collection_id, condition_id, created_at, updated_at, metadata) FROM stdin;
\.


--
-- Data for Name: discount_condition_product_tag; Type: TABLE DATA; Schema: public; Owner: postgres
--

COPY public.discount_condition_product_tag (product_tag_id, condition_id, created_at, updated_at, metadata) FROM stdin;
\.


--
-- Data for Name: discount_condition_product_type; Type: TABLE DATA; Schema: public; Owner: postgres
--

COPY public.discount_condition_product_type (product_type_id, condition_id, created_at, updated_at, metadata) FROM stdin;
\.


--
-- Data for Name: discount_regions; Type: TABLE DATA; Schema: public; Owner: postgres
--

COPY public.discount_regions (discount_id, region_id) FROM stdin;
\.


--
-- Data for Name: discount_rule; Type: TABLE DATA; Schema: public; Owner: postgres
--

COPY public.discount_rule (id, description, type, value, allocation, created_at, updated_at, deleted_at, metadata) FROM stdin;
\.


--
-- Data for Name: discount_rule_products; Type: TABLE DATA; Schema: public; Owner: postgres
--

COPY public.discount_rule_products (discount_rule_id, product_id) FROM stdin;
\.


--
-- Data for Name: draft_order; Type: TABLE DATA; Schema: public; Owner: postgres
--

COPY public.draft_order (id, status, display_id, cart_id, order_id, canceled_at, created_at, updated_at, completed_at, metadata, idempotency_key, no_notification_order) FROM stdin;
\.


--
-- Data for Name: fulfillment; Type: TABLE DATA; Schema: public; Owner: postgres
--

COPY public.fulfillment (id, swap_id, order_id, tracking_numbers, data, shipped_at, canceled_at, created_at, updated_at, metadata, idempotency_key, provider_id, claim_order_id, no_notification, location_id) FROM stdin;
\.


--
-- Data for Name: fulfillment_item; Type: TABLE DATA; Schema: public; Owner: postgres
--

COPY public.fulfillment_item (fulfillment_id, item_id, quantity) FROM stdin;
\.


--
-- Data for Name: fulfillment_provider; Type: TABLE DATA; Schema: public; Owner: postgres
--

COPY public.fulfillment_provider (id, is_installed) FROM stdin;
manual	t
\.


--
-- Data for Name: gift_card; Type: TABLE DATA; Schema: public; Owner: postgres
--

COPY public.gift_card (id, code, value, balance, region_id, order_id, is_disabled, ends_at, created_at, updated_at, deleted_at, metadata, tax_rate) FROM stdin;
\.


--
-- Data for Name: gift_card_transaction; Type: TABLE DATA; Schema: public; Owner: postgres
--

COPY public.gift_card_transaction (id, gift_card_id, order_id, amount, created_at, is_taxable, tax_rate) FROM stdin;
\.


--
-- Data for Name: idempotency_key; Type: TABLE DATA; Schema: public; Owner: postgres
--

COPY public.idempotency_key (id, idempotency_key, created_at, locked_at, request_method, request_params, request_path, response_code, response_body, recovery_point) FROM stdin;
\.


--
-- Data for Name: image; Type: TABLE DATA; Schema: public; Owner: postgres
--

COPY public.image (id, url, created_at, updated_at, deleted_at, metadata) FROM stdin;
\.


--
-- Data for Name: invite; Type: TABLE DATA; Schema: public; Owner: postgres
--

COPY public.invite (id, user_email, role, accepted, created_at, updated_at, deleted_at, metadata, token, expires_at) FROM stdin;
invite_01HHJE3P5HV44NYMN6W9RRNTWY	admin@medusa-test.com	admin	f	2023-12-13 20:32:51.845172+00	2023-12-13 20:32:51.845172+00	\N	\N	eyJhbGciOiJIUzI1NiIsInR5cCI6IkpXVCJ9.eyJpbnZpdGVfaWQiOiJpbnZpdGVfMDFISEpFM1A1SFY0NE5ZTU42VzlSUk5UV1kiLCJyb2xlIjoiYWRtaW4iLCJ1c2VyX2VtYWlsIjoiYWRtaW5AbWVkdXNhLXRlc3QuY29tIiwiaWF0IjoxNzAyNDk5NTcxfQ.C8_F3kGQ4gfo84GwroehkxVJFH5-amTry6ShnkAYUuk	2023-12-20 20:32:51.898+00
\.


--
-- Data for Name: line_item; Type: TABLE DATA; Schema: public; Owner: postgres
--

COPY public.line_item (id, cart_id, order_id, swap_id, title, description, thumbnail, is_giftcard, should_merge, allow_discounts, has_shipping, unit_price, variant_id, quantity, fulfilled_quantity, returned_quantity, shipped_quantity, created_at, updated_at, metadata, claim_order_id, is_return, original_item_id, order_edit_id) FROM stdin;
\.


--
-- Data for Name: line_item_adjustment; Type: TABLE DATA; Schema: public; Owner: postgres
--

COPY public.line_item_adjustment (id, item_id, description, discount_id, amount, metadata) FROM stdin;
\.


--
-- Data for Name: line_item_tax_line; Type: TABLE DATA; Schema: public; Owner: postgres
--

COPY public.line_item_tax_line (id, rate, name, code, created_at, updated_at, metadata, item_id) FROM stdin;
\.


--
-- Data for Name: migrations; Type: TABLE DATA; Schema: public; Owner: postgres
--

COPY public.migrations (id, "timestamp", name) FROM stdin;
1	1611063162649	initialSchema1611063162649
2	1611063174563	countriesCurrencies1611063174563
3	1612284947120	claims1612284947120
4	1612353094577	indexes1612353094577
5	1613146953072	notifications1613146953072
6	1613146953073	productTypeCategoryTags1613146953073
7	1613384784316	draftOrders1613384784316
8	1613656135167	trackingLinks1613656135167
9	1614684597235	cartContext1614684597235
10	1615891636559	returnReason1615891636559
11	1615970124120	discountUsageCount1615970124120
12	1617002207608	discountUsage1617002207608
13	1619108646647	nullablePassword1619108646647
14	1623231564533	noNotification1623231564533
15	1624287602631	gcRemoveUniqueOrder1624287602631
16	1624610325746	softDeletingUniqueConstraints1624610325746
17	1625560513367	ensureCancellationFieldsExist1625560513367
18	1627995307200	addDiscountableToProduct1627995307200
19	1630505790603	allowBackorderSwaps1630505790603
20	1631104895519	RankColumnWithDefaultValue1631104895519
21	1631261634964	enforceUniqueness1631261634964
22	1631696624528	validDurationForDiscount1631696624528
23	1631800727788	nestedReturnReasons1631800727788
24	1631864388026	statusOnProduct1631864388026
25	1632220294687	addNotes1632220294687
26	1632828114899	deleteDateOnShippingOptionRequirements1632828114899
27	1633512755401	extendedUserApi1633512755401
28	1633614437919	addCustomShippingOptions1633614437919
29	1638543550000	orderTaxRateToRealType1638543550000
30	1638952072999	externalIdOrder1638952072999
31	1641636508055	newTaxSystem1641636508055
32	1644943746861	customerGroups1644943746861
33	1646324713514	discountConditions1646324713514
34	1646915480108	updateMoneyAmountAddPriceList1646915480108
35	1648600574750	addLineItemAdjustments1648600574750
36	1648641130007	taxLineConstraints1648641130007
37	1649775522087	addBatchJobModel1649775522087
38	1656949291839	salesChannel1656949291839
39	1657098186554	taxedGiftCardTransactions1657098186554
40	1657267320181	extendedBatchJob1657267320181
41	1660040729000	paymentSessionUniqCartIdProviderId1660040729000
42	1661345741249	multiPaymentCart1661345741249
43	1661863940645	swapFulfillmentStatusRequiresAction1661863940645
44	1663059812399	orderEditing1663059812399
45	1663059812400	lineItemOriginalItemRelation1663059812400
46	1664880666982	paymentCollection1664880666982
47	1666173221888	addAnalyticsConfig1666173221888
48	1667815005070	publishableApiKey1667815005070
49	1669032280562	updateCustomerEmailConstraint_1669032280562
50	1670855241304	addTaxRateToGiftCards1670855241304
51	1671711415179	multiLocation1671711415179
52	1672906846559	productCategory1672906846559
53	1672906846560	paymentSessionIsInitiated1672906846560
54	1673003729870	stagedJobOptions1673003729870
55	1673550502785	uniquePaySessCartId1673550502785
56	1674455083104	productCategoryProduct1674455083104
57	1675689306130	multiLocationSoftDelete1675689306130
58	1677234878504	productCategoryRank1677234878504
59	1678093365811	ensureRequiredQuantity1678093365811
60	1678093365812	lineItemAdjustmentsAmount1678093365812
61	1679950221063	categoryRemoveSoftDelete1679950221063
62	1679950645253	categoryCreateIndexes1679950645253
63	1679950645254	productDomainImprovedIndexes1679950645254
64	1679950645254	productSearchGinIndexes1679950645254
65	1680714052628	addSalesChannelMetadata1680714052628
66	1680857773272	addDescriptionToProductCategory1680857773272
67	1680857773272	lineItemTaxAdjustmentOnCascadeDelete1680857773272
68	1680857773273	addTableProductShippingProfile1680857773273
69	1680857773273	dropProductIdFkSalesChannels1680857773273
70	1680857773273	dropVariantIdFkMoneyAmount1680857773273
71	1685715079776	CreateOnboarding1685715079776
72	1686062614694	AddOnboardingProduct1686062614694
73	1690996567455	CorrectOnboardingFields1690996567455
74	1692870898423	UpdateReturnReasonIndex1692870898423
75	1692953518123	dropMoneyAmountConstraintsForPricingModule1692953518123
76	1699564794649	AddMetadataToProductCategory1699564794649
\.


--
-- Data for Name: money_amount; Type: TABLE DATA; Schema: public; Owner: postgres
--

COPY public.money_amount (id, currency_code, amount, region_id, created_at, updated_at, deleted_at, min_quantity, max_quantity, price_list_id) FROM stdin;
\.


--
-- Data for Name: note; Type: TABLE DATA; Schema: public; Owner: postgres
--

COPY public.note (id, value, resource_type, resource_id, author_id, created_at, updated_at, deleted_at, metadata) FROM stdin;
\.


--
-- Data for Name: notification; Type: TABLE DATA; Schema: public; Owner: postgres
--

COPY public.notification (id, event_name, resource_type, resource_id, customer_id, "to", data, parent_id, provider_id, created_at, updated_at) FROM stdin;
\.


--
-- Data for Name: notification_provider; Type: TABLE DATA; Schema: public; Owner: postgres
--

COPY public.notification_provider (id, is_installed) FROM stdin;
\.


--
-- Data for Name: oauth; Type: TABLE DATA; Schema: public; Owner: postgres
--

COPY public.oauth (id, display_name, application_name, install_url, uninstall_url, data) FROM stdin;
\.


--
-- Data for Name: onboarding_state; Type: TABLE DATA; Schema: public; Owner: postgres
--

COPY public.onboarding_state (id, created_at, updated_at, current_step, is_complete, product_id) FROM stdin;
onboarding_01HHJE3G8FBJPHM4ENVWRGSQMT	2023-12-13 20:32:42.852077+00	2023-12-13 20:32:42.852077+00	\N	f	\N
\.


--
-- Data for Name: order; Type: TABLE DATA; Schema: public; Owner: postgres
--

COPY public."order" (id, status, fulfillment_status, payment_status, display_id, cart_id, customer_id, email, billing_address_id, shipping_address_id, region_id, currency_code, tax_rate, canceled_at, created_at, updated_at, metadata, idempotency_key, draft_order_id, no_notification, external_id, sales_channel_id) FROM stdin;
\.


--
-- Data for Name: order_discounts; Type: TABLE DATA; Schema: public; Owner: postgres
--

COPY public.order_discounts (order_id, discount_id) FROM stdin;
\.


--
-- Data for Name: order_edit; Type: TABLE DATA; Schema: public; Owner: postgres
--

COPY public.order_edit (id, created_at, updated_at, order_id, internal_note, created_by, requested_by, requested_at, confirmed_by, confirmed_at, declined_by, declined_reason, declined_at, canceled_by, canceled_at, payment_collection_id) FROM stdin;
\.


--
-- Data for Name: order_gift_cards; Type: TABLE DATA; Schema: public; Owner: postgres
--

COPY public.order_gift_cards (order_id, gift_card_id) FROM stdin;
\.


--
-- Data for Name: order_item_change; Type: TABLE DATA; Schema: public; Owner: postgres
--

COPY public.order_item_change (id, created_at, updated_at, deleted_at, type, order_edit_id, original_line_item_id, line_item_id) FROM stdin;
\.


--
-- Data for Name: payment; Type: TABLE DATA; Schema: public; Owner: postgres
--

COPY public.payment (id, swap_id, cart_id, order_id, amount, currency_code, amount_refunded, provider_id, data, captured_at, canceled_at, created_at, updated_at, metadata, idempotency_key) FROM stdin;
\.


--
-- Data for Name: payment_collection; Type: TABLE DATA; Schema: public; Owner: postgres
--

COPY public.payment_collection (id, created_at, updated_at, deleted_at, type, status, description, amount, authorized_amount, region_id, currency_code, metadata, created_by) FROM stdin;
\.


--
-- Data for Name: payment_collection_payments; Type: TABLE DATA; Schema: public; Owner: postgres
--

COPY public.payment_collection_payments (payment_collection_id, payment_id) FROM stdin;
\.


--
-- Data for Name: payment_collection_sessions; Type: TABLE DATA; Schema: public; Owner: postgres
--

COPY public.payment_collection_sessions (payment_collection_id, payment_session_id) FROM stdin;
\.


--
-- Data for Name: payment_provider; Type: TABLE DATA; Schema: public; Owner: postgres
--

COPY public.payment_provider (id, is_installed) FROM stdin;
manual	t
\.


--
-- Data for Name: payment_session; Type: TABLE DATA; Schema: public; Owner: postgres
--

COPY public.payment_session (id, cart_id, provider_id, is_selected, status, data, created_at, updated_at, idempotency_key, payment_authorized_at, amount, is_initiated) FROM stdin;
\.


--
-- Data for Name: price_list; Type: TABLE DATA; Schema: public; Owner: postgres
--

COPY public.price_list (id, name, description, type, status, starts_at, ends_at, created_at, updated_at, deleted_at) FROM stdin;
\.


--
-- Data for Name: price_list_customer_groups; Type: TABLE DATA; Schema: public; Owner: postgres
--

COPY public.price_list_customer_groups (price_list_id, customer_group_id) FROM stdin;
\.


--
-- Data for Name: product; Type: TABLE DATA; Schema: public; Owner: postgres
--

COPY public.product (id, title, subtitle, description, handle, is_giftcard, thumbnail, weight, length, height, width, hs_code, origin_country, mid_code, material, created_at, updated_at, deleted_at, metadata, collection_id, type_id, discountable, status, external_id) FROM stdin;
\.


--
-- Data for Name: product_category; Type: TABLE DATA; Schema: public; Owner: postgres
--

COPY public.product_category (id, name, handle, parent_category_id, mpath, is_active, is_internal, created_at, updated_at, rank, description, metadata) FROM stdin;
\.


--
-- Data for Name: product_category_product; Type: TABLE DATA; Schema: public; Owner: postgres
--

COPY public.product_category_product (product_category_id, product_id) FROM stdin;
\.


--
-- Data for Name: product_collection; Type: TABLE DATA; Schema: public; Owner: postgres
--

COPY public.product_collection (id, title, handle, created_at, updated_at, deleted_at, metadata) FROM stdin;
\.


--
-- Data for Name: product_images; Type: TABLE DATA; Schema: public; Owner: postgres
--

COPY public.product_images (product_id, image_id) FROM stdin;
\.


--
-- Data for Name: product_option; Type: TABLE DATA; Schema: public; Owner: postgres
--

COPY public.product_option (id, title, created_at, updated_at, deleted_at, metadata, product_id) FROM stdin;
\.


--
-- Data for Name: product_option_value; Type: TABLE DATA; Schema: public; Owner: postgres
--

COPY public.product_option_value (id, value, option_id, variant_id, created_at, updated_at, deleted_at, metadata) FROM stdin;
\.


--
-- Data for Name: product_sales_channel; Type: TABLE DATA; Schema: public; Owner: postgres
--

COPY public.product_sales_channel (product_id, sales_channel_id) FROM stdin;
\.


--
-- Data for Name: product_shipping_profile; Type: TABLE DATA; Schema: public; Owner: postgres
--

COPY public.product_shipping_profile (profile_id, product_id) FROM stdin;
\.


--
-- Data for Name: product_tag; Type: TABLE DATA; Schema: public; Owner: postgres
--

COPY public.product_tag (id, value, created_at, updated_at, deleted_at, metadata) FROM stdin;
\.


--
-- Data for Name: product_tags; Type: TABLE DATA; Schema: public; Owner: postgres
--

COPY public.product_tags (product_id, product_tag_id) FROM stdin;
\.


--
-- Data for Name: product_tax_rate; Type: TABLE DATA; Schema: public; Owner: postgres
--

COPY public.product_tax_rate (product_id, rate_id, created_at, updated_at, metadata) FROM stdin;
\.


--
-- Data for Name: product_type; Type: TABLE DATA; Schema: public; Owner: postgres
--

COPY public.product_type (id, value, created_at, updated_at, deleted_at, metadata) FROM stdin;
\.


--
-- Data for Name: product_type_tax_rate; Type: TABLE DATA; Schema: public; Owner: postgres
--

COPY public.product_type_tax_rate (product_type_id, rate_id, created_at, updated_at, metadata) FROM stdin;
\.


--
-- Data for Name: product_variant; Type: TABLE DATA; Schema: public; Owner: postgres
--

COPY public.product_variant (id, title, product_id, sku, barcode, ean, upc, inventory_quantity, allow_backorder, manage_inventory, hs_code, origin_country, mid_code, material, weight, length, height, width, created_at, updated_at, deleted_at, metadata, variant_rank) FROM stdin;
\.


--
-- Data for Name: product_variant_inventory_item; Type: TABLE DATA; Schema: public; Owner: postgres
--

COPY public.product_variant_inventory_item (id, created_at, updated_at, inventory_item_id, variant_id, required_quantity, deleted_at) FROM stdin;
\.


--
-- Data for Name: product_variant_money_amount; Type: TABLE DATA; Schema: public; Owner: postgres
--

COPY public.product_variant_money_amount (id, money_amount_id, variant_id, deleted_at, created_at, updated_at) FROM stdin;
\.


--
-- Data for Name: publishable_api_key; Type: TABLE DATA; Schema: public; Owner: postgres
--

COPY public.publishable_api_key (id, created_at, updated_at, created_by, revoked_by, revoked_at, title) FROM stdin;
pk_01HHJE3WCZS03Y00TTJ4ZYEHMN	2023-12-13 20:32:58.110104+00	2023-12-13 20:32:58.110104+00		\N	\N	Development
\.


--
-- Data for Name: publishable_api_key_sales_channel; Type: TABLE DATA; Schema: public; Owner: postgres
--

COPY public.publishable_api_key_sales_channel (sales_channel_id, publishable_key_id) FROM stdin;
sc_01HHJE3P1VC3CJ070EGA9AC7YT	pk_01HHJE3WCZS03Y00TTJ4ZYEHMN
\.


--
-- Data for Name: refund; Type: TABLE DATA; Schema: public; Owner: postgres
--

COPY public.refund (id, order_id, amount, note, reason, created_at, updated_at, metadata, idempotency_key, payment_id) FROM stdin;
\.


--
-- Data for Name: region; Type: TABLE DATA; Schema: public; Owner: postgres
--

COPY public.region (id, name, currency_code, tax_rate, tax_code, created_at, updated_at, deleted_at, metadata, gift_cards_taxable, automatic_taxes, tax_provider_id) FROM stdin;
reg_01HHJE3WA04YBT5QCA0QP0NGMJ	EU	eur	0	\N	2023-12-13 20:32:58.110104+00	2023-12-13 20:32:58.110104+00	\N	\N	t	t	\N
reg_01HHJE3WAXM01X3D9NSHQTEKJ8	NA	usd	0	\N	2023-12-13 20:32:58.110104+00	2023-12-13 20:32:58.110104+00	\N	\N	t	t	\N
\.


--
-- Data for Name: region_fulfillment_providers; Type: TABLE DATA; Schema: public; Owner: postgres
--

COPY public.region_fulfillment_providers (region_id, provider_id) FROM stdin;
reg_01HHJE3WA04YBT5QCA0QP0NGMJ	manual
reg_01HHJE3WAXM01X3D9NSHQTEKJ8	manual
\.


--
-- Data for Name: region_payment_providers; Type: TABLE DATA; Schema: public; Owner: postgres
--

COPY public.region_payment_providers (region_id, provider_id) FROM stdin;
reg_01HHJE3WA04YBT5QCA0QP0NGMJ	manual
reg_01HHJE3WAXM01X3D9NSHQTEKJ8	manual
\.


--
-- Data for Name: return; Type: TABLE DATA; Schema: public; Owner: postgres
--

COPY public.return (id, status, swap_id, order_id, shipping_data, refund_amount, received_at, created_at, updated_at, metadata, idempotency_key, claim_order_id, no_notification, location_id) FROM stdin;
\.


--
-- Data for Name: return_item; Type: TABLE DATA; Schema: public; Owner: postgres
--

COPY public.return_item (return_id, item_id, quantity, is_requested, requested_quantity, received_quantity, metadata, reason_id, note) FROM stdin;
\.


--
-- Data for Name: return_reason; Type: TABLE DATA; Schema: public; Owner: postgres
--

COPY public.return_reason (id, value, label, description, created_at, updated_at, deleted_at, metadata, parent_return_reason_id) FROM stdin;
\.


--
-- Data for Name: sales_channel; Type: TABLE DATA; Schema: public; Owner: postgres
--

COPY public.sales_channel (id, created_at, updated_at, deleted_at, name, description, is_disabled, metadata) FROM stdin;
sc_01HHJE3P1VC3CJ070EGA9AC7YT	2023-12-13 20:32:51.68866+00	2023-12-13 20:32:51.68866+00	\N	Default Sales Channel	Created by Medusa	f	\N
\.


--
-- Data for Name: sales_channel_location; Type: TABLE DATA; Schema: public; Owner: postgres
--

COPY public.sales_channel_location (id, created_at, updated_at, sales_channel_id, location_id, deleted_at) FROM stdin;
\.


--
-- Data for Name: shipping_method; Type: TABLE DATA; Schema: public; Owner: postgres
--

COPY public.shipping_method (id, shipping_option_id, order_id, cart_id, swap_id, return_id, price, data, claim_order_id) FROM stdin;
\.


--
-- Data for Name: shipping_method_tax_line; Type: TABLE DATA; Schema: public; Owner: postgres
--

COPY public.shipping_method_tax_line (id, rate, name, code, created_at, updated_at, metadata, shipping_method_id) FROM stdin;
\.


--
-- Data for Name: shipping_option; Type: TABLE DATA; Schema: public; Owner: postgres
--

COPY public.shipping_option (id, name, region_id, profile_id, provider_id, price_type, amount, is_return, data, created_at, updated_at, deleted_at, metadata, admin_only) FROM stdin;
so_01HHJE3WBBY35B1HV4CF3JCXBW	PostFake Standard	reg_01HHJE3WA04YBT5QCA0QP0NGMJ	sp_01HHJE3P15GJ55H1V84ZNJ7DE2	manual	flat_rate	1000	f	{"id": "manual-fulfillment"}	2023-12-13 20:32:58.110104+00	2023-12-13 20:32:58.110104+00	\N	\N	f
so_01HHJE3WBK478VJZ0KVD9ZWAHA	PostFake Express	reg_01HHJE3WA04YBT5QCA0QP0NGMJ	sp_01HHJE3P15GJ55H1V84ZNJ7DE2	manual	flat_rate	1500	f	{"id": "manual-fulfillment"}	2023-12-13 20:32:58.110104+00	2023-12-13 20:32:58.110104+00	\N	\N	f
so_01HHJE3WBTH8AX4BAA72VMGB8W	PostFake Return	reg_01HHJE3WA04YBT5QCA0QP0NGMJ	sp_01HHJE3P15GJ55H1V84ZNJ7DE2	manual	flat_rate	1000	t	{"id": "manual-fulfillment"}	2023-12-13 20:32:58.110104+00	2023-12-13 20:32:58.110104+00	\N	\N	f
so_01HHJE3WC1SDY3KNGAE2NGCRBX	I want to return it myself	reg_01HHJE3WA04YBT5QCA0QP0NGMJ	sp_01HHJE3P15GJ55H1V84ZNJ7DE2	manual	flat_rate	0	t	{"id": "manual-fulfillment"}	2023-12-13 20:32:58.110104+00	2023-12-13 20:32:58.110104+00	\N	\N	f
so_01HHJE3WC71ZFG9ZV6E0JNWHPA	FakeEx Standard	reg_01HHJE3WAXM01X3D9NSHQTEKJ8	sp_01HHJE3P15GJ55H1V84ZNJ7DE2	manual	flat_rate	800	f	{"id": "manual-fulfillment"}	2023-12-13 20:32:58.110104+00	2023-12-13 20:32:58.110104+00	\N	\N	f
so_01HHJE3WCDE8RT98J9AE3TKW22	FakeEx Express	reg_01HHJE3WAXM01X3D9NSHQTEKJ8	sp_01HHJE3P15GJ55H1V84ZNJ7DE2	manual	flat_rate	1200	f	{"id": "manual-fulfillment"}	2023-12-13 20:32:58.110104+00	2023-12-13 20:32:58.110104+00	\N	\N	f
so_01HHJE3WCK0YT1VHRZHYQZNGQX	FakeEx Return	reg_01HHJE3WAXM01X3D9NSHQTEKJ8	sp_01HHJE3P15GJ55H1V84ZNJ7DE2	manual	flat_rate	800	t	{"id": "manual-fulfillment"}	2023-12-13 20:32:58.110104+00	2023-12-13 20:32:58.110104+00	\N	\N	f
so_01HHJE3WCSGK23JJKHJCVQ9Z0X	I want to return it myself	reg_01HHJE3WAXM01X3D9NSHQTEKJ8	sp_01HHJE3P15GJ55H1V84ZNJ7DE2	manual	flat_rate	0	t	{"id": "manual-fulfillment"}	2023-12-13 20:32:58.110104+00	2023-12-13 20:32:58.110104+00	\N	\N	f
\.


--
-- Data for Name: shipping_option_requirement; Type: TABLE DATA; Schema: public; Owner: postgres
--

COPY public.shipping_option_requirement (id, shipping_option_id, type, amount, deleted_at) FROM stdin;
\.


--
-- Data for Name: shipping_profile; Type: TABLE DATA; Schema: public; Owner: postgres
--

COPY public.shipping_profile (id, name, type, created_at, updated_at, deleted_at, metadata) FROM stdin;
sp_01HHJE3P15GJ55H1V84ZNJ7DE2	Default Shipping Profile	default	2023-12-13 20:32:51.68866+00	2023-12-13 20:32:51.68866+00	\N	\N
sp_01HHJE3P1804WRFXDXEMYMGJYW	Gift Card Profile	gift_card	2023-12-13 20:32:51.68866+00	2023-12-13 20:32:51.68866+00	\N	\N
\.


--
-- Data for Name: shipping_tax_rate; Type: TABLE DATA; Schema: public; Owner: postgres
--

COPY public.shipping_tax_rate (shipping_option_id, rate_id, created_at, updated_at, metadata) FROM stdin;
\.


--
-- Data for Name: staged_job; Type: TABLE DATA; Schema: public; Owner: postgres
--

COPY public.staged_job (id, event_name, data, options) FROM stdin;
\.


--
-- Data for Name: store; Type: TABLE DATA; Schema: public; Owner: postgres
--

COPY public.store (id, name, default_currency_code, swap_link_template, created_at, updated_at, metadata, payment_link_template, invite_link_template, default_sales_channel_id, default_location_id) FROM stdin;
store_01HHJE3NZX15CCDHCTJ67BW7BY	Medusa Store	usd	\N	2023-12-13 20:32:51.68866+00	2023-12-13 20:32:51.68866+00	\N	\N	\N	sc_01HHJE3P1VC3CJ070EGA9AC7YT	\N
\.


--
-- Data for Name: store_currencies; Type: TABLE DATA; Schema: public; Owner: postgres
--

COPY public.store_currencies (store_id, currency_code) FROM stdin;
store_01HHJE3NZX15CCDHCTJ67BW7BY	usd
store_01HHJE3NZX15CCDHCTJ67BW7BY	eur
\.


--
-- Data for Name: swap; Type: TABLE DATA; Schema: public; Owner: postgres
--

COPY public.swap (id, fulfillment_status, payment_status, order_id, difference_due, shipping_address_id, cart_id, confirmed_at, created_at, updated_at, deleted_at, metadata, idempotency_key, no_notification, canceled_at, allow_backorder) FROM stdin;
\.


--
-- Data for Name: tax_provider; Type: TABLE DATA; Schema: public; Owner: postgres
--

COPY public.tax_provider (id, is_installed) FROM stdin;
\.


--
-- Data for Name: tax_rate; Type: TABLE DATA; Schema: public; Owner: postgres
--

COPY public.tax_rate (id, rate, code, name, region_id, created_at, updated_at, metadata) FROM stdin;
\.


--
-- Data for Name: tracking_link; Type: TABLE DATA; Schema: public; Owner: postgres
--

COPY public.tracking_link (id, url, tracking_number, fulfillment_id, created_at, updated_at, deleted_at, metadata, idempotency_key) FROM stdin;
\.


--
-- Data for Name: user; Type: TABLE DATA; Schema: public; Owner: postgres
--

COPY public."user" (id, email, first_name, last_name, password_hash, api_token, created_at, updated_at, deleted_at, metadata, role) FROM stdin;
usr_01HHJEDPN3FJ9FJ1HV9HYXPPQQ	some@email.com	\N	\N	c2NyeXB0AAEAAAABAAAAARQL0SLzf1nrHNvPUTEC6r02oVb7LdpX4gC2DPzJRiUf8RV183sPuuApYj8ezdSASUq/UqZCN2mcj4yGjBOTrVRYjt3IcjFiXnSqh36eiiTQ	\N	2023-12-13 20:38:20.050264+00	2023-12-13 20:38:20.050264+00	\N	\N	member
\.


--
-- Name: country_id_seq; Type: SEQUENCE SET; Schema: public; Owner: postgres
--

SELECT pg_catalog.setval('public.country_id_seq', 250, true);


--
-- Name: draft_order_display_id_seq; Type: SEQUENCE SET; Schema: public; Owner: postgres
--

SELECT pg_catalog.setval('public.draft_order_display_id_seq', 1, false);


--
-- Name: migrations_id_seq; Type: SEQUENCE SET; Schema: public; Owner: postgres
--

SELECT pg_catalog.setval('public.migrations_id_seq', 76, true);


--
-- Name: order_display_id_seq; Type: SEQUENCE SET; Schema: public; Owner: postgres
--

SELECT pg_catalog.setval('public.order_display_id_seq', 1, false);


--
-- Name: payment_session OneSelected; Type: CONSTRAINT; Schema: public; Owner: postgres
--

ALTER TABLE ONLY public.payment_session
    ADD CONSTRAINT "OneSelected" UNIQUE (cart_id, is_selected);


--
-- Name: money_amount PK_022e49a7e21a8dfb820f788778a; Type: CONSTRAINT; Schema: public; Owner: postgres
--

ALTER TABLE ONLY public.money_amount
    ADD CONSTRAINT "PK_022e49a7e21a8dfb820f788778a" PRIMARY KEY (id);


--
-- Name: notification_provider PK_0425c2423e2ce9fdfd5c23761d9; Type: CONSTRAINT; Schema: public; Owner: postgres
--

ALTER TABLE ONLY public.notification_provider
    ADD CONSTRAINT "PK_0425c2423e2ce9fdfd5c23761d9" PRIMARY KEY (id);


--
-- Name: store_currencies PK_0f2bff3bccc785c320a4df836de; Type: CONSTRAINT; Schema: public; Owner: postgres
--

ALTER TABLE ONLY public.store_currencies
    ADD CONSTRAINT "PK_0f2bff3bccc785c320a4df836de" PRIMARY KEY (store_id, currency_code);


--
-- Name: order PK_1031171c13130102495201e3e20; Type: CONSTRAINT; Schema: public; Owner: postgres
--

ALTER TABLE ONLY public."order"
    ADD CONSTRAINT "PK_1031171c13130102495201e3e20" PRIMARY KEY (id);


--
-- Name: cart_discounts PK_10bd412c9071ccc0cf555afd9bb; Type: CONSTRAINT; Schema: public; Owner: postgres
--

ALTER TABLE ONLY public.cart_discounts
    ADD CONSTRAINT "PK_10bd412c9071ccc0cf555afd9bb" PRIMARY KEY (cart_id, discount_id);


--
-- Name: product_images PK_10de97980da2e939c4c0e8423f2; Type: CONSTRAINT; Schema: public; Owner: postgres
--

ALTER TABLE ONLY public.product_images
    ADD CONSTRAINT "PK_10de97980da2e939c4c0e8423f2" PRIMARY KEY (product_id, image_id);


--
-- Name: product_tag PK_1439455c6528caa94fcc8564fda; Type: CONSTRAINT; Schema: public; Owner: postgres
--

ALTER TABLE ONLY public.product_tag
    ADD CONSTRAINT "PK_1439455c6528caa94fcc8564fda" PRIMARY KEY (id);


--
-- Name: discount_regions PK_15974566a8b6e04a7c754e85b75; Type: CONSTRAINT; Schema: public; Owner: postgres
--

ALTER TABLE ONLY public.discount_regions
    ADD CONSTRAINT "PK_15974566a8b6e04a7c754e85b75" PRIMARY KEY (discount_id, region_id);


--
-- Name: product_variant PK_1ab69c9935c61f7c70791ae0a9f; Type: CONSTRAINT; Schema: public; Owner: postgres
--

ALTER TABLE ONLY public.product_variant
    ADD CONSTRAINT "PK_1ab69c9935c61f7c70791ae0a9f" PRIMARY KEY (id);


--
-- Name: price_list_customer_groups PK_1afcbe15cc8782dc80c05707df9; Type: CONSTRAINT; Schema: public; Owner: postgres
--

ALTER TABLE ONLY public.price_list_customer_groups
    ADD CONSTRAINT "PK_1afcbe15cc8782dc80c05707df9" PRIMARY KEY (price_list_id, customer_group_id);


--
-- Name: product_tags PK_1cf5c9537e7198df494b71b993f; Type: CONSTRAINT; Schema: public; Owner: postgres
--

ALTER TABLE ONLY public.product_tags
    ADD CONSTRAINT "PK_1cf5c9537e7198df494b71b993f" PRIMARY KEY (product_id, product_tag_id);


--
-- Name: idempotency_key PK_213f125e14469be304f9ff1d452; Type: CONSTRAINT; Schema: public; Owner: postgres
--

ALTER TABLE ONLY public.idempotency_key
    ADD CONSTRAINT "PK_213f125e14469be304f9ff1d452" PRIMARY KEY (id);


--
-- Name: cart_gift_cards PK_2389be82bf0ef3635e2014c9ef1; Type: CONSTRAINT; Schema: public; Owner: postgres
--

ALTER TABLE ONLY public.cart_gift_cards
    ADD CONSTRAINT "PK_2389be82bf0ef3635e2014c9ef1" PRIMARY KEY (cart_id, gift_card_id);


--
-- Name: tax_rate PK_23b71b53f650c0b39e99ccef4fd; Type: CONSTRAINT; Schema: public; Owner: postgres
--

ALTER TABLE ONLY public.tax_rate
    ADD CONSTRAINT "PK_23b71b53f650c0b39e99ccef4fd" PRIMARY KEY (id);


--
-- Name: product_option_value PK_2ab71ed3b21be5800905c621535; Type: CONSTRAINT; Schema: public; Owner: postgres
--

ALTER TABLE ONLY public.product_option_value
    ADD CONSTRAINT "PK_2ab71ed3b21be5800905c621535" PRIMARY KEY (id);


--
-- Name: line_item_adjustment PK_2b1360103753df2dc8257c2c8c3; Type: CONSTRAINT; Schema: public; Owner: postgres
--

ALTER TABLE ONLY public.line_item_adjustment
    ADD CONSTRAINT "PK_2b1360103753df2dc8257c2c8c3" PRIMARY KEY (id);


--
-- Name: shipping_option PK_2e56fddaa65f3a26d402e5d786e; Type: CONSTRAINT; Schema: public; Owner: postgres
--

ALTER TABLE ONLY public.shipping_option
    ADD CONSTRAINT "PK_2e56fddaa65f3a26d402e5d786e" PRIMARY KEY (id);


--
-- Name: product_tax_rate PK_326257ce468df46cd5c8c5922e9; Type: CONSTRAINT; Schema: public; Owner: postgres
--

ALTER TABLE ONLY public.product_tax_rate
    ADD CONSTRAINT "PK_326257ce468df46cd5c8c5922e9" PRIMARY KEY (product_id, rate_id);


--
-- Name: discount_rule_products PK_351c8c92f5d27283c445cd022ee; Type: CONSTRAINT; Schema: public; Owner: postgres
--

ALTER TABLE ONLY public.discount_rule_products
    ADD CONSTRAINT "PK_351c8c92f5d27283c445cd022ee" PRIMARY KEY (discount_rule_id, product_id);


--
-- Name: discount_condition_product_type PK_35d538a5a24399d0df978df12ed; Type: CONSTRAINT; Schema: public; Owner: postgres
--

ALTER TABLE ONLY public.discount_condition_product_type
    ADD CONSTRAINT "PK_35d538a5a24399d0df978df12ed" PRIMARY KEY (product_type_id, condition_id);


--
-- Name: return_item PK_46409dc1dd5f38509b9000c3069; Type: CONSTRAINT; Schema: public; Owner: postgres
--

ALTER TABLE ONLY public.return_item
    ADD CONSTRAINT "PK_46409dc1dd5f38509b9000c3069" PRIMARY KEY (return_id, item_id);


--
-- Name: order_gift_cards PK_49a8ec66a6625d7c2e3526e05b4; Type: CONSTRAINT; Schema: public; Owner: postgres
--

ALTER TABLE ONLY public.order_gift_cards
    ADD CONSTRAINT "PK_49a8ec66a6625d7c2e3526e05b4" PRIMARY KEY (order_id, gift_card_id);


--
-- Name: product_collection PK_49d419fc77d3aed46c835c558ac; Type: CONSTRAINT; Schema: public; Owner: postgres
--

ALTER TABLE ONLY public.product_collection
    ADD CONSTRAINT "PK_49d419fc77d3aed46c835c558ac" PRIMARY KEY (id);


--
-- Name: line_item_tax_line PK_4a0f4322fcd5ce4af85727f89a8; Type: CONSTRAINT; Schema: public; Owner: postgres
--

ALTER TABLE ONLY public.line_item_tax_line
    ADD CONSTRAINT "PK_4a0f4322fcd5ce4af85727f89a8" PRIMARY KEY (id);


--
-- Name: swap PK_4a10d0f359339acef77e7f986d9; Type: CONSTRAINT; Schema: public; Owner: postgres
--

ALTER TABLE ONLY public.swap
    ADD CONSTRAINT "PK_4a10d0f359339acef77e7f986d9" PRIMARY KEY (id);


--
-- Name: product_option PK_4cf3c467e9bc764bdd32c4cd938; Type: CONSTRAINT; Schema: public; Owner: postgres
--

ALTER TABLE ONLY public.product_option
    ADD CONSTRAINT "PK_4cf3c467e9bc764bdd32c4cd938" PRIMARY KEY (id);


--
-- Name: fulfillment PK_50c102da132afffae660585981f; Type: CONSTRAINT; Schema: public; Owner: postgres
--

ALTER TABLE ONLY public.fulfillment
    ADD CONSTRAINT "PK_50c102da132afffae660585981f" PRIMARY KEY (id);


--
-- Name: price_list PK_52ea7826468b1c889cb2c28df03; Type: CONSTRAINT; Schema: public; Owner: postgres
--

ALTER TABLE ONLY public.price_list
    ADD CONSTRAINT "PK_52ea7826468b1c889cb2c28df03" PRIMARY KEY (id);


--
-- Name: claim_item_tags PK_54ab8ce0f7e99167068188fbd81; Type: CONSTRAINT; Schema: public; Owner: postgres
--

ALTER TABLE ONLY public.claim_item_tags
    ADD CONSTRAINT "PK_54ab8ce0f7e99167068188fbd81" PRIMARY KEY (item_id, tag_id);


--
-- Name: shipping_method_tax_line PK_54c94f5908aacbd51cf0a73edb1; Type: CONSTRAINT; Schema: public; Owner: postgres
--

ALTER TABLE ONLY public.shipping_method_tax_line
    ADD CONSTRAINT "PK_54c94f5908aacbd51cf0a73edb1" PRIMARY KEY (id);


--
-- Name: claim_item PK_5679662039bc4c7c6bc7fa1be2d; Type: CONSTRAINT; Schema: public; Owner: postgres
--

ALTER TABLE ONLY public.claim_item
    ADD CONSTRAINT "PK_5679662039bc4c7c6bc7fa1be2d" PRIMARY KEY (id);


--
-- Name: order_edit PK_58ab6acf2e84b4e827f5f846f7a; Type: CONSTRAINT; Schema: public; Owner: postgres
--

ALTER TABLE ONLY public.order_edit
    ADD CONSTRAINT "PK_58ab6acf2e84b4e827f5f846f7a" PRIMARY KEY (id);


--
-- Name: region_fulfillment_providers PK_5b7d928a1fb50d6803868cfab3a; Type: CONSTRAINT; Schema: public; Owner: postgres
--

ALTER TABLE ONLY public.region_fulfillment_providers
    ADD CONSTRAINT "PK_5b7d928a1fb50d6803868cfab3a" PRIMARY KEY (region_id, provider_id);


--
-- Name: region PK_5f48ffc3af96bc486f5f3f3a6da; Type: CONSTRAINT; Schema: public; Owner: postgres
--

ALTER TABLE ONLY public.region
    ADD CONSTRAINT "PK_5f48ffc3af96bc486f5f3f3a6da" PRIMARY KEY (id);


--
-- Name: publishable_api_key_sales_channel PK_68eaeb14bdac8954460054c567c; Type: CONSTRAINT; Schema: public; Owner: postgres
--

ALTER TABLE ONLY public.publishable_api_key_sales_channel
    ADD CONSTRAINT "PK_68eaeb14bdac8954460054c567c" PRIMARY KEY (sales_channel_id, publishable_key_id);


--
-- Name: notification PK_705b6c7cdf9b2c2ff7ac7872cb7; Type: CONSTRAINT; Schema: public; Owner: postgres
--

ALTER TABLE ONLY public.notification
    ADD CONSTRAINT "PK_705b6c7cdf9b2c2ff7ac7872cb7" PRIMARY KEY (id);


--
-- Name: currency PK_723472e41cae44beb0763f4039c; Type: CONSTRAINT; Schema: public; Owner: postgres
--

ALTER TABLE ONLY public.currency
    ADD CONSTRAINT "PK_723472e41cae44beb0763f4039c" PRIMARY KEY (code);


--
-- Name: claim_tag PK_7761180541142a5926501018d34; Type: CONSTRAINT; Schema: public; Owner: postgres
--

ALTER TABLE ONLY public.claim_tag
    ADD CONSTRAINT "PK_7761180541142a5926501018d34" PRIMARY KEY (id);


--
-- Name: claim_image PK_7c49e44bfe8840ca7d917890101; Type: CONSTRAINT; Schema: public; Owner: postgres
--

ALTER TABLE ONLY public.claim_image
    ADD CONSTRAINT "PK_7c49e44bfe8840ca7d917890101" PRIMARY KEY (id);


--
-- Name: customer_group PK_88e7da3ff7262d9e0a35aa3664e; Type: CONSTRAINT; Schema: public; Owner: postgres
--

ALTER TABLE ONLY public.customer_group
    ADD CONSTRAINT "PK_88e7da3ff7262d9e0a35aa3664e" PRIMARY KEY (id);


--
-- Name: onboarding_state PK_891b72628471aada55d7b8c9410; Type: CONSTRAINT; Schema: public; Owner: postgres
--

ALTER TABLE ONLY public.onboarding_state
    ADD CONSTRAINT "PK_891b72628471aada55d7b8c9410" PRIMARY KEY (id);


--
-- Name: claim_order PK_8981f5595a4424021466aa4c7a4; Type: CONSTRAINT; Schema: public; Owner: postgres
--

ALTER TABLE ONLY public.claim_order
    ADD CONSTRAINT "PK_8981f5595a4424021466aa4c7a4" PRIMARY KEY (id);


--
-- Name: migrations PK_8c82d7f526340ab734260ea46be; Type: CONSTRAINT; Schema: public; Owner: postgres
--

ALTER TABLE ONLY public.migrations
    ADD CONSTRAINT "PK_8c82d7f526340ab734260ea46be" PRIMARY KEY (id);


--
-- Name: custom_shipping_option PK_8dfcb5c1172c29eec4a728420cc; Type: CONSTRAINT; Schema: public; Owner: postgres
--

ALTER TABLE ONLY public.custom_shipping_option
    ADD CONSTRAINT "PK_8dfcb5c1172c29eec4a728420cc" PRIMARY KEY (id);


--
-- Name: analytics_config PK_93505647c5d7cb479becb810b0f; Type: CONSTRAINT; Schema: public; Owner: postgres
--

ALTER TABLE ONLY public.analytics_config
    ADD CONSTRAINT "PK_93505647c5d7cb479becb810b0f" PRIMARY KEY (id);


--
-- Name: return_reason PK_95fd1172973165790903e65660a; Type: CONSTRAINT; Schema: public; Owner: postgres
--

ALTER TABLE ONLY public.return_reason
    ADD CONSTRAINT "PK_95fd1172973165790903e65660a" PRIMARY KEY (id);


--
-- Name: note PK_96d0c172a4fba276b1bbed43058; Type: CONSTRAINT; Schema: public; Owner: postgres
--

ALTER TABLE ONLY public.note
    ADD CONSTRAINT "PK_96d0c172a4fba276b1bbed43058" PRIMARY KEY (id);


--
-- Name: discount_condition_product PK_994eb4529fdbf14450d64ec17e8; Type: CONSTRAINT; Schema: public; Owner: postgres
--

ALTER TABLE ONLY public.discount_condition_product
    ADD CONSTRAINT "PK_994eb4529fdbf14450d64ec17e8" PRIMARY KEY (product_id, condition_id);


--
-- Name: product_variant_inventory_item PK_9a1188b8d36f4d198303b4f7efa; Type: CONSTRAINT; Schema: public; Owner: postgres
--

ALTER TABLE ONLY public.product_variant_inventory_item
    ADD CONSTRAINT "PK_9a1188b8d36f4d198303b4f7efa" PRIMARY KEY (id);


--
-- Name: staged_job PK_9a28fb48c46c5509faf43ac8c8d; Type: CONSTRAINT; Schema: public; Owner: postgres
--

ALTER TABLE ONLY public.staged_job
    ADD CONSTRAINT "PK_9a28fb48c46c5509faf43ac8c8d" PRIMARY KEY (id);


--
-- Name: publishable_api_key PK_9e613278673a87de92c606b4494; Type: CONSTRAINT; Schema: public; Owner: postgres
--

ALTER TABLE ONLY public.publishable_api_key
    ADD CONSTRAINT "PK_9e613278673a87de92c606b4494" PRIMARY KEY (id);


--
-- Name: region_payment_providers PK_9fa1e69914d3dd752de6b1da407; Type: CONSTRAINT; Schema: public; Owner: postgres
--

ALTER TABLE ONLY public.region_payment_providers
    ADD CONSTRAINT "PK_9fa1e69914d3dd752de6b1da407" PRIMARY KEY (region_id, provider_id);


--
-- Name: shipping_option_requirement PK_a0ff15442606d9f783602cb23a7; Type: CONSTRAINT; Schema: public; Owner: postgres
--

ALTER TABLE ONLY public.shipping_option_requirement
    ADD CONSTRAINT "PK_a0ff15442606d9f783602cb23a7" PRIMARY KEY (id);


--
-- Name: payment_session PK_a1a91b20f7f3b1e5afb5485cbcd; Type: CONSTRAINT; Schema: public; Owner: postgres
--

ALTER TABLE ONLY public.payment_session
    ADD CONSTRAINT "PK_a1a91b20f7f3b1e5afb5485cbcd" PRIMARY KEY (id);


--
-- Name: order_discounts PK_a7418714ffceebc125bf6d8fcfe; Type: CONSTRAINT; Schema: public; Owner: postgres
--

ALTER TABLE ONLY public.order_discounts
    ADD CONSTRAINT "PK_a7418714ffceebc125bf6d8fcfe" PRIMARY KEY (order_id, discount_id);


--
-- Name: customer PK_a7a13f4cacb744524e44dfdad32; Type: CONSTRAINT; Schema: public; Owner: postgres
--

ALTER TABLE ONLY public.customer
    ADD CONSTRAINT "PK_a7a13f4cacb744524e44dfdad32" PRIMARY KEY (id);


--
-- Name: discount_condition_product_tag PK_a95382c1e62205b121aa058682b; Type: CONSTRAINT; Schema: public; Owner: postgres
--

ALTER TABLE ONLY public.discount_condition_product_tag
    ADD CONSTRAINT "PK_a95382c1e62205b121aa058682b" PRIMARY KEY (product_tag_id, condition_id);


--
-- Name: oauth PK_a957b894e50eb16b969c0640a8d; Type: CONSTRAINT; Schema: public; Owner: postgres
--

ALTER TABLE ONLY public.oauth
    ADD CONSTRAINT "PK_a957b894e50eb16b969c0640a8d" PRIMARY KEY (id);


--
-- Name: discount_rule PK_ac2c280de3701b2d66f6817f760; Type: CONSTRAINT; Schema: public; Owner: postgres
--

ALTER TABLE ONLY public.discount_rule
    ADD CONSTRAINT "PK_ac2c280de3701b2d66f6817f760" PRIMARY KEY (id);


--
-- Name: gift_card PK_af4e338d2d41035042843ad641f; Type: CONSTRAINT; Schema: public; Owner: postgres
--

ALTER TABLE ONLY public.gift_card
    ADD CONSTRAINT "PK_af4e338d2d41035042843ad641f" PRIMARY KEY (id);


--
-- Name: sales_channel_location PK_afd2c2c52634bc8280a9c9ee533; Type: CONSTRAINT; Schema: public; Owner: postgres
--

ALTER TABLE ONLY public.sales_channel_location
    ADD CONSTRAINT "PK_afd2c2c52634bc8280a9c9ee533" PRIMARY KEY (id);


--
-- Name: tax_provider PK_b198bf82ba6a317c11763d99b99; Type: CONSTRAINT; Schema: public; Owner: postgres
--

ALTER TABLE ONLY public.tax_provider
    ADD CONSTRAINT "PK_b198bf82ba6a317c11763d99b99" PRIMARY KEY (id);


--
-- Name: discount_condition_product_collection PK_b3508fc787aa4a38705866cbb6d; Type: CONSTRAINT; Schema: public; Owner: postgres
--

ALTER TABLE ONLY public.discount_condition_product_collection
    ADD CONSTRAINT "PK_b3508fc787aa4a38705866cbb6d" PRIMARY KEY (product_collection_id, condition_id);


--
-- Name: shipping_method PK_b9b0adfad3c6b99229c1e7d4865; Type: CONSTRAINT; Schema: public; Owner: postgres
--

ALTER TABLE ONLY public.shipping_method
    ADD CONSTRAINT "PK_b9b0adfad3c6b99229c1e7d4865" PRIMARY KEY (id);


--
-- Name: fulfillment_item PK_bc3e8a388de75db146a249922e0; Type: CONSTRAINT; Schema: public; Owner: postgres
--

ALTER TABLE ONLY public.fulfillment_item
    ADD CONSTRAINT "PK_bc3e8a388de75db146a249922e0" PRIMARY KEY (fulfillment_id, item_id);


--
-- Name: shipping_tax_rate PK_bcd93b14d7e2695365d383f5eae; Type: CONSTRAINT; Schema: public; Owner: postgres
--

ALTER TABLE ONLY public.shipping_tax_rate
    ADD CONSTRAINT "PK_bcd93b14d7e2695365d383f5eae" PRIMARY KEY (shipping_option_id, rate_id);


--
-- Name: fulfillment_provider PK_beb35a6de60a6c4f91d5ae57e44; Type: CONSTRAINT; Schema: public; Owner: postgres
--

ALTER TABLE ONLY public.fulfillment_provider
    ADD CONSTRAINT "PK_beb35a6de60a6c4f91d5ae57e44" PRIMARY KEY (id);


--
-- Name: product PK_bebc9158e480b949565b4dc7a82; Type: CONSTRAINT; Schema: public; Owner: postgres
--

ALTER TABLE ONLY public.product
    ADD CONSTRAINT "PK_bebc9158e480b949565b4dc7a82" PRIMARY KEY (id);


--
-- Name: country PK_bf6e37c231c4f4ea56dcd887269; Type: CONSTRAINT; Schema: public; Owner: postgres
--

ALTER TABLE ONLY public.country
    ADD CONSTRAINT "PK_bf6e37c231c4f4ea56dcd887269" PRIMARY KEY (id);


--
-- Name: cart PK_c524ec48751b9b5bcfbf6e59be7; Type: CONSTRAINT; Schema: public; Owner: postgres
--

ALTER TABLE ONLY public.cart
    ADD CONSTRAINT "PK_c524ec48751b9b5bcfbf6e59be7" PRIMARY KEY (id);


--
-- Name: shipping_profile PK_c8120e4543a5a3a121f2968a1ec; Type: CONSTRAINT; Schema: public; Owner: postgres
--

ALTER TABLE ONLY public.shipping_profile
    ADD CONSTRAINT "PK_c8120e4543a5a3a121f2968a1ec" PRIMARY KEY (id);


--
-- Name: return PK_c8ad68d13e76d75d803b5aeebc4; Type: CONSTRAINT; Schema: public; Owner: postgres
--

ALTER TABLE ONLY public.return
    ADD CONSTRAINT "PK_c8ad68d13e76d75d803b5aeebc4" PRIMARY KEY (id);


--
-- Name: user PK_cace4a159ff9f2512dd42373760; Type: CONSTRAINT; Schema: public; Owner: postgres
--

ALTER TABLE ONLY public."user"
    ADD CONSTRAINT "PK_cace4a159ff9f2512dd42373760" PRIMARY KEY (id);


--
-- Name: line_item PK_cce6b13e67fa506d1d9618ac68b; Type: CONSTRAINT; Schema: public; Owner: postgres
--

ALTER TABLE ONLY public.line_item
    ADD CONSTRAINT "PK_cce6b13e67fa506d1d9618ac68b" PRIMARY KEY (id);


--
-- Name: discount_condition_customer_group PK_cdc8b2277169a16b8b7d4c73e0e; Type: CONSTRAINT; Schema: public; Owner: postgres
--

ALTER TABLE ONLY public.discount_condition_customer_group
    ADD CONSTRAINT "PK_cdc8b2277169a16b8b7d4c73e0e" PRIMARY KEY (customer_group_id, condition_id);


--
-- Name: gift_card_transaction PK_cfb5b4ba5447a507aef87d73fe7; Type: CONSTRAINT; Schema: public; Owner: postgres
--

ALTER TABLE ONLY public.gift_card_transaction
    ADD CONSTRAINT "PK_cfb5b4ba5447a507aef87d73fe7" PRIMARY KEY (id);


--
-- Name: discount PK_d05d8712e429673e459e7f1cddb; Type: CONSTRAINT; Schema: public; Owner: postgres
--

ALTER TABLE ONLY public.discount
    ADD CONSTRAINT "PK_d05d8712e429673e459e7f1cddb" PRIMARY KEY (id);


--
-- Name: sales_channel PK_d1eb0b923ea5a0eb1e0916191f1; Type: CONSTRAINT; Schema: public; Owner: postgres
--

ALTER TABLE ONLY public.sales_channel
    ADD CONSTRAINT "PK_d1eb0b923ea5a0eb1e0916191f1" PRIMARY KEY (id);


--
-- Name: image PK_d6db1ab4ee9ad9dbe86c64e4cc3; Type: CONSTRAINT; Schema: public; Owner: postgres
--

ALTER TABLE ONLY public.image
    ADD CONSTRAINT "PK_d6db1ab4ee9ad9dbe86c64e4cc3" PRIMARY KEY (id);


--
-- Name: order_item_change PK_d6eb138f77ffdee83567b85af0c; Type: CONSTRAINT; Schema: public; Owner: postgres
--

ALTER TABLE ONLY public.order_item_change
    ADD CONSTRAINT "PK_d6eb138f77ffdee83567b85af0c" PRIMARY KEY (id);


--
-- Name: address PK_d92de1f82754668b5f5f5dd4fd5; Type: CONSTRAINT; Schema: public; Owner: postgres
--

ALTER TABLE ONLY public.address
    ADD CONSTRAINT "PK_d92de1f82754668b5f5f5dd4fd5" PRIMARY KEY (id);


--
-- Name: product_type_tax_rate PK_ddc9242de1d99bc7674969289f0; Type: CONSTRAINT; Schema: public; Owner: postgres
--

ALTER TABLE ONLY public.product_type_tax_rate
    ADD CONSTRAINT "PK_ddc9242de1d99bc7674969289f0" PRIMARY KEY (product_type_id, rate_id);


--
-- Name: product_type PK_e0843930fbb8854fe36ca39dae1; Type: CONSTRAINT; Schema: public; Owner: postgres
--

ALTER TABLE ONLY public.product_type
    ADD CONSTRAINT "PK_e0843930fbb8854fe36ca39dae1" PRIMARY KEY (id);


--
-- Name: customer_group_customers PK_e28a55e34ad1e2d3df9a0ac86d3; Type: CONSTRAINT; Schema: public; Owner: postgres
--

ALTER TABLE ONLY public.customer_group_customers
    ADD CONSTRAINT "PK_e28a55e34ad1e2d3df9a0ac86d3" PRIMARY KEY (customer_group_id, customer_id);


--
-- Name: batch_job PK_e57f84d485145d5be96bc6d871e; Type: CONSTRAINT; Schema: public; Owner: postgres
--

ALTER TABLE ONLY public.batch_job
    ADD CONSTRAINT "PK_e57f84d485145d5be96bc6d871e" PRIMARY KEY (id);


--
-- Name: discount_condition PK_e6b81d83133ddc21a2baf2e2204; Type: CONSTRAINT; Schema: public; Owner: postgres
--

ALTER TABLE ONLY public.discount_condition
    ADD CONSTRAINT "PK_e6b81d83133ddc21a2baf2e2204" PRIMARY KEY (id);


--
-- Name: payment_provider PK_ea94f42b6c88e9191c3649d7522; Type: CONSTRAINT; Schema: public; Owner: postgres
--

ALTER TABLE ONLY public.payment_provider
    ADD CONSTRAINT "PK_ea94f42b6c88e9191c3649d7522" PRIMARY KEY (id);


--
-- Name: refund PK_f1cefa2e60d99b206c46c1116e5; Type: CONSTRAINT; Schema: public; Owner: postgres
--

ALTER TABLE ONLY public.refund
    ADD CONSTRAINT "PK_f1cefa2e60d99b206c46c1116e5" PRIMARY KEY (id);


--
-- Name: store PK_f3172007d4de5ae8e7692759d79; Type: CONSTRAINT; Schema: public; Owner: postgres
--

ALTER TABLE ONLY public.store
    ADD CONSTRAINT "PK_f3172007d4de5ae8e7692759d79" PRIMARY KEY (id);


--
-- Name: draft_order PK_f478946c183d98f8d88a94cfcd7; Type: CONSTRAINT; Schema: public; Owner: postgres
--

ALTER TABLE ONLY public.draft_order
    ADD CONSTRAINT "PK_f478946c183d98f8d88a94cfcd7" PRIMARY KEY (id);


--
-- Name: invite PK_fc9fa190e5a3c5d80604a4f63e1; Type: CONSTRAINT; Schema: public; Owner: postgres
--

ALTER TABLE ONLY public.invite
    ADD CONSTRAINT "PK_fc9fa190e5a3c5d80604a4f63e1" PRIMARY KEY (id);


--
-- Name: payment PK_fcaec7df5adf9cac408c686b2ab; Type: CONSTRAINT; Schema: public; Owner: postgres
--

ALTER TABLE ONLY public.payment
    ADD CONSTRAINT "PK_fcaec7df5adf9cac408c686b2ab" PRIMARY KEY (id);


--
-- Name: tracking_link PK_fcfd77feb9012ec2126d7c0bfb6; Type: CONSTRAINT; Schema: public; Owner: postgres
--

ALTER TABLE ONLY public.tracking_link
    ADD CONSTRAINT "PK_fcfd77feb9012ec2126d7c0bfb6" PRIMARY KEY (id);


--
-- Name: product_sales_channel PK_fd29b6a8bd641052628dee19583; Type: CONSTRAINT; Schema: public; Owner: postgres
--

ALTER TABLE ONLY public.product_sales_channel
    ADD CONSTRAINT "PK_fd29b6a8bd641052628dee19583" PRIMARY KEY (product_id, sales_channel_id);


--
-- Name: payment_collection PK_payment_collection_id; Type: CONSTRAINT; Schema: public; Owner: postgres
--

ALTER TABLE ONLY public.payment_collection
    ADD CONSTRAINT "PK_payment_collection_id" PRIMARY KEY (id);


--
-- Name: payment_collection_payments PK_payment_collection_payments; Type: CONSTRAINT; Schema: public; Owner: postgres
--

ALTER TABLE ONLY public.payment_collection_payments
    ADD CONSTRAINT "PK_payment_collection_payments" PRIMARY KEY (payment_collection_id, payment_id);


--
-- Name: payment_collection_sessions PK_payment_collection_sessions; Type: CONSTRAINT; Schema: public; Owner: postgres
--

ALTER TABLE ONLY public.payment_collection_sessions
    ADD CONSTRAINT "PK_payment_collection_sessions" PRIMARY KEY (payment_collection_id, payment_session_id);


--
-- Name: product_variant_money_amount PK_product_variant_money_amount; Type: CONSTRAINT; Schema: public; Owner: postgres
--

ALTER TABLE ONLY public.product_variant_money_amount
    ADD CONSTRAINT "PK_product_variant_money_amount" PRIMARY KEY (id);


--
-- Name: product_category PK_qgguwbn1cwstxk93efl0px9oqwt; Type: CONSTRAINT; Schema: public; Owner: postgres
--

ALTER TABLE ONLY public.product_category
    ADD CONSTRAINT "PK_qgguwbn1cwstxk93efl0px9oqwt" PRIMARY KEY (id);


--
-- Name: shipping_method REL_1d9ad62038998c3a85c77a53cf; Type: CONSTRAINT; Schema: public; Owner: postgres
--

ALTER TABLE ONLY public.shipping_method
    ADD CONSTRAINT "REL_1d9ad62038998c3a85c77a53cf" UNIQUE (return_id);


--
-- Name: swap REL_402e8182bc553e082f6380020b; Type: CONSTRAINT; Schema: public; Owner: postgres
--

ALTER TABLE ONLY public.swap
    ADD CONSTRAINT "REL_402e8182bc553e082f6380020b" UNIQUE (cart_id);


--
-- Name: draft_order REL_5bd11d0e2a9628128e2c26fd0a; Type: CONSTRAINT; Schema: public; Owner: postgres
--

ALTER TABLE ONLY public.draft_order
    ADD CONSTRAINT "REL_5bd11d0e2a9628128e2c26fd0a" UNIQUE (cart_id);


--
-- Name: order_item_change REL_5f9688929761f7df108b630e64; Type: CONSTRAINT; Schema: public; Owner: postgres
--

ALTER TABLE ONLY public.order_item_change
    ADD CONSTRAINT "REL_5f9688929761f7df108b630e64" UNIQUE (line_item_id);


--
-- Name: customer REL_8abe81b9aac151ae60bf507ad1; Type: CONSTRAINT; Schema: public; Owner: postgres
--

ALTER TABLE ONLY public.customer
    ADD CONSTRAINT "REL_8abe81b9aac151ae60bf507ad1" UNIQUE (billing_address_id);


--
-- Name: draft_order REL_8f6dd6c49202f1466ebf21e77d; Type: CONSTRAINT; Schema: public; Owner: postgres
--

ALTER TABLE ONLY public.draft_order
    ADD CONSTRAINT "REL_8f6dd6c49202f1466ebf21e77d" UNIQUE (order_id);


--
-- Name: cart REL_9d1a161434c610aae7c3df2dc7; Type: CONSTRAINT; Schema: public; Owner: postgres
--

ALTER TABLE ONLY public.cart
    ADD CONSTRAINT "REL_9d1a161434c610aae7c3df2dc7" UNIQUE (payment_id);


--
-- Name: return REL_bad82d7bff2b08b87094bfac3d; Type: CONSTRAINT; Schema: public; Owner: postgres
--

ALTER TABLE ONLY public.return
    ADD CONSTRAINT "REL_bad82d7bff2b08b87094bfac3d" UNIQUE (swap_id);


--
-- Name: payment REL_c17aff091441b7c25ec3d68d36; Type: CONSTRAINT; Schema: public; Owner: postgres
--

ALTER TABLE ONLY public.payment
    ADD CONSTRAINT "REL_c17aff091441b7c25ec3d68d36" UNIQUE (swap_id);


--
-- Name: order REL_c99a206eb11ad45f6b7f04f2dc; Type: CONSTRAINT; Schema: public; Owner: postgres
--

ALTER TABLE ONLY public."order"
    ADD CONSTRAINT "REL_c99a206eb11ad45f6b7f04f2dc" UNIQUE (cart_id);


--
-- Name: custom_shipping_option UQ_0f838b122a9a01d921aa1cdb669; Type: CONSTRAINT; Schema: public; Owner: postgres
--

ALTER TABLE ONLY public.custom_shipping_option
    ADD CONSTRAINT "UQ_0f838b122a9a01d921aa1cdb669" UNIQUE (shipping_option_id, cart_id);


--
-- Name: line_item_tax_line UQ_3c2af51043ed7243e7d9775a2ad; Type: CONSTRAINT; Schema: public; Owner: postgres
--

ALTER TABLE ONLY public.line_item_tax_line
    ADD CONSTRAINT "UQ_3c2af51043ed7243e7d9775a2ad" UNIQUE (item_id, code);


--
-- Name: order_item_change UQ_5b7a99181e4db2ea821be0b6196; Type: CONSTRAINT; Schema: public; Owner: postgres
--

ALTER TABLE ONLY public.order_item_change
    ADD CONSTRAINT "UQ_5b7a99181e4db2ea821be0b6196" UNIQUE (order_edit_id, original_line_item_id);


--
-- Name: store UQ_61b0f48cccbb5f41c750bac7286; Type: CONSTRAINT; Schema: public; Owner: postgres
--

ALTER TABLE ONLY public.store
    ADD CONSTRAINT "UQ_61b0f48cccbb5f41c750bac7286" UNIQUE (default_sales_channel_id);


--
-- Name: return UQ_71773d56eb2bacb922bc3283398; Type: CONSTRAINT; Schema: public; Owner: postgres
--

ALTER TABLE ONLY public.return
    ADD CONSTRAINT "UQ_71773d56eb2bacb922bc3283398" UNIQUE (claim_order_id);


--
-- Name: order UQ_727b872f86c7378474a8fa46147; Type: CONSTRAINT; Schema: public; Owner: postgres
--

ALTER TABLE ONLY public."order"
    ADD CONSTRAINT "UQ_727b872f86c7378474a8fa46147" UNIQUE (draft_order_id);


--
-- Name: product_variant_inventory_item UQ_c9be7c1b11a1a729eb51d1b6bca; Type: CONSTRAINT; Schema: public; Owner: postgres
--

ALTER TABLE ONLY public.product_variant_inventory_item
    ADD CONSTRAINT "UQ_c9be7c1b11a1a729eb51d1b6bca" UNIQUE (variant_id, inventory_item_id);


--
-- Name: shipping_method_tax_line UQ_cd147fca71e50bc954139fa3104; Type: CONSTRAINT; Schema: public; Owner: postgres
--

ALTER TABLE ONLY public.shipping_method_tax_line
    ADD CONSTRAINT "UQ_cd147fca71e50bc954139fa3104" UNIQUE (shipping_method_id, code);


--
-- Name: order_item_change UQ_da93cee3ca0dd50a5246268c2e9; Type: CONSTRAINT; Schema: public; Owner: postgres
--

ALTER TABLE ONLY public.order_item_change
    ADD CONSTRAINT "UQ_da93cee3ca0dd50a5246268c2e9" UNIQUE (order_edit_id, line_item_id);


--
-- Name: customer UQ_unique_email_for_guests_and_customer_accounts; Type: CONSTRAINT; Schema: public; Owner: postgres
--

ALTER TABLE ONLY public.customer
    ADD CONSTRAINT "UQ_unique_email_for_guests_and_customer_accounts" UNIQUE (email, has_account);


--
-- Name: discount_condition dctypeuniq; Type: CONSTRAINT; Schema: public; Owner: postgres
--

ALTER TABLE ONLY public.discount_condition
    ADD CONSTRAINT dctypeuniq UNIQUE (type, operator, discount_rule_id);


--
-- Name: gift_card_transaction gcuniq; Type: CONSTRAINT; Schema: public; Owner: postgres
--

ALTER TABLE ONLY public.gift_card_transaction
    ADD CONSTRAINT gcuniq UNIQUE (gift_card_id, order_id);


--
-- Name: IDX_012a62ba743e427b5ebe9dee18; Type: INDEX; Schema: public; Owner: postgres
--

CREATE INDEX "IDX_012a62ba743e427b5ebe9dee18" ON public.shipping_option_requirement USING btree (shipping_option_id);


--
-- Name: IDX_01486cc9dc6b36bf658685535f; Type: INDEX; Schema: public; Owner: postgres
--

CREATE INDEX "IDX_01486cc9dc6b36bf658685535f" ON public.discount_condition_product_tag USING btree (product_tag_id);


--
-- Name: IDX_017d58bf8260c6e1a2588d258e; Type: INDEX; Schema: public; Owner: postgres
--

CREATE INDEX "IDX_017d58bf8260c6e1a2588d258e" ON public.claim_order USING btree (shipping_address_id);


--
-- Name: IDX_045d4a149c09f4704e0bc08dd4; Type: INDEX; Schema: public; Owner: postgres
--

CREATE UNIQUE INDEX "IDX_045d4a149c09f4704e0bc08dd4" ON public.product_variant USING btree (barcode) WHERE (deleted_at IS NULL);


--
-- Name: IDX_0fb38b6d167793192bc126d835; Type: INDEX; Schema: public; Owner: postgres
--

CREATE INDEX "IDX_0fb38b6d167793192bc126d835" ON public.cart_gift_cards USING btree (gift_card_id);


--
-- Name: IDX_0fc1ec4e3db9001ad60c19daf1; Type: INDEX; Schema: public; Owner: postgres
--

CREATE INDEX "IDX_0fc1ec4e3db9001ad60c19daf1" ON public.order_discounts USING btree (discount_id);


--
-- Name: IDX_118e3c48f09a7728f41023c94e; Type: INDEX; Schema: public; Owner: postgres
--

CREATE INDEX "IDX_118e3c48f09a7728f41023c94e" ON public.line_item USING btree (claim_order_id);


--
-- Name: IDX_19b0c6293443d1b464f604c331; Type: INDEX; Schema: public; Owner: postgres
--

CREATE INDEX "IDX_19b0c6293443d1b464f604c331" ON public."order" USING btree (shipping_address_id);


--
-- Name: IDX_1d04aebeabb6a89f87e536a124; Type: INDEX; Schema: public; Owner: postgres
--

CREATE INDEX "IDX_1d04aebeabb6a89f87e536a124" ON public.product_tax_rate USING btree (product_id);


--
-- Name: IDX_1d9ad62038998c3a85c77a53cf; Type: INDEX; Schema: public; Owner: postgres
--

CREATE INDEX "IDX_1d9ad62038998c3a85c77a53cf" ON public.shipping_method USING btree (return_id);


--
-- Name: IDX_21683a063fe82dafdf681ecc9c; Type: INDEX; Schema: public; Owner: postgres
--

CREATE INDEX "IDX_21683a063fe82dafdf681ecc9c" ON public.product_tags USING btree (product_tag_id);


--
-- Name: IDX_21cbfedd83d736d86f4c6f4ce5; Type: INDEX; Schema: public; Owner: postgres
--

CREATE INDEX "IDX_21cbfedd83d736d86f4c6f4ce5" ON public.claim_image USING btree (claim_item_id);


--
-- Name: IDX_2212515ba306c79f42c46a99db; Type: INDEX; Schema: public; Owner: postgres
--

CREATE INDEX "IDX_2212515ba306c79f42c46a99db" ON public.product_images USING btree (image_id);


--
-- Name: IDX_242205c81c1152fab1b6e84847; Type: INDEX; Schema: public; Owner: postgres
--

CREATE INDEX "IDX_242205c81c1152fab1b6e84847" ON public.cart USING btree (customer_id);


--
-- Name: IDX_2484cf14c437a04586b07e7ddd; Type: INDEX; Schema: public; Owner: postgres
--

CREATE INDEX "IDX_2484cf14c437a04586b07e7ddd" ON public.product_tax_rate USING btree (rate_id);


--
-- Name: IDX_25a3138bb236f63d9bb6c8ff11; Type: INDEX; Schema: public; Owner: postgres
--

CREATE INDEX "IDX_25a3138bb236f63d9bb6c8ff11" ON public.product_type_tax_rate USING btree (product_type_id);


--
-- Name: IDX_27283ee631862266d0f1c68064; Type: INDEX; Schema: public; Owner: postgres
--

CREATE INDEX "IDX_27283ee631862266d0f1c68064" ON public.line_item USING btree (cart_id);


--
-- Name: IDX_2ca8cfbdafb998ecfd6d340389; Type: INDEX; Schema: public; Owner: postgres
--

CREATE UNIQUE INDEX "IDX_2ca8cfbdafb998ecfd6d340389" ON public.product_variant USING btree (sku) WHERE (deleted_at IS NULL);


--
-- Name: IDX_2f41b20a71f30e60471d7e3769; Type: INDEX; Schema: public; Owner: postgres
--

CREATE INDEX "IDX_2f41b20a71f30e60471d7e3769" ON public.line_item_adjustment USING btree (discount_id);


--
-- Name: IDX_3287f98befad26c3a7dab088cf; Type: INDEX; Schema: public; Owner: postgres
--

CREATE INDEX "IDX_3287f98befad26c3a7dab088cf" ON public.note USING btree (resource_id);


--
-- Name: IDX_346e0016cf045b998074774764; Type: INDEX; Schema: public; Owner: postgres
--

CREATE INDEX "IDX_346e0016cf045b998074774764" ON public.shipping_tax_rate USING btree (rate_id);


--
-- Name: IDX_37341bad297fe5cca91f921032; Type: INDEX; Schema: public; Owner: postgres
--

CREATE INDEX "IDX_37341bad297fe5cca91f921032" ON public.product_sales_channel USING btree (sales_channel_id);


--
-- Name: IDX_379ca70338ce9991f3affdeedf; Type: INDEX; Schema: public; Owner: postgres
--

CREATE UNIQUE INDEX "IDX_379ca70338ce9991f3affdeedf" ON public.analytics_config USING btree (id, user_id) WHERE (deleted_at IS NULL);


--
-- Name: IDX_37f361c38a18d12a3fa3158d0c; Type: INDEX; Schema: public; Owner: postgres
--

CREATE INDEX "IDX_37f361c38a18d12a3fa3158d0c" ON public.region_fulfillment_providers USING btree (provider_id);


--
-- Name: IDX_3a6947180aeec283cd92c59ebb; Type: INDEX; Schema: public; Owner: postgres
--

CREATE INDEX "IDX_3a6947180aeec283cd92c59ebb" ON public.region_payment_providers USING btree (provider_id);


--
-- Name: IDX_3c6412d076292f439269abe1a2; Type: INDEX; Schema: public; Owner: postgres
--

CREATE INDEX "IDX_3c6412d076292f439269abe1a2" ON public.customer_group_customers USING btree (customer_id);


--
-- Name: IDX_3fa354d8d1233ff81097b2fcb6; Type: INDEX; Schema: public; Owner: postgres
--

CREATE INDEX "IDX_3fa354d8d1233ff81097b2fcb6" ON public.line_item USING btree (swap_id);


--
-- Name: IDX_43a2b24495fe1d9fc2a9c835bc; Type: INDEX; Schema: public; Owner: postgres
--

CREATE INDEX "IDX_43a2b24495fe1d9fc2a9c835bc" ON public.line_item USING btree (order_id);


--
-- Name: IDX_44090cb11b06174cbcc667e91c; Type: INDEX; Schema: public; Owner: postgres
--

CREATE INDEX "IDX_44090cb11b06174cbcc667e91c" ON public.custom_shipping_option USING btree (shipping_option_id);


--
-- Name: IDX_4665f17abc1e81dd58330e5854; Type: INDEX; Schema: public; Owner: postgres
--

CREATE INDEX "IDX_4665f17abc1e81dd58330e5854" ON public.payment USING btree (cart_id);


--
-- Name: IDX_484c329f4783be4e18e5e2ff09; Type: INDEX; Schema: public; Owner: postgres
--

CREATE INDEX "IDX_484c329f4783be4e18e5e2ff09" ON public.cart USING btree (region_id);


--
-- Name: IDX_4d5f98645a67545d8dea42e2eb; Type: INDEX; Schema: public; Owner: postgres
--

CREATE INDEX "IDX_4d5f98645a67545d8dea42e2eb" ON public.discount_condition_customer_group USING btree (customer_group_id);


--
-- Name: IDX_4e0739e5f0244c08d41174ca08; Type: INDEX; Schema: public; Owner: postgres
--

CREATE INDEX "IDX_4e0739e5f0244c08d41174ca08" ON public.discount_rule_products USING btree (discount_rule_id);


--
-- Name: IDX_4f166bb8c2bfcef2498d97b406; Type: INDEX; Schema: public; Owner: postgres
--

CREATE INDEX "IDX_4f166bb8c2bfcef2498d97b406" ON public.product_images USING btree (product_id);


--
-- Name: IDX_5077fa54b0d037e984385dfe8a; Type: INDEX; Schema: public; Owner: postgres
--

CREATE INDEX "IDX_5077fa54b0d037e984385dfe8a" ON public.line_item_tax_line USING btree (item_id);


--
-- Name: IDX_5267705a43d547e232535b656c; Type: INDEX; Schema: public; Owner: postgres
--

CREATE INDEX "IDX_5267705a43d547e232535b656c" ON public.shipping_method USING btree (order_id);


--
-- Name: IDX_52875734e9dd69064f0041f4d9; Type: INDEX; Schema: public; Owner: postgres
--

CREATE INDEX "IDX_52875734e9dd69064f0041f4d9" ON public.price_list_customer_groups USING btree (price_list_id);


--
-- Name: IDX_52dd74e8c989aa5665ad2852b8; Type: INDEX; Schema: public; Owner: postgres
--

CREATE INDEX "IDX_52dd74e8c989aa5665ad2852b8" ON public.swap USING btree (order_id);


--
-- Name: IDX_5371cbaa3be5200f373d24e3d5; Type: INDEX; Schema: public; Owner: postgres
--

CREATE INDEX "IDX_5371cbaa3be5200f373d24e3d5" ON public.line_item USING btree (variant_id);


--
-- Name: IDX_53cb5605fa42e82b4d47b47bda; Type: INDEX; Schema: public; Owner: postgres
--

CREATE UNIQUE INDEX "IDX_53cb5605fa42e82b4d47b47bda" ON public.gift_card USING btree (code);


--
-- Name: IDX_5568d3b9ce9f7abeeb37511ecf; Type: INDEX; Schema: public; Owner: postgres
--

CREATE INDEX "IDX_5568d3b9ce9f7abeeb37511ecf" ON public."order" USING btree (billing_address_id);


--
-- Name: IDX_579e01fb94f4f58db480857e05; Type: INDEX; Schema: public; Owner: postgres
--

CREATE INDEX "IDX_579e01fb94f4f58db480857e05" ON public."order" USING btree (display_id);


--
-- Name: IDX_5a4d5e1e60f97633547821ec8d; Type: INDEX; Schema: public; Owner: postgres
--

CREATE INDEX "IDX_5a4d5e1e60f97633547821ec8d" ON public.product_sales_channel USING btree (product_id);


--
-- Name: IDX_5b0c6fc53c574299ecc7f9ee22; Type: INDEX; Schema: public; Owner: postgres
--

CREATE INDEX "IDX_5b0c6fc53c574299ecc7f9ee22" ON public.product_tags USING btree (product_id);


--
-- Name: IDX_5bd11d0e2a9628128e2c26fd0a; Type: INDEX; Schema: public; Owner: postgres
--

CREATE INDEX "IDX_5bd11d0e2a9628128e2c26fd0a" ON public.draft_order USING btree (cart_id);


--
-- Name: IDX_5c58105f1752fca0f4ce69f466; Type: INDEX; Schema: public; Owner: postgres
--

CREATE INDEX "IDX_5c58105f1752fca0f4ce69f466" ON public.shipping_option USING btree (region_id);


--
-- Name: IDX_620330964db8d2999e67b0dbe3; Type: INDEX; Schema: public; Owner: postgres
--

CREATE INDEX "IDX_620330964db8d2999e67b0dbe3" ON public.customer_group_customers USING btree (customer_group_id);


--
-- Name: IDX_64980511ca32c8e92b417644af; Type: INDEX; Schema: public; Owner: postgres
--

CREATE INDEX "IDX_64980511ca32c8e92b417644af" ON public.claim_item USING btree (variant_id);


--
-- Name: IDX_6680319ebe1f46d18f106191d5; Type: INDEX; Schema: public; Owner: postgres
--

CREATE INDEX "IDX_6680319ebe1f46d18f106191d5" ON public.cart_discounts USING btree (cart_id);


--
-- Name: IDX_6b0ce4b4bcfd24491510bf19d1; Type: INDEX; Schema: public; Owner: postgres
--

CREATE UNIQUE INDEX "IDX_6b0ce4b4bcfd24491510bf19d1" ON public.invite USING btree (user_email);


--
-- Name: IDX_6b9c66b5e36f7c827dfaa092f9; Type: INDEX; Schema: public; Owner: postgres
--

CREATE INDEX "IDX_6b9c66b5e36f7c827dfaa092f9" ON public.cart USING btree (billing_address_id);


--
-- Name: IDX_6e0cad0daef76bb642675910b9; Type: INDEX; Schema: public; Owner: postgres
--

CREATE INDEX "IDX_6e0cad0daef76bb642675910b9" ON public.claim_item USING btree (item_id);


--
-- Name: IDX_6ef23ce0b1d9cf9b5b833e52b9; Type: INDEX; Schema: public; Owner: postgres
--

CREATE INDEX "IDX_6ef23ce0b1d9cf9b5b833e52b9" ON public.discount_condition_product_type USING btree (condition_id);


--
-- Name: IDX_6f234f058bbbea810dce1d04d0; Type: INDEX; Schema: public; Owner: postgres
--

CREATE UNIQUE INDEX "IDX_6f234f058bbbea810dce1d04d0" ON public.product_collection USING btree (handle) WHERE (deleted_at IS NULL);


--
-- Name: IDX_71773d56eb2bacb922bc328339; Type: INDEX; Schema: public; Owner: postgres
--

CREATE INDEX "IDX_71773d56eb2bacb922bc328339" ON public.return USING btree (claim_order_id);


--
-- Name: IDX_82a6bbb0b527c20a0002ddcbd6; Type: INDEX; Schema: public; Owner: postgres
--

CREATE INDEX "IDX_82a6bbb0b527c20a0002ddcbd6" ON public.store_currencies USING btree (currency_code);


--
-- Name: IDX_8486ee16e69013c645d0b8716b; Type: INDEX; Schema: public; Owner: postgres
--

CREATE INDEX "IDX_8486ee16e69013c645d0b8716b" ON public.discount_condition_customer_group USING btree (condition_id);


--
-- Name: IDX_8aaa78ba90d3802edac317df86; Type: INDEX; Schema: public; Owner: postgres
--

CREATE INDEX "IDX_8aaa78ba90d3802edac317df86" ON public.region_payment_providers USING btree (region_id);


--
-- Name: IDX_8abe81b9aac151ae60bf507ad1; Type: INDEX; Schema: public; Owner: postgres
--

CREATE INDEX "IDX_8abe81b9aac151ae60bf507ad1" ON public.customer USING btree (billing_address_id);


--
-- Name: IDX_8df75ef4f35f217768dc113545; Type: INDEX; Schema: public; Owner: postgres
--

CREATE INDEX "IDX_8df75ef4f35f217768dc113545" ON public.cart_discounts USING btree (discount_id);


--
-- Name: IDX_8f6dd6c49202f1466ebf21e77d; Type: INDEX; Schema: public; Owner: postgres
--

CREATE INDEX "IDX_8f6dd6c49202f1466ebf21e77d" ON public.draft_order USING btree (order_id);


--
-- Name: IDX_900a9c3834257304396b2b0fe7; Type: INDEX; Schema: public; Owner: postgres
--

CREATE INDEX "IDX_900a9c3834257304396b2b0fe7" ON public.claim_item USING btree (claim_order_id);


--
-- Name: IDX_926ca9f29014af8091722dede0; Type: INDEX; Schema: public; Owner: postgres
--

CREATE INDEX "IDX_926ca9f29014af8091722dede0" ON public.shipping_method_tax_line USING btree (shipping_method_id);


--
-- Name: IDX_93caeb1bb70d37c1d36d6701a7; Type: INDEX; Schema: public; Owner: postgres
--

CREATE INDEX "IDX_93caeb1bb70d37c1d36d6701a7" ON public.custom_shipping_option USING btree (cart_id);


--
-- Name: IDX_9c9614b2f9d01665800ea8dbff; Type: INDEX; Schema: public; Owner: postgres
--

CREATE INDEX "IDX_9c9614b2f9d01665800ea8dbff" ON public.address USING btree (customer_id);


--
-- Name: IDX_9d1a161434c610aae7c3df2dc7; Type: INDEX; Schema: public; Owner: postgres
--

CREATE INDEX "IDX_9d1a161434c610aae7c3df2dc7" ON public.cart USING btree (payment_id);


--
-- Name: IDX_a0b05dc4257abe639cb75f8eae; Type: INDEX; Schema: public; Owner: postgres
--

CREATE INDEX "IDX_a0b05dc4257abe639cb75f8eae" ON public.discount_condition_product_collection USING btree (product_collection_id);


--
-- Name: IDX_a0e206bfaed3cb63c186091734; Type: INDEX; Schema: public; Owner: postgres
--

CREATE INDEX "IDX_a0e206bfaed3cb63c186091734" ON public.shipping_option USING btree (provider_id);


--
-- Name: IDX_a1c4f9cfb599ad1f0db39cadd5; Type: INDEX; Schema: public; Owner: postgres
--

CREATE INDEX "IDX_a1c4f9cfb599ad1f0db39cadd5" ON public.discount_condition_product_collection USING btree (condition_id);


--
-- Name: IDX_a21a7ffbe420d492eb46c305fe; Type: INDEX; Schema: public; Owner: postgres
--

CREATE INDEX "IDX_a21a7ffbe420d492eb46c305fe" ON public.discount_regions USING btree (region_id);


--
-- Name: IDX_a421bf4588d0004a9b0c0fe84f; Type: INDEX; Schema: public; Owner: postgres
--

CREATE UNIQUE INDEX "IDX_a421bf4588d0004a9b0c0fe84f" ON public.idempotency_key USING btree (idempotency_key);


--
-- Name: IDX_a52e234f729db789cf473297a5; Type: INDEX; Schema: public; Owner: postgres
--

CREATE INDEX "IDX_a52e234f729db789cf473297a5" ON public.fulfillment USING btree (swap_id);


--
-- Name: IDX_aa16f61348be02dd07ce3fc54e; Type: INDEX; Schema: public; Owner: postgres
--

CREATE UNIQUE INDEX "IDX_aa16f61348be02dd07ce3fc54e" ON public.product_variant USING btree (upc) WHERE (deleted_at IS NULL);


--
-- Name: IDX_aac4855eadda71aa1e4b6d7684; Type: INDEX; Schema: public; Owner: postgres
--

CREATE INDEX "IDX_aac4855eadda71aa1e4b6d7684" ON public.payment USING btree (cart_id) WHERE (canceled_at IS NOT NULL);


--
-- Name: IDX_ac2c280de3701b2d66f6817f76; Type: INDEX; Schema: public; Owner: postgres
--

CREATE INDEX "IDX_ac2c280de3701b2d66f6817f76" ON public.discount USING btree (rule_id);


--
-- Name: IDX_b1aac8314662fa6b25569a575b; Type: INDEX; Schema: public; Owner: postgres
--

CREATE INDEX "IDX_b1aac8314662fa6b25569a575b" ON public.country USING btree (region_id);


--
-- Name: IDX_b4f4b63d1736689b7008980394; Type: INDEX; Schema: public; Owner: postgres
--

CREATE INDEX "IDX_b4f4b63d1736689b7008980394" ON public.store_currencies USING btree (store_id);


--
-- Name: IDX_b5b6225539ee8501082fbc0714; Type: INDEX; Schema: public; Owner: postgres
--

CREATE UNIQUE INDEX "IDX_b5b6225539ee8501082fbc0714" ON public.product_variant USING btree (ean) WHERE (deleted_at IS NULL);


--
-- Name: IDX_b5df0f53a74b9d0c0a2b652c88; Type: INDEX; Schema: public; Owner: postgres
--

CREATE INDEX "IDX_b5df0f53a74b9d0c0a2b652c88" ON public.notification USING btree (customer_id);


--
-- Name: IDX_b6bcf8c3903097b84e85154eed; Type: INDEX; Schema: public; Owner: postgres
--

CREATE INDEX "IDX_b6bcf8c3903097b84e85154eed" ON public.gift_card USING btree (region_id);


--
-- Name: IDX_ba8de19442d86957a3aa3b5006; Type: INDEX; Schema: public; Owner: postgres
--

CREATE UNIQUE INDEX "IDX_ba8de19442d86957a3aa3b5006" ON public."user" USING btree (email) WHERE (deleted_at IS NULL);


--
-- Name: IDX_bad82d7bff2b08b87094bfac3d; Type: INDEX; Schema: public; Owner: postgres
--

CREATE INDEX "IDX_bad82d7bff2b08b87094bfac3d" ON public.return USING btree (swap_id);


--
-- Name: IDX_be66106a673b88a81c603abe7e; Type: INDEX; Schema: public; Owner: postgres
--

CREATE INDEX "IDX_be66106a673b88a81c603abe7e" ON public.discount_rule_products USING btree (product_id);


--
-- Name: IDX_be9aea2ccf3567007b6227da4d; Type: INDEX; Schema: public; Owner: postgres
--

CREATE INDEX "IDX_be9aea2ccf3567007b6227da4d" ON public.line_item_adjustment USING btree (item_id);


--
-- Name: IDX_beb35a6de60a6c4f91d5ae57e4; Type: INDEX; Schema: public; Owner: postgres
--

CREATE INDEX "IDX_beb35a6de60a6c4f91d5ae57e4" ON public.fulfillment USING btree (provider_id);


--
-- Name: IDX_bf701b88d2041392a288785ada; Type: INDEX; Schema: public; Owner: postgres
--

CREATE UNIQUE INDEX "IDX_bf701b88d2041392a288785ada" ON public.line_item_adjustment USING btree (discount_id, item_id) WHERE (discount_id IS NOT NULL);


--
-- Name: IDX_c17aff091441b7c25ec3d68d36; Type: INDEX; Schema: public; Owner: postgres
--

CREATE INDEX "IDX_c17aff091441b7c25ec3d68d36" ON public.payment USING btree (swap_id);


--
-- Name: IDX_c2c0f3edf39515bd15432afe6e; Type: INDEX; Schema: public; Owner: postgres
--

CREATE INDEX "IDX_c2c0f3edf39515bd15432afe6e" ON public.claim_item_tags USING btree (item_id);


--
-- Name: IDX_c49c061b1a686843c5d673506f; Type: INDEX; Schema: public; Owner: postgres
--

CREATE UNIQUE INDEX "IDX_c49c061b1a686843c5d673506f" ON public.oauth USING btree (application_name);


--
-- Name: IDX_c4c3a5225a7a1f0af782c40abc; Type: INDEX; Schema: public; Owner: postgres
--

CREATE UNIQUE INDEX "IDX_c4c3a5225a7a1f0af782c40abc" ON public.customer_group USING btree (name) WHERE (deleted_at IS NULL);


--
-- Name: IDX_c5516f550433c9b1c2630d787a; Type: INDEX; Schema: public; Owner: postgres
--

CREATE INDEX "IDX_c5516f550433c9b1c2630d787a" ON public.price_list_customer_groups USING btree (customer_group_id);


--
-- Name: IDX_c556e14eff4d6f03db593df955; Type: INDEX; Schema: public; Owner: postgres
--

CREATE INDEX "IDX_c556e14eff4d6f03db593df955" ON public.region_fulfillment_providers USING btree (region_id);


--
-- Name: IDX_c759f53b2e48e8cfb50638fe4e; Type: INDEX; Schema: public; Owner: postgres
--

CREATE INDEX "IDX_c759f53b2e48e8cfb50638fe4e" ON public.discount_condition_product USING btree (product_id);


--
-- Name: IDX_c951439af4c98bf2bd7fb8726c; Type: INDEX; Schema: public; Owner: postgres
--

CREATE INDEX "IDX_c951439af4c98bf2bd7fb8726c" ON public.shipping_option USING btree (profile_id);


--
-- Name: IDX_c99a206eb11ad45f6b7f04f2dc; Type: INDEX; Schema: public; Owner: postgres
--

CREATE INDEX "IDX_c99a206eb11ad45f6b7f04f2dc" ON public."order" USING btree (cart_id);


--
-- Name: IDX_ca67dd080aac5ecf99609960cd; Type: INDEX; Schema: public; Owner: postgres
--

CREATE INDEX "IDX_ca67dd080aac5ecf99609960cd" ON public.product_variant USING btree (product_id);


--
-- Name: IDX_cd7812c96209c5bdd48a6b858b; Type: INDEX; Schema: public; Owner: postgres
--

CREATE INDEX "IDX_cd7812c96209c5bdd48a6b858b" ON public."order" USING btree (customer_id);


--
-- Name: IDX_ced15a9a695d2b5db9dabce763; Type: INDEX; Schema: public; Owner: postgres
--

CREATE INDEX "IDX_ced15a9a695d2b5db9dabce763" ON public.cart USING btree (shipping_address_id);


--
-- Name: IDX_cf9cc6c3f2e6414b992223fff1; Type: INDEX; Schema: public; Owner: postgres
--

CREATE UNIQUE INDEX "IDX_cf9cc6c3f2e6414b992223fff1" ON public.product USING btree (handle) WHERE (deleted_at IS NULL);


--
-- Name: IDX_d18ad72f2fb7c87f075825b6f8; Type: INDEX; Schema: public; Owner: postgres
--

CREATE INDEX "IDX_d18ad72f2fb7c87f075825b6f8" ON public.payment_session USING btree (provider_id);


--
-- Name: IDX_d25ba0787e1510ddc5d442ebcf; Type: INDEX; Schema: public; Owner: postgres
--

CREATE INDEX "IDX_d25ba0787e1510ddc5d442ebcf" ON public.payment_session USING btree (cart_id);


--
-- Name: IDX_d38047a90f3d42f0be7909e8ae; Type: INDEX; Schema: public; Owner: postgres
--

CREATE INDEX "IDX_d38047a90f3d42f0be7909e8ae" ON public.cart_gift_cards USING btree (cart_id);


--
-- Name: IDX_d4bd17f918fc6c332b74a368c3; Type: INDEX; Schema: public; Owner: postgres
--

CREATE INDEX "IDX_d4bd17f918fc6c332b74a368c3" ON public.return USING btree (order_id);


--
-- Name: IDX_d73e55964e0ff2db8f03807d52; Type: INDEX; Schema: public; Owner: postgres
--

CREATE INDEX "IDX_d73e55964e0ff2db8f03807d52" ON public.fulfillment USING btree (claim_order_id);


--
-- Name: IDX_d783a66d1c91c0858752c933e6; Type: INDEX; Schema: public; Owner: postgres
--

CREATE INDEX "IDX_d783a66d1c91c0858752c933e6" ON public.shipping_method USING btree (claim_order_id);


--
-- Name: IDX_d7d441b81012f87d4265fa57d2; Type: INDEX; Schema: public; Owner: postgres
--

CREATE INDEX "IDX_d7d441b81012f87d4265fa57d2" ON public.gift_card_transaction USING btree (order_id);


--
-- Name: IDX_d92993a7d554d84571f4eea1d1; Type: INDEX; Schema: public; Owner: postgres
--

CREATE INDEX "IDX_d92993a7d554d84571f4eea1d1" ON public.shipping_method USING btree (cart_id);


--
-- Name: IDX_dc9bbf9fcb9ba458d25d512811; Type: INDEX; Schema: public; Owner: postgres
--

CREATE INDEX "IDX_dc9bbf9fcb9ba458d25d512811" ON public.claim_item_tags USING btree (tag_id);


--
-- Name: IDX_df1494d263740fcfb1d09a98fc; Type: INDEX; Schema: public; Owner: postgres
--

CREATE INDEX "IDX_df1494d263740fcfb1d09a98fc" ON public.notification USING btree (resource_type);


--
-- Name: IDX_dfc1f02bb0552e79076aa58dbb; Type: INDEX; Schema: public; Owner: postgres
--

CREATE INDEX "IDX_dfc1f02bb0552e79076aa58dbb" ON public.gift_card USING btree (order_id);


--
-- Name: IDX_e1fcce2b18dbcdbe0a5ba9a68b; Type: INDEX; Schema: public; Owner: postgres
--

CREATE INDEX "IDX_e1fcce2b18dbcdbe0a5ba9a68b" ON public."order" USING btree (region_id);


--
-- Name: IDX_e62ff11e4730bb3adfead979ee; Type: INDEX; Schema: public; Owner: postgres
--

CREATE INDEX "IDX_e62ff11e4730bb3adfead979ee" ON public.order_gift_cards USING btree (order_id);


--
-- Name: IDX_e706deb68f52ab2756119b9e70; Type: INDEX; Schema: public; Owner: postgres
--

CREATE INDEX "IDX_e706deb68f52ab2756119b9e70" ON public.discount_condition_product_type USING btree (product_type_id);


--
-- Name: IDX_e78901b1131eaf8203d9b1cb5f; Type: INDEX; Schema: public; Owner: postgres
--

CREATE UNIQUE INDEX "IDX_e78901b1131eaf8203d9b1cb5f" ON public.country USING btree (iso_2);


--
-- Name: IDX_e7b488cebe333f449398769b2c; Type: INDEX; Schema: public; Owner: postgres
--

CREATE INDEX "IDX_e7b488cebe333f449398769b2c" ON public.order_discounts USING btree (order_id);


--
-- Name: IDX_e87cc617a22ef4edce5601edab; Type: INDEX; Schema: public; Owner: postgres
--

CREATE INDEX "IDX_e87cc617a22ef4edce5601edab" ON public.draft_order USING btree (display_id);


--
-- Name: IDX_ea6a358d9ce41c16499aae55f9; Type: INDEX; Schema: public; Owner: postgres
--

CREATE INDEX "IDX_ea6a358d9ce41c16499aae55f9" ON public.notification USING btree (resource_id);


--
-- Name: IDX_ea94f42b6c88e9191c3649d752; Type: INDEX; Schema: public; Owner: postgres
--

CREATE INDEX "IDX_ea94f42b6c88e9191c3649d752" ON public.payment USING btree (provider_id);


--
-- Name: IDX_ec10c54769877840c132260e4a; Type: INDEX; Schema: public; Owner: postgres
--

CREATE INDEX "IDX_ec10c54769877840c132260e4a" ON public.claim_tag USING btree (value);


--
-- Name: IDX_ece65a774192b34253abc4cd67; Type: INDEX; Schema: public; Owner: postgres
--

CREATE INDEX "IDX_ece65a774192b34253abc4cd67" ON public.product_type_tax_rate USING btree (rate_id);


--
-- Name: IDX_eec9d9af4ca098e19ea6b499ea; Type: INDEX; Schema: public; Owner: postgres
--

CREATE INDEX "IDX_eec9d9af4ca098e19ea6b499ea" ON public.refund USING btree (order_id);


--
-- Name: IDX_efff700651718e452ca9580a62; Type: INDEX; Schema: public; Owner: postgres
--

CREATE INDEX "IDX_efff700651718e452ca9580a62" ON public.discount_condition USING btree (discount_rule_id);


--
-- Name: IDX_f05132301e95bdab4ba1cf29a2; Type: INDEX; Schema: public; Owner: postgres
--

CREATE INDEX "IDX_f05132301e95bdab4ba1cf29a2" ON public.discount_condition_product USING btree (condition_id);


--
-- Name: IDX_f129acc85e346a10eed12b86fc; Type: INDEX; Schema: public; Owner: postgres
--

CREATE INDEX "IDX_f129acc85e346a10eed12b86fc" ON public.fulfillment USING btree (order_id);


--
-- Name: IDX_f2bb9f71e95b315eb24b2b84cb; Type: INDEX; Schema: public; Owner: postgres
--

CREATE INDEX "IDX_f2bb9f71e95b315eb24b2b84cb" ON public.order_gift_cards USING btree (gift_card_id);


--
-- Name: IDX_f4194aa81073f3fab8aa86906f; Type: INDEX; Schema: public; Owner: postgres
--

CREATE INDEX "IDX_f4194aa81073f3fab8aa86906f" ON public.discount_regions USING btree (discount_id);


--
-- Name: IDX_f49e3974465d3c3a33d449d3f3; Type: INDEX; Schema: public; Owner: postgres
--

CREATE INDEX "IDX_f49e3974465d3c3a33d449d3f3" ON public.claim_order USING btree (order_id);


--
-- Name: IDX_f5221735ace059250daac9d980; Type: INDEX; Schema: public; Owner: postgres
--

CREATE INDEX "IDX_f5221735ace059250daac9d980" ON public.payment USING btree (order_id);


--
-- Name: IDX_f65bf52e2239ace276ece2b2f4; Type: INDEX; Schema: public; Owner: postgres
--

CREATE UNIQUE INDEX "IDX_f65bf52e2239ace276ece2b2f4" ON public.discount USING btree (code) WHERE (deleted_at IS NULL);


--
-- Name: IDX_f672727ab020df6c50fb64c1a7; Type: INDEX; Schema: public; Owner: postgres
--

CREATE INDEX "IDX_f672727ab020df6c50fb64c1a7" ON public.shipping_tax_rate USING btree (shipping_option_id);


--
-- Name: IDX_f74980b411cf94af523a72af7d; Type: INDEX; Schema: public; Owner: postgres
--

CREATE INDEX "IDX_f74980b411cf94af523a72af7d" ON public.note USING btree (resource_type);


--
-- Name: IDX_fb94fa8d5ca940daa2a58139f8; Type: INDEX; Schema: public; Owner: postgres
--

CREATE INDEX "IDX_fb94fa8d5ca940daa2a58139f8" ON public.shipping_method USING btree (swap_id);


--
-- Name: IDX_fbb2499551ed074526f3ee3624; Type: INDEX; Schema: public; Owner: postgres
--

CREATE INDEX "IDX_fbb2499551ed074526f3ee3624" ON public.discount_condition_product_tag USING btree (condition_id);


--
-- Name: IDX_fc963e94854bff2714ca84cd19; Type: INDEX; Schema: public; Owner: postgres
--

CREATE INDEX "IDX_fc963e94854bff2714ca84cd19" ON public.shipping_method USING btree (shipping_option_id);


--
-- Name: IDX_money_amount_currency_code; Type: INDEX; Schema: public; Owner: postgres
--

CREATE INDEX "IDX_money_amount_currency_code" ON public.money_amount USING btree (currency_code);


--
-- Name: IDX_order_currency_code; Type: INDEX; Schema: public; Owner: postgres
--

CREATE INDEX "IDX_order_currency_code" ON public."order" USING btree (currency_code);


--
-- Name: IDX_order_edit_order_id; Type: INDEX; Schema: public; Owner: postgres
--

CREATE INDEX "IDX_order_edit_order_id" ON public.order_edit USING btree (order_id);


--
-- Name: IDX_order_edit_payment_collection_id; Type: INDEX; Schema: public; Owner: postgres
--

CREATE INDEX "IDX_order_edit_payment_collection_id" ON public.order_edit USING btree (payment_collection_id);


--
-- Name: IDX_payment_collection_currency_code; Type: INDEX; Schema: public; Owner: postgres
--

CREATE INDEX "IDX_payment_collection_currency_code" ON public.payment_collection USING btree (currency_code) WHERE (deleted_at IS NULL);


--
-- Name: IDX_payment_collection_payments_payment_collection_id; Type: INDEX; Schema: public; Owner: postgres
--

CREATE INDEX "IDX_payment_collection_payments_payment_collection_id" ON public.payment_collection_payments USING btree (payment_collection_id);


--
-- Name: IDX_payment_collection_payments_payment_id; Type: INDEX; Schema: public; Owner: postgres
--

CREATE INDEX "IDX_payment_collection_payments_payment_id" ON public.payment_collection_payments USING btree (payment_id);


--
-- Name: IDX_payment_collection_region_id; Type: INDEX; Schema: public; Owner: postgres
--

CREATE INDEX "IDX_payment_collection_region_id" ON public.payment_collection USING btree (region_id) WHERE (deleted_at IS NULL);


--
-- Name: IDX_payment_collection_sessions_payment_collection_id; Type: INDEX; Schema: public; Owner: postgres
--

CREATE INDEX "IDX_payment_collection_sessions_payment_collection_id" ON public.payment_collection_sessions USING btree (payment_collection_id);


--
-- Name: IDX_payment_collection_sessions_payment_session_id; Type: INDEX; Schema: public; Owner: postgres
--

CREATE INDEX "IDX_payment_collection_sessions_payment_session_id" ON public.payment_collection_sessions USING btree (payment_session_id);


--
-- Name: IDX_payment_currency_code; Type: INDEX; Schema: public; Owner: postgres
--

CREATE INDEX "IDX_payment_currency_code" ON public.payment USING btree (currency_code);


--
-- Name: IDX_pcp_product_category_id; Type: INDEX; Schema: public; Owner: postgres
--

CREATE INDEX "IDX_pcp_product_category_id" ON public.product_category_product USING btree (product_category_id);


--
-- Name: IDX_pcp_product_id; Type: INDEX; Schema: public; Owner: postgres
--

CREATE INDEX "IDX_pcp_product_id" ON public.product_category_product USING btree (product_id);


--
-- Name: IDX_product_category_active_public; Type: INDEX; Schema: public; Owner: postgres
--

CREATE INDEX "IDX_product_category_active_public" ON public.product_category USING btree (parent_category_id, is_active, is_internal) WHERE ((is_active IS TRUE) AND (is_internal IS FALSE));


--
-- Name: IDX_product_category_handle; Type: INDEX; Schema: public; Owner: postgres
--

CREATE UNIQUE INDEX "IDX_product_category_handle" ON public.product_category USING btree (handle);


--
-- Name: IDX_product_category_path; Type: INDEX; Schema: public; Owner: postgres
--

CREATE INDEX "IDX_product_category_path" ON public.product_category USING btree (mpath);


--
-- Name: IDX_product_variant_inventory_item_inventory_item_id; Type: INDEX; Schema: public; Owner: postgres
--

CREATE INDEX "IDX_product_variant_inventory_item_inventory_item_id" ON public.product_variant_inventory_item USING btree (inventory_item_id) WHERE (deleted_at IS NULL);


--
-- Name: IDX_product_variant_inventory_item_variant_id; Type: INDEX; Schema: public; Owner: postgres
--

CREATE INDEX "IDX_product_variant_inventory_item_variant_id" ON public.product_variant_inventory_item USING btree (variant_id) WHERE (deleted_at IS NULL);


--
-- Name: IDX_refund_payment_id; Type: INDEX; Schema: public; Owner: postgres
--

CREATE INDEX "IDX_refund_payment_id" ON public.refund USING btree (payment_id);


--
-- Name: IDX_region_currency_code; Type: INDEX; Schema: public; Owner: postgres
--

CREATE INDEX "IDX_region_currency_code" ON public.region USING btree (currency_code);


--
-- Name: IDX_return_reason_value; Type: INDEX; Schema: public; Owner: postgres
--

CREATE UNIQUE INDEX "IDX_return_reason_value" ON public.return_reason USING btree (value) WHERE (deleted_at IS NULL);


--
-- Name: IDX_sales_channel_location_location_id; Type: INDEX; Schema: public; Owner: postgres
--

CREATE INDEX "IDX_sales_channel_location_location_id" ON public.sales_channel_location USING btree (location_id) WHERE (deleted_at IS NULL);


--
-- Name: IDX_sales_channel_location_sales_channel_id; Type: INDEX; Schema: public; Owner: postgres
--

CREATE INDEX "IDX_sales_channel_location_sales_channel_id" ON public.sales_channel_location USING btree (sales_channel_id) WHERE (deleted_at IS NULL);


--
-- Name: IDX_upcp_product_id_product_category_id; Type: INDEX; Schema: public; Owner: postgres
--

CREATE UNIQUE INDEX "IDX_upcp_product_id_product_category_id" ON public.product_category_product USING btree (product_category_id, product_id);


--
-- Name: UniqPaymentSessionCartIdProviderId; Type: INDEX; Schema: public; Owner: postgres
--

CREATE UNIQUE INDEX "UniqPaymentSessionCartIdProviderId" ON public.payment_session USING btree (cart_id, provider_id) WHERE (cart_id IS NOT NULL);


--
-- Name: UniqProductCategoryParentIdRank; Type: INDEX; Schema: public; Owner: postgres
--

CREATE UNIQUE INDEX "UniqProductCategoryParentIdRank" ON public.product_category USING btree (parent_category_id, rank);


--
-- Name: UniquePaymentActive; Type: INDEX; Schema: public; Owner: postgres
--

CREATE UNIQUE INDEX "UniquePaymentActive" ON public.payment USING btree (cart_id) WHERE (canceled_at IS NULL);


--
-- Name: idx_gin_product_collection; Type: INDEX; Schema: public; Owner: postgres
--

CREATE INDEX idx_gin_product_collection ON public.product_collection USING gin (title public.gin_trgm_ops) WHERE (deleted_at IS NULL);


--
-- Name: idx_gin_product_description; Type: INDEX; Schema: public; Owner: postgres
--

CREATE INDEX idx_gin_product_description ON public.product USING gin (description public.gin_trgm_ops) WHERE (deleted_at IS NULL);


--
-- Name: idx_gin_product_title; Type: INDEX; Schema: public; Owner: postgres
--

CREATE INDEX idx_gin_product_title ON public.product USING gin (title public.gin_trgm_ops) WHERE (deleted_at IS NULL);


--
-- Name: idx_gin_product_variant_sku; Type: INDEX; Schema: public; Owner: postgres
--

CREATE INDEX idx_gin_product_variant_sku ON public.product_variant USING gin (sku public.gin_trgm_ops) WHERE (deleted_at IS NULL);


--
-- Name: idx_gin_product_variant_title; Type: INDEX; Schema: public; Owner: postgres
--

CREATE INDEX idx_gin_product_variant_title ON public.product_variant USING gin (title public.gin_trgm_ops) WHERE (deleted_at IS NULL);


--
-- Name: idx_money_amount_region_id; Type: INDEX; Schema: public; Owner: postgres
--

CREATE INDEX idx_money_amount_region_id ON public.money_amount USING btree (region_id);


--
-- Name: idx_product_option_value_option_id; Type: INDEX; Schema: public; Owner: postgres
--

CREATE INDEX idx_product_option_value_option_id ON public.product_option_value USING btree (option_id);


--
-- Name: idx_product_option_value_variant_id; Type: INDEX; Schema: public; Owner: postgres
--

CREATE INDEX idx_product_option_value_variant_id ON public.product_option_value USING btree (variant_id);


--
-- Name: idx_product_shipping_profile_product_id; Type: INDEX; Schema: public; Owner: postgres
--

CREATE INDEX idx_product_shipping_profile_product_id ON public.product_shipping_profile USING btree (product_id);


--
-- Name: idx_product_shipping_profile_profile_id; Type: INDEX; Schema: public; Owner: postgres
--

CREATE INDEX idx_product_shipping_profile_profile_id ON public.product_shipping_profile USING btree (profile_id);


--
-- Name: idx_product_shipping_profile_profile_id_product_id_unique; Type: INDEX; Schema: public; Owner: postgres
--

CREATE UNIQUE INDEX idx_product_shipping_profile_profile_id_product_id_unique ON public.product_shipping_profile USING btree (profile_id, product_id);


--
-- Name: idx_product_variant_money_amount_money_amount_id_unique; Type: INDEX; Schema: public; Owner: postgres
--

CREATE UNIQUE INDEX idx_product_variant_money_amount_money_amount_id_unique ON public.product_variant_money_amount USING btree (money_amount_id);


--
-- Name: idx_product_variant_money_amount_variant_id; Type: INDEX; Schema: public; Owner: postgres
--

CREATE INDEX idx_product_variant_money_amount_variant_id ON public.product_variant_money_amount USING btree (variant_id);


--
-- Name: unique_li_original_item_id_order_edit_id; Type: INDEX; Schema: public; Owner: postgres
--

CREATE UNIQUE INDEX unique_li_original_item_id_order_edit_id ON public.line_item USING btree (order_edit_id, original_item_id) WHERE ((original_item_id IS NOT NULL) AND (order_edit_id IS NOT NULL));


--
-- Name: shipping_option_requirement FK_012a62ba743e427b5ebe9dee18e; Type: FK CONSTRAINT; Schema: public; Owner: postgres
--

ALTER TABLE ONLY public.shipping_option_requirement
    ADD CONSTRAINT "FK_012a62ba743e427b5ebe9dee18e" FOREIGN KEY (shipping_option_id) REFERENCES public.shipping_option(id);


--
-- Name: discount_condition_product_tag FK_01486cc9dc6b36bf658685535f6; Type: FK CONSTRAINT; Schema: public; Owner: postgres
--

ALTER TABLE ONLY public.discount_condition_product_tag
    ADD CONSTRAINT "FK_01486cc9dc6b36bf658685535f6" FOREIGN KEY (product_tag_id) REFERENCES public.product_tag(id) ON DELETE CASCADE;


--
-- Name: claim_order FK_017d58bf8260c6e1a2588d258e2; Type: FK CONSTRAINT; Schema: public; Owner: postgres
--

ALTER TABLE ONLY public.claim_order
    ADD CONSTRAINT "FK_017d58bf8260c6e1a2588d258e2" FOREIGN KEY (shipping_address_id) REFERENCES public.address(id);


--
-- Name: notification FK_0425c2423e2ce9fdfd5c23761d9; Type: FK CONSTRAINT; Schema: public; Owner: postgres
--

ALTER TABLE ONLY public.notification
    ADD CONSTRAINT "FK_0425c2423e2ce9fdfd5c23761d9" FOREIGN KEY (provider_id) REFERENCES public.notification_provider(id);


--
-- Name: cart_gift_cards FK_0fb38b6d167793192bc126d835e; Type: FK CONSTRAINT; Schema: public; Owner: postgres
--

ALTER TABLE ONLY public.cart_gift_cards
    ADD CONSTRAINT "FK_0fb38b6d167793192bc126d835e" FOREIGN KEY (gift_card_id) REFERENCES public.gift_card(id) ON DELETE CASCADE;


--
-- Name: order_discounts FK_0fc1ec4e3db9001ad60c19daf16; Type: FK CONSTRAINT; Schema: public; Owner: postgres
--

ALTER TABLE ONLY public.order_discounts
    ADD CONSTRAINT "FK_0fc1ec4e3db9001ad60c19daf16" FOREIGN KEY (discount_id) REFERENCES public.discount(id) ON DELETE CASCADE;


--
-- Name: line_item FK_118e3c48f09a7728f41023c94ef; Type: FK CONSTRAINT; Schema: public; Owner: postgres
--

ALTER TABLE ONLY public.line_item
    ADD CONSTRAINT "FK_118e3c48f09a7728f41023c94ef" FOREIGN KEY (claim_order_id) REFERENCES public.claim_order(id);


--
-- Name: order FK_19b0c6293443d1b464f604c3316; Type: FK CONSTRAINT; Schema: public; Owner: postgres
--

ALTER TABLE ONLY public."order"
    ADD CONSTRAINT "FK_19b0c6293443d1b464f604c3316" FOREIGN KEY (shipping_address_id) REFERENCES public.address(id);


--
-- Name: product_tax_rate FK_1d04aebeabb6a89f87e536a124d; Type: FK CONSTRAINT; Schema: public; Owner: postgres
--

ALTER TABLE ONLY public.product_tax_rate
    ADD CONSTRAINT "FK_1d04aebeabb6a89f87e536a124d" FOREIGN KEY (product_id) REFERENCES public.product(id) ON DELETE CASCADE;


--
-- Name: shipping_method FK_1d9ad62038998c3a85c77a53cfb; Type: FK CONSTRAINT; Schema: public; Owner: postgres
--

ALTER TABLE ONLY public.shipping_method
    ADD CONSTRAINT "FK_1d9ad62038998c3a85c77a53cfb" FOREIGN KEY (return_id) REFERENCES public.return(id);


--
-- Name: order_edit FK_1f3a251488a91510f57e1bf93cd; Type: FK CONSTRAINT; Schema: public; Owner: postgres
--

ALTER TABLE ONLY public.order_edit
    ADD CONSTRAINT "FK_1f3a251488a91510f57e1bf93cd" FOREIGN KEY (order_id) REFERENCES public."order"(id);


--
-- Name: product_tags FK_21683a063fe82dafdf681ecc9c4; Type: FK CONSTRAINT; Schema: public; Owner: postgres
--

ALTER TABLE ONLY public.product_tags
    ADD CONSTRAINT "FK_21683a063fe82dafdf681ecc9c4" FOREIGN KEY (product_tag_id) REFERENCES public.product_tag(id) ON DELETE CASCADE;


--
-- Name: claim_image FK_21cbfedd83d736d86f4c6f4ce56; Type: FK CONSTRAINT; Schema: public; Owner: postgres
--

ALTER TABLE ONLY public.claim_image
    ADD CONSTRAINT "FK_21cbfedd83d736d86f4c6f4ce56" FOREIGN KEY (claim_item_id) REFERENCES public.claim_item(id);


--
-- Name: product_images FK_2212515ba306c79f42c46a99db7; Type: FK CONSTRAINT; Schema: public; Owner: postgres
--

ALTER TABLE ONLY public.product_images
    ADD CONSTRAINT "FK_2212515ba306c79f42c46a99db7" FOREIGN KEY (image_id) REFERENCES public.image(id) ON DELETE CASCADE;


--
-- Name: return_reason FK_2250c5d9e975987ab212f61a657; Type: FK CONSTRAINT; Schema: public; Owner: postgres
--

ALTER TABLE ONLY public.return_reason
    ADD CONSTRAINT "FK_2250c5d9e975987ab212f61a657" FOREIGN KEY (parent_return_reason_id) REFERENCES public.return_reason(id);


--
-- Name: discount FK_2250c5d9e975987ab212f61a663; Type: FK CONSTRAINT; Schema: public; Owner: postgres
--

ALTER TABLE ONLY public.discount
    ADD CONSTRAINT "FK_2250c5d9e975987ab212f61a663" FOREIGN KEY (parent_discount_id) REFERENCES public.discount(id);


--
-- Name: cart FK_242205c81c1152fab1b6e848470; Type: FK CONSTRAINT; Schema: public; Owner: postgres
--

ALTER TABLE ONLY public.cart
    ADD CONSTRAINT "FK_242205c81c1152fab1b6e848470" FOREIGN KEY (customer_id) REFERENCES public.customer(id);


--
-- Name: product_tax_rate FK_2484cf14c437a04586b07e7dddb; Type: FK CONSTRAINT; Schema: public; Owner: postgres
--

ALTER TABLE ONLY public.product_tax_rate
    ADD CONSTRAINT "FK_2484cf14c437a04586b07e7dddb" FOREIGN KEY (rate_id) REFERENCES public.tax_rate(id) ON DELETE CASCADE;


--
-- Name: product_type_tax_rate FK_25a3138bb236f63d9bb6c8ff111; Type: FK CONSTRAINT; Schema: public; Owner: postgres
--

ALTER TABLE ONLY public.product_type_tax_rate
    ADD CONSTRAINT "FK_25a3138bb236f63d9bb6c8ff111" FOREIGN KEY (product_type_id) REFERENCES public.product_type(id) ON DELETE CASCADE;


--
-- Name: line_item FK_27283ee631862266d0f1c680646; Type: FK CONSTRAINT; Schema: public; Owner: postgres
--

ALTER TABLE ONLY public.line_item
    ADD CONSTRAINT "FK_27283ee631862266d0f1c680646" FOREIGN KEY (cart_id) REFERENCES public.cart(id);


--
-- Name: line_item_adjustment FK_2f41b20a71f30e60471d7e3769c; Type: FK CONSTRAINT; Schema: public; Owner: postgres
--

ALTER TABLE ONLY public.line_item_adjustment
    ADD CONSTRAINT "FK_2f41b20a71f30e60471d7e3769c" FOREIGN KEY (discount_id) REFERENCES public.discount(id);


--
-- Name: shipping_tax_rate FK_346e0016cf045b9980747747645; Type: FK CONSTRAINT; Schema: public; Owner: postgres
--

ALTER TABLE ONLY public.shipping_tax_rate
    ADD CONSTRAINT "FK_346e0016cf045b9980747747645" FOREIGN KEY (rate_id) REFERENCES public.tax_rate(id) ON DELETE CASCADE;


--
-- Name: notification FK_371db513192c083f48ba63c33be; Type: FK CONSTRAINT; Schema: public; Owner: postgres
--

ALTER TABLE ONLY public.notification
    ADD CONSTRAINT "FK_371db513192c083f48ba63c33be" FOREIGN KEY (parent_id) REFERENCES public.notification(id);


--
-- Name: product_sales_channel FK_37341bad297fe5cca91f921032b; Type: FK CONSTRAINT; Schema: public; Owner: postgres
--

ALTER TABLE ONLY public.product_sales_channel
    ADD CONSTRAINT "FK_37341bad297fe5cca91f921032b" FOREIGN KEY (sales_channel_id) REFERENCES public.sales_channel(id) ON UPDATE CASCADE ON DELETE CASCADE;


--
-- Name: region_fulfillment_providers FK_37f361c38a18d12a3fa3158d0cf; Type: FK CONSTRAINT; Schema: public; Owner: postgres
--

ALTER TABLE ONLY public.region_fulfillment_providers
    ADD CONSTRAINT "FK_37f361c38a18d12a3fa3158d0cf" FOREIGN KEY (provider_id) REFERENCES public.fulfillment_provider(id) ON DELETE CASCADE;


--
-- Name: region_payment_providers FK_3a6947180aeec283cd92c59ebb0; Type: FK CONSTRAINT; Schema: public; Owner: postgres
--

ALTER TABLE ONLY public.region_payment_providers
    ADD CONSTRAINT "FK_3a6947180aeec283cd92c59ebb0" FOREIGN KEY (provider_id) REFERENCES public.payment_provider(id) ON DELETE CASCADE;


--
-- Name: region FK_3bdd5896ec93be2f1c62a3309a5; Type: FK CONSTRAINT; Schema: public; Owner: postgres
--

ALTER TABLE ONLY public.region
    ADD CONSTRAINT "FK_3bdd5896ec93be2f1c62a3309a5" FOREIGN KEY (currency_code) REFERENCES public.currency(code);


--
-- Name: customer_group_customers FK_3c6412d076292f439269abe1a23; Type: FK CONSTRAINT; Schema: public; Owner: postgres
--

ALTER TABLE ONLY public.customer_group_customers
    ADD CONSTRAINT "FK_3c6412d076292f439269abe1a23" FOREIGN KEY (customer_id) REFERENCES public.customer(id) ON DELETE CASCADE;


--
-- Name: line_item FK_3fa354d8d1233ff81097b2fcb6b; Type: FK CONSTRAINT; Schema: public; Owner: postgres
--

ALTER TABLE ONLY public.line_item
    ADD CONSTRAINT "FK_3fa354d8d1233ff81097b2fcb6b" FOREIGN KEY (swap_id) REFERENCES public.swap(id);


--
-- Name: gift_card_transaction FK_3ff5597f1d7e02bba41541846f4; Type: FK CONSTRAINT; Schema: public; Owner: postgres
--

ALTER TABLE ONLY public.gift_card_transaction
    ADD CONSTRAINT "FK_3ff5597f1d7e02bba41541846f4" FOREIGN KEY (gift_card_id) REFERENCES public.gift_card(id);


--
-- Name: swap FK_402e8182bc553e082f6380020b4; Type: FK CONSTRAINT; Schema: public; Owner: postgres
--

ALTER TABLE ONLY public.swap
    ADD CONSTRAINT "FK_402e8182bc553e082f6380020b4" FOREIGN KEY (cart_id) REFERENCES public.cart(id);


--
-- Name: line_item FK_43a2b24495fe1d9fc2a9c835bc7; Type: FK CONSTRAINT; Schema: public; Owner: postgres
--

ALTER TABLE ONLY public.line_item
    ADD CONSTRAINT "FK_43a2b24495fe1d9fc2a9c835bc7" FOREIGN KEY (order_id) REFERENCES public."order"(id);


--
-- Name: custom_shipping_option FK_44090cb11b06174cbcc667e91ca; Type: FK CONSTRAINT; Schema: public; Owner: postgres
--

ALTER TABLE ONLY public.custom_shipping_option
    ADD CONSTRAINT "FK_44090cb11b06174cbcc667e91ca" FOREIGN KEY (shipping_option_id) REFERENCES public.shipping_option(id);


--
-- Name: order_item_change FK_44feeebb258bf4cfa4cc4202281; Type: FK CONSTRAINT; Schema: public; Owner: postgres
--

ALTER TABLE ONLY public.order_item_change
    ADD CONSTRAINT "FK_44feeebb258bf4cfa4cc4202281" FOREIGN KEY (order_edit_id) REFERENCES public.order_edit(id);


--
-- Name: payment FK_4665f17abc1e81dd58330e58542; Type: FK CONSTRAINT; Schema: public; Owner: postgres
--

ALTER TABLE ONLY public.payment
    ADD CONSTRAINT "FK_4665f17abc1e81dd58330e58542" FOREIGN KEY (cart_id) REFERENCES public.cart(id);


--
-- Name: tracking_link FK_471e9e4c96e02ba209a307db32b; Type: FK CONSTRAINT; Schema: public; Owner: postgres
--

ALTER TABLE ONLY public.tracking_link
    ADD CONSTRAINT "FK_471e9e4c96e02ba209a307db32b" FOREIGN KEY (fulfillment_id) REFERENCES public.fulfillment(id);


--
-- Name: cart FK_484c329f4783be4e18e5e2ff090; Type: FK CONSTRAINT; Schema: public; Owner: postgres
--

ALTER TABLE ONLY public.cart
    ADD CONSTRAINT "FK_484c329f4783be4e18e5e2ff090" FOREIGN KEY (region_id) REFERENCES public.region(id);


--
-- Name: product FK_49d419fc77d3aed46c835c558ac; Type: FK CONSTRAINT; Schema: public; Owner: postgres
--

ALTER TABLE ONLY public.product
    ADD CONSTRAINT "FK_49d419fc77d3aed46c835c558ac" FOREIGN KEY (collection_id) REFERENCES public.product_collection(id);


--
-- Name: discount_condition_customer_group FK_4d5f98645a67545d8dea42e2eb8; Type: FK CONSTRAINT; Schema: public; Owner: postgres
--

ALTER TABLE ONLY public.discount_condition_customer_group
    ADD CONSTRAINT "FK_4d5f98645a67545d8dea42e2eb8" FOREIGN KEY (customer_group_id) REFERENCES public.customer_group(id) ON DELETE CASCADE;


--
-- Name: discount_rule_products FK_4e0739e5f0244c08d41174ca08a; Type: FK CONSTRAINT; Schema: public; Owner: postgres
--

ALTER TABLE ONLY public.discount_rule_products
    ADD CONSTRAINT "FK_4e0739e5f0244c08d41174ca08a" FOREIGN KEY (discount_rule_id) REFERENCES public.discount_rule(id) ON DELETE CASCADE;


--
-- Name: product_images FK_4f166bb8c2bfcef2498d97b4068; Type: FK CONSTRAINT; Schema: public; Owner: postgres
--

ALTER TABLE ONLY public.product_images
    ADD CONSTRAINT "FK_4f166bb8c2bfcef2498d97b4068" FOREIGN KEY (product_id) REFERENCES public.product(id) ON DELETE CASCADE;


--
-- Name: line_item_tax_line FK_5077fa54b0d037e984385dfe8ad; Type: FK CONSTRAINT; Schema: public; Owner: postgres
--

ALTER TABLE ONLY public.line_item_tax_line
    ADD CONSTRAINT "FK_5077fa54b0d037e984385dfe8ad" FOREIGN KEY (item_id) REFERENCES public.line_item(id) ON DELETE CASCADE;


--
-- Name: shipping_method FK_5267705a43d547e232535b656c2; Type: FK CONSTRAINT; Schema: public; Owner: postgres
--

ALTER TABLE ONLY public.shipping_method
    ADD CONSTRAINT "FK_5267705a43d547e232535b656c2" FOREIGN KEY (order_id) REFERENCES public."order"(id);


--
-- Name: price_list_customer_groups FK_52875734e9dd69064f0041f4d92; Type: FK CONSTRAINT; Schema: public; Owner: postgres
--

ALTER TABLE ONLY public.price_list_customer_groups
    ADD CONSTRAINT "FK_52875734e9dd69064f0041f4d92" FOREIGN KEY (price_list_id) REFERENCES public.price_list(id) ON UPDATE CASCADE ON DELETE CASCADE;


--
-- Name: swap FK_52dd74e8c989aa5665ad2852b8b; Type: FK CONSTRAINT; Schema: public; Owner: postgres
--

ALTER TABLE ONLY public.swap
    ADD CONSTRAINT "FK_52dd74e8c989aa5665ad2852b8b" FOREIGN KEY (order_id) REFERENCES public."order"(id);


--
-- Name: line_item FK_5371cbaa3be5200f373d24e3d5b; Type: FK CONSTRAINT; Schema: public; Owner: postgres
--

ALTER TABLE ONLY public.line_item
    ADD CONSTRAINT "FK_5371cbaa3be5200f373d24e3d5b" FOREIGN KEY (variant_id) REFERENCES public.product_variant(id);


--
-- Name: order FK_5568d3b9ce9f7abeeb37511ecf2; Type: FK CONSTRAINT; Schema: public; Owner: postgres
--

ALTER TABLE ONLY public."order"
    ADD CONSTRAINT "FK_5568d3b9ce9f7abeeb37511ecf2" FOREIGN KEY (billing_address_id) REFERENCES public.address(id);


--
-- Name: store FK_55beebaa09e947cccca554af222; Type: FK CONSTRAINT; Schema: public; Owner: postgres
--

ALTER TABLE ONLY public.store
    ADD CONSTRAINT "FK_55beebaa09e947cccca554af222" FOREIGN KEY (default_currency_code) REFERENCES public.currency(code);


--
-- Name: product_tags FK_5b0c6fc53c574299ecc7f9ee22e; Type: FK CONSTRAINT; Schema: public; Owner: postgres
--

ALTER TABLE ONLY public.product_tags
    ADD CONSTRAINT "FK_5b0c6fc53c574299ecc7f9ee22e" FOREIGN KEY (product_id) REFERENCES public.product(id) ON DELETE CASCADE;


--
-- Name: draft_order FK_5bd11d0e2a9628128e2c26fd0a6; Type: FK CONSTRAINT; Schema: public; Owner: postgres
--

ALTER TABLE ONLY public.draft_order
    ADD CONSTRAINT "FK_5bd11d0e2a9628128e2c26fd0a6" FOREIGN KEY (cart_id) REFERENCES public.cart(id);


--
-- Name: shipping_option FK_5c58105f1752fca0f4ce69f4663; Type: FK CONSTRAINT; Schema: public; Owner: postgres
--

ALTER TABLE ONLY public.shipping_option
    ADD CONSTRAINT "FK_5c58105f1752fca0f4ce69f4663" FOREIGN KEY (region_id) REFERENCES public.region(id);


--
-- Name: order_item_change FK_5f9688929761f7df108b630e64a; Type: FK CONSTRAINT; Schema: public; Owner: postgres
--

ALTER TABLE ONLY public.order_item_change
    ADD CONSTRAINT "FK_5f9688929761f7df108b630e64a" FOREIGN KEY (line_item_id) REFERENCES public.line_item(id);


--
-- Name: store FK_61b0f48cccbb5f41c750bac7286; Type: FK CONSTRAINT; Schema: public; Owner: postgres
--

ALTER TABLE ONLY public.store
    ADD CONSTRAINT "FK_61b0f48cccbb5f41c750bac7286" FOREIGN KEY (default_sales_channel_id) REFERENCES public.sales_channel(id);


--
-- Name: customer_group_customers FK_620330964db8d2999e67b0dbe3e; Type: FK CONSTRAINT; Schema: public; Owner: postgres
--

ALTER TABLE ONLY public.customer_group_customers
    ADD CONSTRAINT "FK_620330964db8d2999e67b0dbe3e" FOREIGN KEY (customer_group_id) REFERENCES public.customer_group(id) ON DELETE CASCADE;


--
-- Name: claim_item FK_64980511ca32c8e92b417644afa; Type: FK CONSTRAINT; Schema: public; Owner: postgres
--

ALTER TABLE ONLY public.claim_item
    ADD CONSTRAINT "FK_64980511ca32c8e92b417644afa" FOREIGN KEY (variant_id) REFERENCES public.product_variant(id);


--
-- Name: cart_discounts FK_6680319ebe1f46d18f106191d59; Type: FK CONSTRAINT; Schema: public; Owner: postgres
--

ALTER TABLE ONLY public.cart_discounts
    ADD CONSTRAINT "FK_6680319ebe1f46d18f106191d59" FOREIGN KEY (cart_id) REFERENCES public.cart(id) ON DELETE CASCADE;


--
-- Name: cart FK_6b9c66b5e36f7c827dfaa092f94; Type: FK CONSTRAINT; Schema: public; Owner: postgres
--

ALTER TABLE ONLY public.cart
    ADD CONSTRAINT "FK_6b9c66b5e36f7c827dfaa092f94" FOREIGN KEY (billing_address_id) REFERENCES public.address(id);


--
-- Name: address FK_6df8c6bf969a51d24c1980c4ff4; Type: FK CONSTRAINT; Schema: public; Owner: postgres
--

ALTER TABLE ONLY public.address
    ADD CONSTRAINT "FK_6df8c6bf969a51d24c1980c4ff4" FOREIGN KEY (country_code) REFERENCES public.country(iso_2);


--
-- Name: claim_item FK_6e0cad0daef76bb642675910b9d; Type: FK CONSTRAINT; Schema: public; Owner: postgres
--

ALTER TABLE ONLY public.claim_item
    ADD CONSTRAINT "FK_6e0cad0daef76bb642675910b9d" FOREIGN KEY (item_id) REFERENCES public.line_item(id);


--
-- Name: discount_condition_product_type FK_6ef23ce0b1d9cf9b5b833e52b9d; Type: FK CONSTRAINT; Schema: public; Owner: postgres
--

ALTER TABLE ONLY public.discount_condition_product_type
    ADD CONSTRAINT "FK_6ef23ce0b1d9cf9b5b833e52b9d" FOREIGN KEY (condition_id) REFERENCES public.discount_condition(id) ON DELETE CASCADE;


--
-- Name: order FK_6ff7e874f01b478c115fdd462eb; Type: FK CONSTRAINT; Schema: public; Owner: postgres
--

ALTER TABLE ONLY public."order"
    ADD CONSTRAINT "FK_6ff7e874f01b478c115fdd462eb" FOREIGN KEY (sales_channel_id) REFERENCES public.sales_channel(id);


--
-- Name: return FK_71773d56eb2bacb922bc3283398; Type: FK CONSTRAINT; Schema: public; Owner: postgres
--

ALTER TABLE ONLY public.return
    ADD CONSTRAINT "FK_71773d56eb2bacb922bc3283398" FOREIGN KEY (claim_order_id) REFERENCES public.claim_order(id);


--
-- Name: order FK_717a141f96b76d794d409f38129; Type: FK CONSTRAINT; Schema: public; Owner: postgres
--

ALTER TABLE ONLY public."order"
    ADD CONSTRAINT "FK_717a141f96b76d794d409f38129" FOREIGN KEY (currency_code) REFERENCES public.currency(code);


--
-- Name: product_option_value FK_7234ed737ff4eb1b6ae6e6d7b01; Type: FK CONSTRAINT; Schema: public; Owner: postgres
--

ALTER TABLE ONLY public.product_option_value
    ADD CONSTRAINT "FK_7234ed737ff4eb1b6ae6e6d7b01" FOREIGN KEY (variant_id) REFERENCES public.product_variant(id) ON DELETE CASCADE;


--
-- Name: order FK_727b872f86c7378474a8fa46147; Type: FK CONSTRAINT; Schema: public; Owner: postgres
--

ALTER TABLE ONLY public."order"
    ADD CONSTRAINT "FK_727b872f86c7378474a8fa46147" FOREIGN KEY (draft_order_id) REFERENCES public.draft_order(id);


--
-- Name: return_item FK_7edab75b4fc88ea6d4f2574f087; Type: FK CONSTRAINT; Schema: public; Owner: postgres
--

ALTER TABLE ONLY public.return_item
    ADD CONSTRAINT "FK_7edab75b4fc88ea6d4f2574f087" FOREIGN KEY (return_id) REFERENCES public.return(id);


--
-- Name: store_currencies FK_82a6bbb0b527c20a0002ddcbd60; Type: FK CONSTRAINT; Schema: public; Owner: postgres
--

ALTER TABLE ONLY public.store_currencies
    ADD CONSTRAINT "FK_82a6bbb0b527c20a0002ddcbd60" FOREIGN KEY (currency_code) REFERENCES public.currency(code) ON DELETE CASCADE;


--
-- Name: discount_condition_customer_group FK_8486ee16e69013c645d0b8716b6; Type: FK CONSTRAINT; Schema: public; Owner: postgres
--

ALTER TABLE ONLY public.discount_condition_customer_group
    ADD CONSTRAINT "FK_8486ee16e69013c645d0b8716b6" FOREIGN KEY (condition_id) REFERENCES public.discount_condition(id) ON DELETE CASCADE;


--
-- Name: return_item FK_87774591f44564effd8039d7162; Type: FK CONSTRAINT; Schema: public; Owner: postgres
--

ALTER TABLE ONLY public.return_item
    ADD CONSTRAINT "FK_87774591f44564effd8039d7162" FOREIGN KEY (item_id) REFERENCES public.line_item(id);


--
-- Name: region_payment_providers FK_8aaa78ba90d3802edac317df869; Type: FK CONSTRAINT; Schema: public; Owner: postgres
--

ALTER TABLE ONLY public.region_payment_providers
    ADD CONSTRAINT "FK_8aaa78ba90d3802edac317df869" FOREIGN KEY (region_id) REFERENCES public.region(id) ON DELETE CASCADE;


--
-- Name: customer FK_8abe81b9aac151ae60bf507ad15; Type: FK CONSTRAINT; Schema: public; Owner: postgres
--

ALTER TABLE ONLY public.customer
    ADD CONSTRAINT "FK_8abe81b9aac151ae60bf507ad15" FOREIGN KEY (billing_address_id) REFERENCES public.address(id);


--
-- Name: cart_discounts FK_8df75ef4f35f217768dc1135458; Type: FK CONSTRAINT; Schema: public; Owner: postgres
--

ALTER TABLE ONLY public.cart_discounts
    ADD CONSTRAINT "FK_8df75ef4f35f217768dc1135458" FOREIGN KEY (discount_id) REFERENCES public.discount(id) ON DELETE CASCADE;


--
-- Name: draft_order FK_8f6dd6c49202f1466ebf21e77da; Type: FK CONSTRAINT; Schema: public; Owner: postgres
--

ALTER TABLE ONLY public.draft_order
    ADD CONSTRAINT "FK_8f6dd6c49202f1466ebf21e77da" FOREIGN KEY (order_id) REFERENCES public."order"(id);


--
-- Name: claim_item FK_900a9c3834257304396b2b0fe7c; Type: FK CONSTRAINT; Schema: public; Owner: postgres
--

ALTER TABLE ONLY public.claim_item
    ADD CONSTRAINT "FK_900a9c3834257304396b2b0fe7c" FOREIGN KEY (claim_order_id) REFERENCES public.claim_order(id);


--
-- Name: region FK_91f88052197680f9790272aaf5b; Type: FK CONSTRAINT; Schema: public; Owner: postgres
--

ALTER TABLE ONLY public.region
    ADD CONSTRAINT "FK_91f88052197680f9790272aaf5b" FOREIGN KEY (tax_provider_id) REFERENCES public.tax_provider(id);


--
-- Name: shipping_method_tax_line FK_926ca9f29014af8091722dede08; Type: FK CONSTRAINT; Schema: public; Owner: postgres
--

ALTER TABLE ONLY public.shipping_method_tax_line
    ADD CONSTRAINT "FK_926ca9f29014af8091722dede08" FOREIGN KEY (shipping_method_id) REFERENCES public.shipping_method(id);


--
-- Name: custom_shipping_option FK_93caeb1bb70d37c1d36d6701a7a; Type: FK CONSTRAINT; Schema: public; Owner: postgres
--

ALTER TABLE ONLY public.custom_shipping_option
    ADD CONSTRAINT "FK_93caeb1bb70d37c1d36d6701a7a" FOREIGN KEY (cart_id) REFERENCES public.cart(id);


--
-- Name: address FK_9c9614b2f9d01665800ea8dbff7; Type: FK CONSTRAINT; Schema: public; Owner: postgres
--

ALTER TABLE ONLY public.address
    ADD CONSTRAINT "FK_9c9614b2f9d01665800ea8dbff7" FOREIGN KEY (customer_id) REFERENCES public.customer(id);


--
-- Name: cart FK_9d1a161434c610aae7c3df2dc7e; Type: FK CONSTRAINT; Schema: public; Owner: postgres
--

ALTER TABLE ONLY public.cart
    ADD CONSTRAINT "FK_9d1a161434c610aae7c3df2dc7e" FOREIGN KEY (payment_id) REFERENCES public.payment(id);


--
-- Name: fulfillment_item FK_a033f83cc6bd7701a5687ab4b38; Type: FK CONSTRAINT; Schema: public; Owner: postgres
--

ALTER TABLE ONLY public.fulfillment_item
    ADD CONSTRAINT "FK_a033f83cc6bd7701a5687ab4b38" FOREIGN KEY (fulfillment_id) REFERENCES public.fulfillment(id);


--
-- Name: discount_condition_product_collection FK_a0b05dc4257abe639cb75f8eae2; Type: FK CONSTRAINT; Schema: public; Owner: postgres
--

ALTER TABLE ONLY public.discount_condition_product_collection
    ADD CONSTRAINT "FK_a0b05dc4257abe639cb75f8eae2" FOREIGN KEY (product_collection_id) REFERENCES public.product_collection(id) ON DELETE CASCADE;


--
-- Name: shipping_option FK_a0e206bfaed3cb63c1860917347; Type: FK CONSTRAINT; Schema: public; Owner: postgres
--

ALTER TABLE ONLY public.shipping_option
    ADD CONSTRAINT "FK_a0e206bfaed3cb63c1860917347" FOREIGN KEY (provider_id) REFERENCES public.fulfillment_provider(id);


--
-- Name: discount_condition_product_collection FK_a1c4f9cfb599ad1f0db39cadd5f; Type: FK CONSTRAINT; Schema: public; Owner: postgres
--

ALTER TABLE ONLY public.discount_condition_product_collection
    ADD CONSTRAINT "FK_a1c4f9cfb599ad1f0db39cadd5f" FOREIGN KEY (condition_id) REFERENCES public.discount_condition(id) ON DELETE CASCADE;


--
-- Name: discount_regions FK_a21a7ffbe420d492eb46c305fec; Type: FK CONSTRAINT; Schema: public; Owner: postgres
--

ALTER TABLE ONLY public.discount_regions
    ADD CONSTRAINT "FK_a21a7ffbe420d492eb46c305fec" FOREIGN KEY (region_id) REFERENCES public.region(id) ON DELETE CASCADE;


--
-- Name: cart FK_a2bd3c26f42e754b9249ba78fd6; Type: FK CONSTRAINT; Schema: public; Owner: postgres
--

ALTER TABLE ONLY public.cart
    ADD CONSTRAINT "FK_a2bd3c26f42e754b9249ba78fd6" FOREIGN KEY (sales_channel_id) REFERENCES public.sales_channel(id);


--
-- Name: fulfillment FK_a52e234f729db789cf473297a5c; Type: FK CONSTRAINT; Schema: public; Owner: postgres
--

ALTER TABLE ONLY public.fulfillment
    ADD CONSTRAINT "FK_a52e234f729db789cf473297a5c" FOREIGN KEY (swap_id) REFERENCES public.swap(id);


--
-- Name: discount FK_ac2c280de3701b2d66f6817f760; Type: FK CONSTRAINT; Schema: public; Owner: postgres
--

ALTER TABLE ONLY public.discount
    ADD CONSTRAINT "FK_ac2c280de3701b2d66f6817f760" FOREIGN KEY (rule_id) REFERENCES public.discount_rule(id);


--
-- Name: country FK_b1aac8314662fa6b25569a575bb; Type: FK CONSTRAINT; Schema: public; Owner: postgres
--

ALTER TABLE ONLY public.country
    ADD CONSTRAINT "FK_b1aac8314662fa6b25569a575bb" FOREIGN KEY (region_id) REFERENCES public.region(id);


--
-- Name: money_amount FK_b433e27b7a83e6d12ab26b15b03; Type: FK CONSTRAINT; Schema: public; Owner: postgres
--

ALTER TABLE ONLY public.money_amount
    ADD CONSTRAINT "FK_b433e27b7a83e6d12ab26b15b03" FOREIGN KEY (region_id) REFERENCES public.region(id);


--
-- Name: order_item_change FK_b4d53b8d03c9f5e7d4317e818d9; Type: FK CONSTRAINT; Schema: public; Owner: postgres
--

ALTER TABLE ONLY public.order_item_change
    ADD CONSTRAINT "FK_b4d53b8d03c9f5e7d4317e818d9" FOREIGN KEY (original_line_item_id) REFERENCES public.line_item(id);


--
-- Name: store_currencies FK_b4f4b63d1736689b7008980394c; Type: FK CONSTRAINT; Schema: public; Owner: postgres
--

ALTER TABLE ONLY public.store_currencies
    ADD CONSTRAINT "FK_b4f4b63d1736689b7008980394c" FOREIGN KEY (store_id) REFERENCES public.store(id) ON DELETE CASCADE;


--
-- Name: notification FK_b5df0f53a74b9d0c0a2b652c88d; Type: FK CONSTRAINT; Schema: public; Owner: postgres
--

ALTER TABLE ONLY public.notification
    ADD CONSTRAINT "FK_b5df0f53a74b9d0c0a2b652c88d" FOREIGN KEY (customer_id) REFERENCES public.customer(id);


--
-- Name: gift_card FK_b6bcf8c3903097b84e85154eed3; Type: FK CONSTRAINT; Schema: public; Owner: postgres
--

ALTER TABLE ONLY public.gift_card
    ADD CONSTRAINT "FK_b6bcf8c3903097b84e85154eed3" FOREIGN KEY (region_id) REFERENCES public.region(id);


--
-- Name: tax_rate FK_b95a1e03b051993d208366cb960; Type: FK CONSTRAINT; Schema: public; Owner: postgres
--

ALTER TABLE ONLY public.tax_rate
    ADD CONSTRAINT "FK_b95a1e03b051993d208366cb960" FOREIGN KEY (region_id) REFERENCES public.region(id);


--
-- Name: return FK_bad82d7bff2b08b87094bfac3d6; Type: FK CONSTRAINT; Schema: public; Owner: postgres
--

ALTER TABLE ONLY public.return
    ADD CONSTRAINT "FK_bad82d7bff2b08b87094bfac3d6" FOREIGN KEY (swap_id) REFERENCES public.swap(id);


--
-- Name: discount_rule_products FK_be66106a673b88a81c603abe7eb; Type: FK CONSTRAINT; Schema: public; Owner: postgres
--

ALTER TABLE ONLY public.discount_rule_products
    ADD CONSTRAINT "FK_be66106a673b88a81c603abe7eb" FOREIGN KEY (product_id) REFERENCES public.product(id) ON DELETE CASCADE;


--
-- Name: line_item_adjustment FK_be9aea2ccf3567007b6227da4d2; Type: FK CONSTRAINT; Schema: public; Owner: postgres
--

ALTER TABLE ONLY public.line_item_adjustment
    ADD CONSTRAINT "FK_be9aea2ccf3567007b6227da4d2" FOREIGN KEY (item_id) REFERENCES public.line_item(id) ON DELETE CASCADE;


--
-- Name: fulfillment FK_beb35a6de60a6c4f91d5ae57e44; Type: FK CONSTRAINT; Schema: public; Owner: postgres
--

ALTER TABLE ONLY public.fulfillment
    ADD CONSTRAINT "FK_beb35a6de60a6c4f91d5ae57e44" FOREIGN KEY (provider_id) REFERENCES public.fulfillment_provider(id);


--
-- Name: payment FK_c17aff091441b7c25ec3d68d36c; Type: FK CONSTRAINT; Schema: public; Owner: postgres
--

ALTER TABLE ONLY public.payment
    ADD CONSTRAINT "FK_c17aff091441b7c25ec3d68d36c" FOREIGN KEY (swap_id) REFERENCES public.swap(id);


--
-- Name: claim_item_tags FK_c2c0f3edf39515bd15432afe6e5; Type: FK CONSTRAINT; Schema: public; Owner: postgres
--

ALTER TABLE ONLY public.claim_item_tags
    ADD CONSTRAINT "FK_c2c0f3edf39515bd15432afe6e5" FOREIGN KEY (item_id) REFERENCES public.claim_item(id) ON DELETE CASCADE;


--
-- Name: price_list_customer_groups FK_c5516f550433c9b1c2630d787a7; Type: FK CONSTRAINT; Schema: public; Owner: postgres
--

ALTER TABLE ONLY public.price_list_customer_groups
    ADD CONSTRAINT "FK_c5516f550433c9b1c2630d787a7" FOREIGN KEY (customer_group_id) REFERENCES public.customer_group(id) ON DELETE CASCADE;


--
-- Name: region_fulfillment_providers FK_c556e14eff4d6f03db593df955e; Type: FK CONSTRAINT; Schema: public; Owner: postgres
--

ALTER TABLE ONLY public.region_fulfillment_providers
    ADD CONSTRAINT "FK_c556e14eff4d6f03db593df955e" FOREIGN KEY (region_id) REFERENCES public.region(id) ON DELETE CASCADE;


--
-- Name: discount_condition_product FK_c759f53b2e48e8cfb50638fe4e0; Type: FK CONSTRAINT; Schema: public; Owner: postgres
--

ALTER TABLE ONLY public.discount_condition_product
    ADD CONSTRAINT "FK_c759f53b2e48e8cfb50638fe4e0" FOREIGN KEY (product_id) REFERENCES public.product(id) ON DELETE CASCADE;


--
-- Name: shipping_option FK_c951439af4c98bf2bd7fb8726cd; Type: FK CONSTRAINT; Schema: public; Owner: postgres
--

ALTER TABLE ONLY public.shipping_option
    ADD CONSTRAINT "FK_c951439af4c98bf2bd7fb8726cd" FOREIGN KEY (profile_id) REFERENCES public.shipping_profile(id);


--
-- Name: order FK_c99a206eb11ad45f6b7f04f2dcc; Type: FK CONSTRAINT; Schema: public; Owner: postgres
--

ALTER TABLE ONLY public."order"
    ADD CONSTRAINT "FK_c99a206eb11ad45f6b7f04f2dcc" FOREIGN KEY (cart_id) REFERENCES public.cart(id);


--
-- Name: product_variant FK_ca67dd080aac5ecf99609960cd2; Type: FK CONSTRAINT; Schema: public; Owner: postgres
--

ALTER TABLE ONLY public.product_variant
    ADD CONSTRAINT "FK_ca67dd080aac5ecf99609960cd2" FOREIGN KEY (product_id) REFERENCES public.product(id);


--
-- Name: order FK_cd7812c96209c5bdd48a6b858b0; Type: FK CONSTRAINT; Schema: public; Owner: postgres
--

ALTER TABLE ONLY public."order"
    ADD CONSTRAINT "FK_cd7812c96209c5bdd48a6b858b0" FOREIGN KEY (customer_id) REFERENCES public.customer(id);


--
-- Name: product_option_value FK_cdf4388f294b30a25c627d69fe9; Type: FK CONSTRAINT; Schema: public; Owner: postgres
--

ALTER TABLE ONLY public.product_option_value
    ADD CONSTRAINT "FK_cdf4388f294b30a25c627d69fe9" FOREIGN KEY (option_id) REFERENCES public.product_option(id);


--
-- Name: cart FK_ced15a9a695d2b5db9dabce763d; Type: FK CONSTRAINT; Schema: public; Owner: postgres
--

ALTER TABLE ONLY public.cart
    ADD CONSTRAINT "FK_ced15a9a695d2b5db9dabce763d" FOREIGN KEY (shipping_address_id) REFERENCES public.address(id);


--
-- Name: payment_session FK_d25ba0787e1510ddc5d442ebcfa; Type: FK CONSTRAINT; Schema: public; Owner: postgres
--

ALTER TABLE ONLY public.payment_session
    ADD CONSTRAINT "FK_d25ba0787e1510ddc5d442ebcfa" FOREIGN KEY (cart_id) REFERENCES public.cart(id);


--
-- Name: cart_gift_cards FK_d38047a90f3d42f0be7909e8aea; Type: FK CONSTRAINT; Schema: public; Owner: postgres
--

ALTER TABLE ONLY public.cart_gift_cards
    ADD CONSTRAINT "FK_d38047a90f3d42f0be7909e8aea" FOREIGN KEY (cart_id) REFERENCES public.cart(id) ON DELETE CASCADE;


--
-- Name: return FK_d4bd17f918fc6c332b74a368c36; Type: FK CONSTRAINT; Schema: public; Owner: postgres
--

ALTER TABLE ONLY public.return
    ADD CONSTRAINT "FK_d4bd17f918fc6c332b74a368c36" FOREIGN KEY (order_id) REFERENCES public."order"(id);


--
-- Name: fulfillment FK_d73e55964e0ff2db8f03807d52e; Type: FK CONSTRAINT; Schema: public; Owner: postgres
--

ALTER TABLE ONLY public.fulfillment
    ADD CONSTRAINT "FK_d73e55964e0ff2db8f03807d52e" FOREIGN KEY (claim_order_id) REFERENCES public.claim_order(id);


--
-- Name: return_item FK_d742532378a65022e7ceb328828; Type: FK CONSTRAINT; Schema: public; Owner: postgres
--

ALTER TABLE ONLY public.return_item
    ADD CONSTRAINT "FK_d742532378a65022e7ceb328828" FOREIGN KEY (reason_id) REFERENCES public.return_reason(id);


--
-- Name: shipping_method FK_d783a66d1c91c0858752c933e68; Type: FK CONSTRAINT; Schema: public; Owner: postgres
--

ALTER TABLE ONLY public.shipping_method
    ADD CONSTRAINT "FK_d783a66d1c91c0858752c933e68" FOREIGN KEY (claim_order_id) REFERENCES public.claim_order(id);


--
-- Name: gift_card_transaction FK_d7d441b81012f87d4265fa57d24; Type: FK CONSTRAINT; Schema: public; Owner: postgres
--

ALTER TABLE ONLY public.gift_card_transaction
    ADD CONSTRAINT "FK_d7d441b81012f87d4265fa57d24" FOREIGN KEY (order_id) REFERENCES public."order"(id);


--
-- Name: shipping_method FK_d92993a7d554d84571f4eea1d13; Type: FK CONSTRAINT; Schema: public; Owner: postgres
--

ALTER TABLE ONLY public.shipping_method
    ADD CONSTRAINT "FK_d92993a7d554d84571f4eea1d13" FOREIGN KEY (cart_id) REFERENCES public.cart(id);


--
-- Name: claim_item_tags FK_dc9bbf9fcb9ba458d25d512811b; Type: FK CONSTRAINT; Schema: public; Owner: postgres
--

ALTER TABLE ONLY public.claim_item_tags
    ADD CONSTRAINT "FK_dc9bbf9fcb9ba458d25d512811b" FOREIGN KEY (tag_id) REFERENCES public.claim_tag(id) ON DELETE CASCADE;


--
-- Name: gift_card FK_dfc1f02bb0552e79076aa58dbb0; Type: FK CONSTRAINT; Schema: public; Owner: postgres
--

ALTER TABLE ONLY public.gift_card
    ADD CONSTRAINT "FK_dfc1f02bb0552e79076aa58dbb0" FOREIGN KEY (order_id) REFERENCES public."order"(id);


--
-- Name: product FK_e0843930fbb8854fe36ca39dae1; Type: FK CONSTRAINT; Schema: public; Owner: postgres
--

ALTER TABLE ONLY public.product
    ADD CONSTRAINT "FK_e0843930fbb8854fe36ca39dae1" FOREIGN KEY (type_id) REFERENCES public.product_type(id);


--
-- Name: fulfillment_item FK_e13ff60e74206b747a1896212d1; Type: FK CONSTRAINT; Schema: public; Owner: postgres
--

ALTER TABLE ONLY public.fulfillment_item
    ADD CONSTRAINT "FK_e13ff60e74206b747a1896212d1" FOREIGN KEY (item_id) REFERENCES public.line_item(id);


--
-- Name: money_amount FK_e15811f81339e4bd8c440aebe1c; Type: FK CONSTRAINT; Schema: public; Owner: postgres
--

ALTER TABLE ONLY public.money_amount
    ADD CONSTRAINT "FK_e15811f81339e4bd8c440aebe1c" FOREIGN KEY (currency_code) REFERENCES public.currency(code);


--
-- Name: order FK_e1fcce2b18dbcdbe0a5ba9a68b8; Type: FK CONSTRAINT; Schema: public; Owner: postgres
--

ALTER TABLE ONLY public."order"
    ADD CONSTRAINT "FK_e1fcce2b18dbcdbe0a5ba9a68b8" FOREIGN KEY (region_id) REFERENCES public.region(id);


--
-- Name: order_gift_cards FK_e62ff11e4730bb3adfead979ee2; Type: FK CONSTRAINT; Schema: public; Owner: postgres
--

ALTER TABLE ONLY public.order_gift_cards
    ADD CONSTRAINT "FK_e62ff11e4730bb3adfead979ee2" FOREIGN KEY (order_id) REFERENCES public."order"(id) ON DELETE CASCADE;


--
-- Name: product_option FK_e634fca34f6b594b87fdbee95f6; Type: FK CONSTRAINT; Schema: public; Owner: postgres
--

ALTER TABLE ONLY public.product_option
    ADD CONSTRAINT "FK_e634fca34f6b594b87fdbee95f6" FOREIGN KEY (product_id) REFERENCES public.product(id);


--
-- Name: discount_condition_product_type FK_e706deb68f52ab2756119b9e704; Type: FK CONSTRAINT; Schema: public; Owner: postgres
--

ALTER TABLE ONLY public.discount_condition_product_type
    ADD CONSTRAINT "FK_e706deb68f52ab2756119b9e704" FOREIGN KEY (product_type_id) REFERENCES public.product_type(id) ON DELETE CASCADE;


--
-- Name: order_discounts FK_e7b488cebe333f449398769b2cc; Type: FK CONSTRAINT; Schema: public; Owner: postgres
--

ALTER TABLE ONLY public.order_discounts
    ADD CONSTRAINT "FK_e7b488cebe333f449398769b2cc" FOREIGN KEY (order_id) REFERENCES public."order"(id) ON DELETE CASCADE;


--
-- Name: product_type_tax_rate FK_ece65a774192b34253abc4cd672; Type: FK CONSTRAINT; Schema: public; Owner: postgres
--

ALTER TABLE ONLY public.product_type_tax_rate
    ADD CONSTRAINT "FK_ece65a774192b34253abc4cd672" FOREIGN KEY (rate_id) REFERENCES public.tax_rate(id) ON DELETE CASCADE;


--
-- Name: refund FK_eec9d9af4ca098e19ea6b499eaa; Type: FK CONSTRAINT; Schema: public; Owner: postgres
--

ALTER TABLE ONLY public.refund
    ADD CONSTRAINT "FK_eec9d9af4ca098e19ea6b499eaa" FOREIGN KEY (order_id) REFERENCES public."order"(id);


--
-- Name: discount_condition FK_efff700651718e452ca9580a624; Type: FK CONSTRAINT; Schema: public; Owner: postgres
--

ALTER TABLE ONLY public.discount_condition
    ADD CONSTRAINT "FK_efff700651718e452ca9580a624" FOREIGN KEY (discount_rule_id) REFERENCES public.discount_rule(id);


--
-- Name: discount_condition_product FK_f05132301e95bdab4ba1cf29a24; Type: FK CONSTRAINT; Schema: public; Owner: postgres
--

ALTER TABLE ONLY public.discount_condition_product
    ADD CONSTRAINT "FK_f05132301e95bdab4ba1cf29a24" FOREIGN KEY (condition_id) REFERENCES public.discount_condition(id) ON DELETE CASCADE;


--
-- Name: fulfillment FK_f129acc85e346a10eed12b86fca; Type: FK CONSTRAINT; Schema: public; Owner: postgres
--

ALTER TABLE ONLY public.fulfillment
    ADD CONSTRAINT "FK_f129acc85e346a10eed12b86fca" FOREIGN KEY (order_id) REFERENCES public."order"(id);


--
-- Name: money_amount FK_f249976b079375499662eb80c40; Type: FK CONSTRAINT; Schema: public; Owner: postgres
--

ALTER TABLE ONLY public.money_amount
    ADD CONSTRAINT "FK_f249976b079375499662eb80c40" FOREIGN KEY (price_list_id) REFERENCES public.price_list(id) ON DELETE CASCADE;


--
-- Name: order_gift_cards FK_f2bb9f71e95b315eb24b2b84cb3; Type: FK CONSTRAINT; Schema: public; Owner: postgres
--

ALTER TABLE ONLY public.order_gift_cards
    ADD CONSTRAINT "FK_f2bb9f71e95b315eb24b2b84cb3" FOREIGN KEY (gift_card_id) REFERENCES public.gift_card(id) ON DELETE CASCADE;


--
-- Name: payment FK_f41553459a4b1491c9893ebc921; Type: FK CONSTRAINT; Schema: public; Owner: postgres
--

ALTER TABLE ONLY public.payment
    ADD CONSTRAINT "FK_f41553459a4b1491c9893ebc921" FOREIGN KEY (currency_code) REFERENCES public.currency(code);


--
-- Name: discount_regions FK_f4194aa81073f3fab8aa86906ff; Type: FK CONSTRAINT; Schema: public; Owner: postgres
--

ALTER TABLE ONLY public.discount_regions
    ADD CONSTRAINT "FK_f4194aa81073f3fab8aa86906ff" FOREIGN KEY (discount_id) REFERENCES public.discount(id) ON DELETE CASCADE;


--
-- Name: claim_order FK_f49e3974465d3c3a33d449d3f31; Type: FK CONSTRAINT; Schema: public; Owner: postgres
--

ALTER TABLE ONLY public.claim_order
    ADD CONSTRAINT "FK_f49e3974465d3c3a33d449d3f31" FOREIGN KEY (order_id) REFERENCES public."order"(id);


--
-- Name: swap FK_f5189d38b3d3bd496618bf54c57; Type: FK CONSTRAINT; Schema: public; Owner: postgres
--

ALTER TABLE ONLY public.swap
    ADD CONSTRAINT "FK_f5189d38b3d3bd496618bf54c57" FOREIGN KEY (shipping_address_id) REFERENCES public.address(id);


--
-- Name: payment FK_f5221735ace059250daac9d9803; Type: FK CONSTRAINT; Schema: public; Owner: postgres
--

ALTER TABLE ONLY public.payment
    ADD CONSTRAINT "FK_f5221735ace059250daac9d9803" FOREIGN KEY (order_id) REFERENCES public."order"(id);


--
-- Name: shipping_tax_rate FK_f672727ab020df6c50fb64c1a70; Type: FK CONSTRAINT; Schema: public; Owner: postgres
--

ALTER TABLE ONLY public.shipping_tax_rate
    ADD CONSTRAINT "FK_f672727ab020df6c50fb64c1a70" FOREIGN KEY (shipping_option_id) REFERENCES public.shipping_option(id) ON DELETE CASCADE;


--
-- Name: batch_job FK_fa53ca4f5fd90605b532802a626; Type: FK CONSTRAINT; Schema: public; Owner: postgres
--

ALTER TABLE ONLY public.batch_job
    ADD CONSTRAINT "FK_fa53ca4f5fd90605b532802a626" FOREIGN KEY (created_by) REFERENCES public."user"(id);


--
-- Name: shipping_method FK_fb94fa8d5ca940daa2a58139f86; Type: FK CONSTRAINT; Schema: public; Owner: postgres
--

ALTER TABLE ONLY public.shipping_method
    ADD CONSTRAINT "FK_fb94fa8d5ca940daa2a58139f86" FOREIGN KEY (swap_id) REFERENCES public.swap(id);


--
-- Name: discount_condition_product_tag FK_fbb2499551ed074526f3ee36241; Type: FK CONSTRAINT; Schema: public; Owner: postgres
--

ALTER TABLE ONLY public.discount_condition_product_tag
    ADD CONSTRAINT "FK_fbb2499551ed074526f3ee36241" FOREIGN KEY (condition_id) REFERENCES public.discount_condition(id) ON DELETE CASCADE;


--
-- Name: shipping_method FK_fc963e94854bff2714ca84cd193; Type: FK CONSTRAINT; Schema: public; Owner: postgres
--

ALTER TABLE ONLY public.shipping_method
    ADD CONSTRAINT "FK_fc963e94854bff2714ca84cd193" FOREIGN KEY (shipping_option_id) REFERENCES public.shipping_option(id);


--
-- Name: order_edit FK_order_edit_payment_collection_id; Type: FK CONSTRAINT; Schema: public; Owner: postgres
--

ALTER TABLE ONLY public.order_edit
    ADD CONSTRAINT "FK_order_edit_payment_collection_id" FOREIGN KEY (payment_collection_id) REFERENCES public.payment_collection(id);


--
-- Name: payment_collection_payments FK_payment_collection_payments_payment_collection_id; Type: FK CONSTRAINT; Schema: public; Owner: postgres
--

ALTER TABLE ONLY public.payment_collection_payments
    ADD CONSTRAINT "FK_payment_collection_payments_payment_collection_id" FOREIGN KEY (payment_collection_id) REFERENCES public.payment_collection(id) ON DELETE CASCADE;


--
-- Name: payment_collection_payments FK_payment_collection_payments_payment_id; Type: FK CONSTRAINT; Schema: public; Owner: postgres
--

ALTER TABLE ONLY public.payment_collection_payments
    ADD CONSTRAINT "FK_payment_collection_payments_payment_id" FOREIGN KEY (payment_id) REFERENCES public.payment(id) ON DELETE CASCADE;


--
-- Name: payment_collection FK_payment_collection_region_id; Type: FK CONSTRAINT; Schema: public; Owner: postgres
--

ALTER TABLE ONLY public.payment_collection
    ADD CONSTRAINT "FK_payment_collection_region_id" FOREIGN KEY (region_id) REFERENCES public.region(id);


--
-- Name: payment_collection_sessions FK_payment_collection_sessions_payment_collection_id; Type: FK CONSTRAINT; Schema: public; Owner: postgres
--

ALTER TABLE ONLY public.payment_collection_sessions
    ADD CONSTRAINT "FK_payment_collection_sessions_payment_collection_id" FOREIGN KEY (payment_collection_id) REFERENCES public.payment_collection(id) ON DELETE CASCADE;


--
-- Name: payment_collection_sessions FK_payment_collection_sessions_payment_session_id; Type: FK CONSTRAINT; Schema: public; Owner: postgres
--

ALTER TABLE ONLY public.payment_collection_sessions
    ADD CONSTRAINT "FK_payment_collection_sessions_payment_session_id" FOREIGN KEY (payment_session_id) REFERENCES public.payment_session(id) ON DELETE CASCADE;


--
-- Name: product_category_product FK_product_category_id; Type: FK CONSTRAINT; Schema: public; Owner: postgres
--

ALTER TABLE ONLY public.product_category_product
    ADD CONSTRAINT "FK_product_category_id" FOREIGN KEY (product_category_id) REFERENCES public.product_category(id) ON DELETE CASCADE;


--
-- Name: product_category_product FK_product_id; Type: FK CONSTRAINT; Schema: public; Owner: postgres
--

ALTER TABLE ONLY public.product_category_product
    ADD CONSTRAINT "FK_product_id" FOREIGN KEY (product_id) REFERENCES public.product(id) ON DELETE CASCADE;


--
-- Name: refund FK_refund_payment_id; Type: FK CONSTRAINT; Schema: public; Owner: postgres
--

ALTER TABLE ONLY public.refund
    ADD CONSTRAINT "FK_refund_payment_id" FOREIGN KEY (payment_id) REFERENCES public.payment(id);


--
-- Name: line_item line_item_order_edit_fk; Type: FK CONSTRAINT; Schema: public; Owner: postgres
--

ALTER TABLE ONLY public.line_item
    ADD CONSTRAINT line_item_order_edit_fk FOREIGN KEY (order_edit_id) REFERENCES public.order_edit(id);


--
-- Name: line_item line_item_original_item_fk; Type: FK CONSTRAINT; Schema: public; Owner: postgres
--

ALTER TABLE ONLY public.line_item
    ADD CONSTRAINT line_item_original_item_fk FOREIGN KEY (original_item_id) REFERENCES public.line_item(id);


--
-- PostgreSQL database dump complete
--

--
-- Database "postgres" dump
--

\connect postgres

--
-- PostgreSQL database dump
--

-- Dumped from database version 14.10 (Ubuntu 14.10-0ubuntu0.22.04.1)
-- Dumped by pg_dump version 14.10 (Ubuntu 14.10-0ubuntu0.22.04.1)

SET statement_timeout = 0;
SET lock_timeout = 0;
SET idle_in_transaction_session_timeout = 0;
SET client_encoding = 'UTF8';
SET standard_conforming_strings = on;
SELECT pg_catalog.set_config('search_path', '', false);
SET check_function_bodies = false;
SET xmloption = content;
SET client_min_messages = warning;
SET row_security = off;

--
-- Name: add_category_created_event(); Type: FUNCTION; Schema: public; Owner: postgres
--

CREATE FUNCTION public.add_category_created_event() RETURNS trigger
    LANGUAGE plpgsql
    AS $$
    BEGIN
      INSERT INTO event (name, data)
      VALUES ('category_created', row_to_json(NEW));
      RETURN NEW;
    END;
    $$;


ALTER FUNCTION public.add_category_created_event() OWNER TO postgres;

--
-- Name: add_category_deleted_event(); Type: FUNCTION; Schema: public; Owner: postgres
--

CREATE FUNCTION public.add_category_deleted_event() RETURNS trigger
    LANGUAGE plpgsql
    AS $$
    BEGIN
      INSERT INTO event (name, data)
      VALUES ('category_deleted', row_to_json(OLD));
      RETURN OLD;
    END;
    $$;


ALTER FUNCTION public.add_category_deleted_event() OWNER TO postgres;

--
-- Name: add_category_updated_event(); Type: FUNCTION; Schema: public; Owner: postgres
--

CREATE FUNCTION public.add_category_updated_event() RETURNS trigger
    LANGUAGE plpgsql
    AS $$
    BEGIN
      INSERT INTO event (name, data)
      VALUES ('category_updated', row_to_json(NEW));
      RETURN NEW;
    END;
    $$;


ALTER FUNCTION public.add_category_updated_event() OWNER TO postgres;

--
-- Name: add_customer_created_event(); Type: FUNCTION; Schema: public; Owner: postgres
--

CREATE FUNCTION public.add_customer_created_event() RETURNS trigger
    LANGUAGE plpgsql
    AS $$
    BEGIN
      INSERT INTO event (name, data)
      VALUES ('customer_created', row_to_json(NEW));
      RETURN NEW;
    END;
    $$;


ALTER FUNCTION public.add_customer_created_event() OWNER TO postgres;

--
-- Name: add_customer_deleted_event(); Type: FUNCTION; Schema: public; Owner: postgres
--

CREATE FUNCTION public.add_customer_deleted_event() RETURNS trigger
    LANGUAGE plpgsql
    AS $$
    BEGIN
      INSERT INTO event (name, data)
      VALUES ('customer_deleted', row_to_json(OLD));
      RETURN OLD;
    END;
    $$;


ALTER FUNCTION public.add_customer_deleted_event() OWNER TO postgres;

--
-- Name: add_customer_updated_event(); Type: FUNCTION; Schema: public; Owner: postgres
--

CREATE FUNCTION public.add_customer_updated_event() RETURNS trigger
    LANGUAGE plpgsql
    AS $$
    BEGIN
      INSERT INTO event (name, data)
      VALUES ('customer_updated', row_to_json(NEW));
      RETURN NEW;
    END;
    $$;


ALTER FUNCTION public.add_customer_updated_event() OWNER TO postgres;

--
-- Name: add_order_created_event(); Type: FUNCTION; Schema: public; Owner: postgres
--

CREATE FUNCTION public.add_order_created_event() RETURNS trigger
    LANGUAGE plpgsql
    AS $$
    BEGIN
      INSERT INTO event (name, data)
      VALUES ('order_created', row_to_json(NEW));
      RETURN NEW;
    END;
    $$;


ALTER FUNCTION public.add_order_created_event() OWNER TO postgres;

--
-- Name: add_product_created_event(); Type: FUNCTION; Schema: public; Owner: postgres
--

CREATE FUNCTION public.add_product_created_event() RETURNS trigger
    LANGUAGE plpgsql
    AS $$
    BEGIN
      INSERT INTO event (name, data)
      VALUES ('product_created', row_to_json(NEW));
      RETURN NEW;
    END;
    $$;


ALTER FUNCTION public.add_product_created_event() OWNER TO postgres;

--
-- Name: add_product_deleted_event(); Type: FUNCTION; Schema: public; Owner: postgres
--

CREATE FUNCTION public.add_product_deleted_event() RETURNS trigger
    LANGUAGE plpgsql
    AS $$
    BEGIN
      INSERT INTO event (name, data)
      VALUES ('product_deleted', row_to_json(OLD));
      RETURN OLD;
    END;
    $$;


ALTER FUNCTION public.add_product_deleted_event() OWNER TO postgres;

--
-- Name: add_product_inventory_updated_event(); Type: FUNCTION; Schema: public; Owner: postgres
--

CREATE FUNCTION public.add_product_inventory_updated_event() RETURNS trigger
    LANGUAGE plpgsql
    AS $$
    BEGIN
      INSERT INTO event (name, data)
      VALUES ('inventory_updated', json_build_object('old', row_to_json(OLD), 'new', row_to_json(NEW)));
      RETURN NEW;
    END;
    $$;


ALTER FUNCTION public.add_product_inventory_updated_event() OWNER TO postgres;

--
-- Name: add_product_updated_event(); Type: FUNCTION; Schema: public; Owner: postgres
--

CREATE FUNCTION public.add_product_updated_event() RETURNS trigger
    LANGUAGE plpgsql
    AS $$
    BEGIN
      INSERT INTO event (name, data)
      VALUES ('product_updated', row_to_json(NEW));
      RETURN NEW;
    END;
    $$;


ALTER FUNCTION public.add_product_updated_event() OWNER TO postgres;

--
-- Name: build_url_key(); Type: FUNCTION; Schema: public; Owner: postgres
--

CREATE FUNCTION public.build_url_key() RETURNS trigger
    LANGUAGE plpgsql
    AS $_$
    DECLARE
      url_key TEXT;
    BEGIN
      IF(NEW.url_key IS NULL) THEN
        url_key = regexp_replace(NEW.name, '[^a-zA-Z0-9]+', '-', 'g');
        url_key = regexp_replace(url_key, '^-|-$', '', 'g');
        url_key = lower(url_key);
        url_key = url_key || '-' || (SELECT floor(random() * 1000000)::text);
        NEW.url_key = url_key;
      ELSE
        IF (NEW.url_key ~ '[/\#]') THEN
          RAISE EXCEPTION 'Invalid url_key: %', NEW.url_key;
        END IF;
      END IF;
      RETURN NEW;
    END;
    $_$;


ALTER FUNCTION public.build_url_key() OWNER TO postgres;

--
-- Name: delete_product_attribute_value_index(); Type: FUNCTION; Schema: public; Owner: postgres
--

CREATE FUNCTION public.delete_product_attribute_value_index() RETURNS trigger
    LANGUAGE plpgsql
    AS $$
      BEGIN
        DELETE FROM "product_attribute_value_index" WHERE "product_attribute_value_index".option_id = OLD.attribute_option_id AND "product_attribute_value_index"."attribute_id" = OLD.attribute_id;
        RETURN OLD;
      END;
      $$;


ALTER FUNCTION public.delete_product_attribute_value_index() OWNER TO postgres;

--
-- Name: delete_sub_categories(); Type: FUNCTION; Schema: public; Owner: postgres
--

CREATE FUNCTION public.delete_sub_categories() RETURNS trigger
    LANGUAGE plpgsql
    AS $$
    DECLARE
      sub_categories RECORD;
    BEGIN
      FOR sub_categories IN
        WITH RECURSIVE sub_categories AS (
          SELECT * FROM category WHERE parent_id = OLD.category_id
          UNION
          SELECT c.* FROM category c
          INNER JOIN sub_categories sc ON c.parent_id = sc.category_id
        ) SELECT * FROM sub_categories
      LOOP
        DELETE FROM category WHERE category_id = sub_categories.category_id;
      END LOOP;
      RETURN OLD;
    END;
    $$;


ALTER FUNCTION public.delete_sub_categories() OWNER TO postgres;

--
-- Name: delete_variant_group_after_attribute_type_changed(); Type: FUNCTION; Schema: public; Owner: postgres
--

CREATE FUNCTION public.delete_variant_group_after_attribute_type_changed() RETURNS trigger
    LANGUAGE plpgsql
    AS $$
      BEGIN
        IF (OLD.type = 'select' AND NEW.type <> 'select') THEN
          DELETE FROM "variant_group" WHERE ("variant_group".attribute_one = OLD.attribute_id OR "variant_group".attribute_two = OLD.attribute_id OR "variant_group".attribute_three = OLD.attribute_id OR "variant_group".attribute_four = OLD.attribute_id OR "variant_group".attribute_five = OLD.attribute_id);
        END IF;
        RETURN NEW;
      END
      $$;


ALTER FUNCTION public.delete_variant_group_after_attribute_type_changed() OWNER TO postgres;

--
-- Name: prevent_change_attribute_group(); Type: FUNCTION; Schema: public; Owner: postgres
--

CREATE FUNCTION public.prevent_change_attribute_group() RETURNS trigger
    LANGUAGE plpgsql
    AS $$
      BEGIN
        IF OLD.group_id != NEW.group_id AND OLD.variant_group_id IS NOT NULL THEN
          RAISE EXCEPTION 'Cannot change attribute group of product with variants';
        END IF;
        RETURN NEW;
      END;
      $$;


ALTER FUNCTION public.prevent_change_attribute_group() OWNER TO postgres;

--
-- Name: prevent_delete_default_attribute_group(); Type: FUNCTION; Schema: public; Owner: postgres
--

CREATE FUNCTION public.prevent_delete_default_attribute_group() RETURNS trigger
    LANGUAGE plpgsql
    AS $$
      BEGIN
        IF OLD.attribute_group_id = 1 THEN
          RAISE EXCEPTION 'Cannot delete default attribute group';
        END IF;
        RETURN OLD;
      END;
      $$;


ALTER FUNCTION public.prevent_delete_default_attribute_group() OWNER TO postgres;

--
-- Name: prevent_delete_default_customer_group(); Type: FUNCTION; Schema: public; Owner: postgres
--

CREATE FUNCTION public.prevent_delete_default_customer_group() RETURNS trigger
    LANGUAGE plpgsql
    AS $$
      BEGIN
        IF OLD.customer_group_id = 1 THEN
          RAISE EXCEPTION 'Cannot delete default customer group';
        END IF;
        RETURN OLD;
      END;
      $$;


ALTER FUNCTION public.prevent_delete_default_customer_group() OWNER TO postgres;

--
-- Name: prevent_delete_default_tax_class(); Type: FUNCTION; Schema: public; Owner: postgres
--

CREATE FUNCTION public.prevent_delete_default_tax_class() RETURNS trigger
    LANGUAGE plpgsql
    AS $$
      BEGIN
        IF OLD.tax_class_id = 1 THEN
          RAISE EXCEPTION 'Cannot delete default tax class';
        END IF;
        RETURN OLD;
      END;
      $$;


ALTER FUNCTION public.prevent_delete_default_tax_class() OWNER TO postgres;

--
-- Name: product_image_insert_trigger(); Type: FUNCTION; Schema: public; Owner: postgres
--

CREATE FUNCTION public.product_image_insert_trigger() RETURNS trigger
    LANGUAGE plpgsql
    AS $$
      BEGIN
        INSERT INTO event (name, data)
        VALUES ('product_image_added', row_to_json(NEW));
        RETURN NEW;
      END;
      $$;


ALTER FUNCTION public.product_image_insert_trigger() OWNER TO postgres;

--
-- Name: reduce_product_stock_when_order_placed(); Type: FUNCTION; Schema: public; Owner: postgres
--

CREATE FUNCTION public.reduce_product_stock_when_order_placed() RETURNS trigger
    LANGUAGE plpgsql
    AS $$
      BEGIN
        UPDATE product_inventory SET qty = qty - NEW.qty WHERE product_inventory_product_id = NEW.product_id AND manage_stock = TRUE;
        RETURN NEW;
      END
      $$;


ALTER FUNCTION public.reduce_product_stock_when_order_placed() OWNER TO postgres;

--
-- Name: remove_attribute_from_group(); Type: FUNCTION; Schema: public; Owner: postgres
--

CREATE FUNCTION public.remove_attribute_from_group() RETURNS trigger
    LANGUAGE plpgsql
    AS $$
      BEGIN
        DELETE FROM product_attribute_value_index WHERE product_attribute_value_index.attribute_id = OLD.attribute_id AND product_attribute_value_index.product_id IN (SELECT product.product_id FROM product WHERE product.group_id = OLD.group_id);
        DELETE FROM variant_group WHERE variant_group.attribute_group_id = OLD.group_id AND (variant_group.attribute_one = OLD.attribute_id OR variant_group.attribute_two = OLD.attribute_id OR variant_group.attribute_three = OLD.attribute_id OR variant_group.attribute_four = OLD.attribute_id OR variant_group.attribute_five = OLD.attribute_id);
        RETURN OLD;
      END;
      $$;


ALTER FUNCTION public.remove_attribute_from_group() OWNER TO postgres;

--
-- Name: set_coupon_used_time(); Type: FUNCTION; Schema: public; Owner: postgres
--

CREATE FUNCTION public.set_coupon_used_time() RETURNS trigger
    LANGUAGE plpgsql
    AS $$
      BEGIN
        UPDATE "coupon" SET used_time = used_time + 1 WHERE coupon = NEW.coupon;
        RETURN NEW;
      END;
      $$;


ALTER FUNCTION public.set_coupon_used_time() OWNER TO postgres;

--
-- Name: set_default_customer_group(); Type: FUNCTION; Schema: public; Owner: postgres
--

CREATE FUNCTION public.set_default_customer_group() RETURNS trigger
    LANGUAGE plpgsql
    AS $$
      BEGIN
        IF NEW.group_id IS NULL THEN
          NEW.group_id = 1;
        END IF;
        RETURN NEW;
      END;
      $$;


ALTER FUNCTION public.set_default_customer_group() OWNER TO postgres;

--
-- Name: update_attribute_index_and_variant_group_visibility(); Type: FUNCTION; Schema: public; Owner: postgres
--

CREATE FUNCTION public.update_attribute_index_and_variant_group_visibility() RETURNS trigger
    LANGUAGE plpgsql
    AS $$
      BEGIN
        DELETE FROM "product_attribute_value_index"
        WHERE "product_attribute_value_index"."product_id" = NEW.product_id 
        AND "product_attribute_value_index"."attribute_id" NOT IN (SELECT "attribute_group_link"."attribute_id" FROM "attribute_group_link" WHERE "attribute_group_link"."group_id" = NEW.group_id);
        UPDATE "variant_group" SET visibility = COALESCE((SELECT bool_or(visibility) FROM "product" WHERE "product"."variant_group_id" = NEW.variant_group_id AND "product"."status" = TRUE GROUP BY "product"."variant_group_id"), FALSE) WHERE "variant_group"."variant_group_id" = NEW.variant_group_id;
        RETURN NEW;
      END;
      $$;


ALTER FUNCTION public.update_attribute_index_and_variant_group_visibility() OWNER TO postgres;

--
-- Name: update_product_attribute_option_value_text(); Type: FUNCTION; Schema: public; Owner: postgres
--

CREATE FUNCTION public.update_product_attribute_option_value_text() RETURNS trigger
    LANGUAGE plpgsql
    AS $$
      BEGIN
        UPDATE "product_attribute_value_index" SET "option_text" = NEW.option_text
        WHERE "product_attribute_value_index".option_id = NEW.attribute_option_id AND "product_attribute_value_index".attribute_id = NEW.attribute_id;
        RETURN NEW;
      END;
      $$;


ALTER FUNCTION public.update_product_attribute_option_value_text() OWNER TO postgres;

--
-- Name: update_variant_group_visibility(); Type: FUNCTION; Schema: public; Owner: postgres
--

CREATE FUNCTION public.update_variant_group_visibility() RETURNS trigger
    LANGUAGE plpgsql
    AS $$
      BEGIN
        UPDATE "variant_group" SET visibility = (SELECT bool_or(visibility) FROM "product" WHERE "product"."variant_group_id" = NEW.variant_group_id AND "product"."status" = TRUE) WHERE "variant_group"."variant_group_id" = NEW.variant_group_id;
        RETURN NEW;
      END;
      $$;


ALTER FUNCTION public.update_variant_group_visibility() OWNER TO postgres;

SET default_tablespace = '';

SET default_table_access_method = heap;

--
-- Name: admin_user; Type: TABLE; Schema: public; Owner: postgres
--

CREATE TABLE public.admin_user (
    admin_user_id integer NOT NULL,
    uuid uuid DEFAULT gen_random_uuid() NOT NULL,
    status boolean DEFAULT true NOT NULL,
    email character varying NOT NULL,
    password character varying NOT NULL,
    full_name character varying,
    created_at timestamp with time zone DEFAULT CURRENT_TIMESTAMP,
    updated_at timestamp with time zone DEFAULT CURRENT_TIMESTAMP
);


ALTER TABLE public.admin_user OWNER TO postgres;

--
-- Name: admin_user_admin_user_id_seq; Type: SEQUENCE; Schema: public; Owner: postgres
--

ALTER TABLE public.admin_user ALTER COLUMN admin_user_id ADD GENERATED ALWAYS AS IDENTITY (
    SEQUENCE NAME public.admin_user_admin_user_id_seq
    START WITH 1
    INCREMENT BY 1
    NO MINVALUE
    NO MAXVALUE
    CACHE 1
);


--
-- Name: attribute; Type: TABLE; Schema: public; Owner: postgres
--

CREATE TABLE public.attribute (
    attribute_id integer NOT NULL,
    uuid uuid DEFAULT gen_random_uuid() NOT NULL,
    attribute_code character varying NOT NULL,
    attribute_name character varying NOT NULL,
    type character varying NOT NULL,
    is_required boolean DEFAULT false NOT NULL,
    display_on_frontend boolean DEFAULT false NOT NULL,
    sort_order integer DEFAULT 0 NOT NULL,
    is_filterable boolean DEFAULT false NOT NULL
);


ALTER TABLE public.attribute OWNER TO postgres;

--
-- Name: attribute_attribute_id_seq; Type: SEQUENCE; Schema: public; Owner: postgres
--

ALTER TABLE public.attribute ALTER COLUMN attribute_id ADD GENERATED ALWAYS AS IDENTITY (
    SEQUENCE NAME public.attribute_attribute_id_seq
    START WITH 1
    INCREMENT BY 1
    NO MINVALUE
    NO MAXVALUE
    CACHE 1
);


--
-- Name: attribute_group; Type: TABLE; Schema: public; Owner: postgres
--

CREATE TABLE public.attribute_group (
    attribute_group_id integer NOT NULL,
    uuid uuid DEFAULT gen_random_uuid() NOT NULL,
    group_name text NOT NULL,
    created_at timestamp with time zone DEFAULT CURRENT_TIMESTAMP,
    updated_at timestamp with time zone DEFAULT CURRENT_TIMESTAMP
);


ALTER TABLE public.attribute_group OWNER TO postgres;

--
-- Name: attribute_group_attribute_group_id_seq; Type: SEQUENCE; Schema: public; Owner: postgres
--

ALTER TABLE public.attribute_group ALTER COLUMN attribute_group_id ADD GENERATED ALWAYS AS IDENTITY (
    SEQUENCE NAME public.attribute_group_attribute_group_id_seq
    START WITH 1
    INCREMENT BY 1
    NO MINVALUE
    NO MAXVALUE
    CACHE 1
);


--
-- Name: attribute_group_link; Type: TABLE; Schema: public; Owner: postgres
--

CREATE TABLE public.attribute_group_link (
    attribute_group_link_id integer NOT NULL,
    attribute_id integer NOT NULL,
    group_id integer NOT NULL
);


ALTER TABLE public.attribute_group_link OWNER TO postgres;

--
-- Name: attribute_group_link_attribute_group_link_id_seq; Type: SEQUENCE; Schema: public; Owner: postgres
--

ALTER TABLE public.attribute_group_link ALTER COLUMN attribute_group_link_id ADD GENERATED ALWAYS AS IDENTITY (
    SEQUENCE NAME public.attribute_group_link_attribute_group_link_id_seq
    START WITH 1
    INCREMENT BY 1
    NO MINVALUE
    NO MAXVALUE
    CACHE 1
);


--
-- Name: attribute_option; Type: TABLE; Schema: public; Owner: postgres
--

CREATE TABLE public.attribute_option (
    attribute_option_id integer NOT NULL,
    uuid uuid DEFAULT gen_random_uuid() NOT NULL,
    attribute_id integer NOT NULL,
    attribute_code character varying NOT NULL,
    option_text character varying NOT NULL
);


ALTER TABLE public.attribute_option OWNER TO postgres;

--
-- Name: attribute_option_attribute_option_id_seq; Type: SEQUENCE; Schema: public; Owner: postgres
--

ALTER TABLE public.attribute_option ALTER COLUMN attribute_option_id ADD GENERATED ALWAYS AS IDENTITY (
    SEQUENCE NAME public.attribute_option_attribute_option_id_seq
    START WITH 1
    INCREMENT BY 1
    NO MINVALUE
    NO MAXVALUE
    CACHE 1
);


--
-- Name: cart; Type: TABLE; Schema: public; Owner: postgres
--

CREATE TABLE public.cart (
    cart_id integer NOT NULL,
    uuid uuid DEFAULT gen_random_uuid() NOT NULL,
    sid character varying,
    currency character varying NOT NULL,
    customer_id integer,
    customer_group_id smallint,
    customer_email character varying,
    customer_full_name character varying,
    user_ip character varying,
    status boolean DEFAULT false NOT NULL,
    coupon character varying,
    shipping_fee_excl_tax numeric(12,4) DEFAULT NULL::numeric,
    shipping_fee_incl_tax numeric(12,4) DEFAULT NULL::numeric,
    discount_amount numeric(12,4) DEFAULT NULL::numeric,
    sub_total numeric(12,4) NOT NULL,
    sub_total_incl_tax numeric(12,4) NOT NULL,
    total_qty integer NOT NULL,
    total_weight numeric(12,4) DEFAULT NULL::numeric,
    tax_amount numeric(12,4) NOT NULL,
    grand_total numeric(12,4) NOT NULL,
    shipping_method character varying,
    shipping_method_name character varying,
    shipping_zone_id integer,
    shipping_address_id integer,
    payment_method character varying,
    payment_method_name character varying,
    billing_address_id integer,
    shipping_note text,
    created_at timestamp with time zone DEFAULT CURRENT_TIMESTAMP,
    updated_at timestamp with time zone DEFAULT CURRENT_TIMESTAMP
);


ALTER TABLE public.cart OWNER TO postgres;

--
-- Name: cart_address; Type: TABLE; Schema: public; Owner: postgres
--

CREATE TABLE public.cart_address (
    cart_address_id integer NOT NULL,
    uuid uuid DEFAULT gen_random_uuid() NOT NULL,
    full_name character varying,
    postcode character varying,
    telephone character varying,
    country character varying,
    province character varying,
    city character varying,
    address_1 character varying,
    address_2 character varying
);


ALTER TABLE public.cart_address OWNER TO postgres;

--
-- Name: cart_address_cart_address_id_seq; Type: SEQUENCE; Schema: public; Owner: postgres
--

ALTER TABLE public.cart_address ALTER COLUMN cart_address_id ADD GENERATED ALWAYS AS IDENTITY (
    SEQUENCE NAME public.cart_address_cart_address_id_seq
    START WITH 1
    INCREMENT BY 1
    NO MINVALUE
    NO MAXVALUE
    CACHE 1
);


--
-- Name: cart_cart_id_seq; Type: SEQUENCE; Schema: public; Owner: postgres
--

ALTER TABLE public.cart ALTER COLUMN cart_id ADD GENERATED ALWAYS AS IDENTITY (
    SEQUENCE NAME public.cart_cart_id_seq
    START WITH 1
    INCREMENT BY 1
    NO MINVALUE
    NO MAXVALUE
    CACHE 1
);


--
-- Name: cart_item; Type: TABLE; Schema: public; Owner: postgres
--

CREATE TABLE public.cart_item (
    cart_item_id integer NOT NULL,
    uuid uuid DEFAULT gen_random_uuid() NOT NULL,
    cart_id integer NOT NULL,
    product_id integer NOT NULL,
    product_sku character varying NOT NULL,
    product_name text NOT NULL,
    thumbnail character varying,
    product_weight numeric(12,4) DEFAULT NULL::numeric,
    product_price numeric(12,4) NOT NULL,
    product_price_incl_tax numeric(12,4) NOT NULL,
    qty integer NOT NULL,
    final_price numeric(12,4) NOT NULL,
    final_price_incl_tax numeric(12,4) NOT NULL,
    tax_percent numeric(12,4) NOT NULL,
    tax_amount numeric(12,4) NOT NULL,
    discount_amount numeric(12,4) NOT NULL,
    sub_total numeric(12,4) NOT NULL,
    total numeric(12,4) NOT NULL,
    variant_group_id integer,
    variant_options text,
    product_custom_options text,
    created_at timestamp with time zone DEFAULT CURRENT_TIMESTAMP,
    updated_at timestamp with time zone DEFAULT CURRENT_TIMESTAMP
);


ALTER TABLE public.cart_item OWNER TO postgres;

--
-- Name: cart_item_cart_item_id_seq; Type: SEQUENCE; Schema: public; Owner: postgres
--

ALTER TABLE public.cart_item ALTER COLUMN cart_item_id ADD GENERATED ALWAYS AS IDENTITY (
    SEQUENCE NAME public.cart_item_cart_item_id_seq
    START WITH 1
    INCREMENT BY 1
    NO MINVALUE
    NO MAXVALUE
    CACHE 1
);


--
-- Name: category; Type: TABLE; Schema: public; Owner: postgres
--

CREATE TABLE public.category (
    category_id integer NOT NULL,
    uuid uuid DEFAULT gen_random_uuid() NOT NULL,
    status boolean NOT NULL,
    parent_id integer,
    include_in_nav boolean NOT NULL,
    "position" smallint,
    created_at timestamp with time zone DEFAULT CURRENT_TIMESTAMP,
    updated_at timestamp with time zone DEFAULT CURRENT_TIMESTAMP
);


ALTER TABLE public.category OWNER TO postgres;

--
-- Name: category_category_id_seq; Type: SEQUENCE; Schema: public; Owner: postgres
--

ALTER TABLE public.category ALTER COLUMN category_id ADD GENERATED ALWAYS AS IDENTITY (
    SEQUENCE NAME public.category_category_id_seq
    START WITH 1
    INCREMENT BY 1
    NO MINVALUE
    NO MAXVALUE
    CACHE 1
);


--
-- Name: category_description; Type: TABLE; Schema: public; Owner: postgres
--

CREATE TABLE public.category_description (
    category_description_id integer NOT NULL,
    category_description_category_id integer NOT NULL,
    name character varying NOT NULL,
    short_description text,
    description text,
    image character varying,
    meta_title text,
    meta_keywords text,
    meta_description text,
    url_key character varying NOT NULL
);


ALTER TABLE public.category_description OWNER TO postgres;

--
-- Name: category_description_category_description_id_seq; Type: SEQUENCE; Schema: public; Owner: postgres
--

ALTER TABLE public.category_description ALTER COLUMN category_description_id ADD GENERATED ALWAYS AS IDENTITY (
    SEQUENCE NAME public.category_description_category_description_id_seq
    START WITH 1
    INCREMENT BY 1
    NO MINVALUE
    NO MAXVALUE
    CACHE 1
);


--
-- Name: cms_page; Type: TABLE; Schema: public; Owner: postgres
--

CREATE TABLE public.cms_page (
    cms_page_id integer NOT NULL,
    uuid uuid DEFAULT gen_random_uuid() NOT NULL,
    layout character varying NOT NULL,
    status boolean,
    created_at timestamp with time zone DEFAULT CURRENT_TIMESTAMP,
    updated_at timestamp with time zone DEFAULT CURRENT_TIMESTAMP
);


ALTER TABLE public.cms_page OWNER TO postgres;

--
-- Name: cms_page_cms_page_id_seq; Type: SEQUENCE; Schema: public; Owner: postgres
--

ALTER TABLE public.cms_page ALTER COLUMN cms_page_id ADD GENERATED ALWAYS AS IDENTITY (
    SEQUENCE NAME public.cms_page_cms_page_id_seq
    START WITH 1
    INCREMENT BY 1
    NO MINVALUE
    NO MAXVALUE
    CACHE 1
);


--
-- Name: cms_page_description; Type: TABLE; Schema: public; Owner: postgres
--

CREATE TABLE public.cms_page_description (
    cms_page_description_id integer NOT NULL,
    cms_page_description_cms_page_id integer,
    url_key character varying NOT NULL,
    name character varying NOT NULL,
    content text,
    meta_title character varying,
    meta_keywords character varying,
    meta_description text
);


ALTER TABLE public.cms_page_description OWNER TO postgres;

--
-- Name: cms_page_description_cms_page_description_id_seq; Type: SEQUENCE; Schema: public; Owner: postgres
--

ALTER TABLE public.cms_page_description ALTER COLUMN cms_page_description_id ADD GENERATED ALWAYS AS IDENTITY (
    SEQUENCE NAME public.cms_page_description_cms_page_description_id_seq
    START WITH 1
    INCREMENT BY 1
    NO MINVALUE
    NO MAXVALUE
    CACHE 1
);


--
-- Name: collection; Type: TABLE; Schema: public; Owner: postgres
--

CREATE TABLE public.collection (
    collection_id integer NOT NULL,
    uuid uuid DEFAULT gen_random_uuid() NOT NULL,
    name character varying NOT NULL,
    description text,
    code character varying NOT NULL,
    created_at timestamp with time zone DEFAULT CURRENT_TIMESTAMP,
    updated_at timestamp with time zone DEFAULT CURRENT_TIMESTAMP
);


ALTER TABLE public.collection OWNER TO postgres;

--
-- Name: collection_collection_id_seq; Type: SEQUENCE; Schema: public; Owner: postgres
--

ALTER TABLE public.collection ALTER COLUMN collection_id ADD GENERATED ALWAYS AS IDENTITY (
    SEQUENCE NAME public.collection_collection_id_seq
    START WITH 1
    INCREMENT BY 1
    NO MINVALUE
    NO MAXVALUE
    CACHE 1
);


--
-- Name: coupon; Type: TABLE; Schema: public; Owner: postgres
--

CREATE TABLE public.coupon (
    coupon_id integer NOT NULL,
    uuid uuid DEFAULT gen_random_uuid() NOT NULL,
    status boolean DEFAULT true NOT NULL,
    description character varying NOT NULL,
    discount_amount numeric(12,4) NOT NULL,
    free_shipping boolean DEFAULT false NOT NULL,
    discount_type character varying DEFAULT '1'::character varying NOT NULL,
    coupon character varying NOT NULL,
    used_time integer DEFAULT 0 NOT NULL,
    target_products jsonb,
    condition jsonb,
    user_condition jsonb,
    buyx_gety jsonb,
    max_uses_time_per_coupon integer,
    max_uses_time_per_customer integer,
    start_date timestamp with time zone,
    end_date timestamp with time zone,
    created_at timestamp with time zone DEFAULT CURRENT_TIMESTAMP,
    updated_at timestamp with time zone DEFAULT CURRENT_TIMESTAMP,
    CONSTRAINT "POSITIVE_DISCOUNT_AMOUNT" CHECK ((discount_amount >= (0)::numeric)),
    CONSTRAINT "VALID_PERCENTAGE_DISCOUNT" CHECK (((discount_amount <= (100)::numeric) OR ((discount_type)::text <> 'percentage'::text)))
);


ALTER TABLE public.coupon OWNER TO postgres;

--
-- Name: coupon_coupon_id_seq; Type: SEQUENCE; Schema: public; Owner: postgres
--

ALTER TABLE public.coupon ALTER COLUMN coupon_id ADD GENERATED ALWAYS AS IDENTITY (
    SEQUENCE NAME public.coupon_coupon_id_seq
    START WITH 1
    INCREMENT BY 1
    NO MINVALUE
    NO MAXVALUE
    CACHE 1
);


--
-- Name: customer; Type: TABLE; Schema: public; Owner: postgres
--

CREATE TABLE public.customer (
    customer_id integer NOT NULL,
    uuid uuid DEFAULT gen_random_uuid() NOT NULL,
    status smallint DEFAULT 1 NOT NULL,
    group_id integer DEFAULT 1,
    email character varying NOT NULL,
    password character varying NOT NULL,
    full_name character varying,
    created_at timestamp with time zone DEFAULT CURRENT_TIMESTAMP,
    updated_at timestamp with time zone DEFAULT CURRENT_TIMESTAMP
);


ALTER TABLE public.customer OWNER TO postgres;

--
-- Name: customer_address; Type: TABLE; Schema: public; Owner: postgres
--

CREATE TABLE public.customer_address (
    customer_address_id integer NOT NULL,
    uuid uuid DEFAULT gen_random_uuid() NOT NULL,
    customer_id integer NOT NULL,
    full_name character varying,
    telephone character varying,
    address_1 character varying,
    address_2 character varying,
    postcode character varying,
    city character varying,
    province character varying,
    country character varying NOT NULL,
    created_at timestamp with time zone DEFAULT CURRENT_TIMESTAMP,
    updated_at timestamp with time zone DEFAULT CURRENT_TIMESTAMP,
    is_default smallint
);


ALTER TABLE public.customer_address OWNER TO postgres;

--
-- Name: customer_address_customer_address_id_seq; Type: SEQUENCE; Schema: public; Owner: postgres
--

ALTER TABLE public.customer_address ALTER COLUMN customer_address_id ADD GENERATED ALWAYS AS IDENTITY (
    SEQUENCE NAME public.customer_address_customer_address_id_seq
    START WITH 1
    INCREMENT BY 1
    NO MINVALUE
    NO MAXVALUE
    CACHE 1
);


--
-- Name: customer_customer_id_seq; Type: SEQUENCE; Schema: public; Owner: postgres
--

ALTER TABLE public.customer ALTER COLUMN customer_id ADD GENERATED ALWAYS AS IDENTITY (
    SEQUENCE NAME public.customer_customer_id_seq
    START WITH 1
    INCREMENT BY 1
    NO MINVALUE
    NO MAXVALUE
    CACHE 1
);


--
-- Name: customer_group; Type: TABLE; Schema: public; Owner: postgres
--

CREATE TABLE public.customer_group (
    customer_group_id integer NOT NULL,
    uuid uuid DEFAULT gen_random_uuid() NOT NULL,
    group_name character varying NOT NULL,
    created_at timestamp with time zone DEFAULT CURRENT_TIMESTAMP,
    updated_at timestamp with time zone DEFAULT CURRENT_TIMESTAMP
);


ALTER TABLE public.customer_group OWNER TO postgres;

--
-- Name: customer_group_customer_group_id_seq; Type: SEQUENCE; Schema: public; Owner: postgres
--

ALTER TABLE public.customer_group ALTER COLUMN customer_group_id ADD GENERATED ALWAYS AS IDENTITY (
    SEQUENCE NAME public.customer_group_customer_group_id_seq
    START WITH 1
    INCREMENT BY 1
    NO MINVALUE
    NO MAXVALUE
    CACHE 1
);


--
-- Name: event; Type: TABLE; Schema: public; Owner: postgres
--

CREATE TABLE public.event (
    event_id integer NOT NULL,
    uuid uuid DEFAULT gen_random_uuid() NOT NULL,
    name character varying NOT NULL,
    data json,
    created_at timestamp with time zone DEFAULT CURRENT_TIMESTAMP
);


ALTER TABLE public.event OWNER TO postgres;

--
-- Name: event_event_id_seq; Type: SEQUENCE; Schema: public; Owner: postgres
--

ALTER TABLE public.event ALTER COLUMN event_id ADD GENERATED ALWAYS AS IDENTITY (
    SEQUENCE NAME public.event_event_id_seq
    START WITH 1
    INCREMENT BY 1
    NO MINVALUE
    NO MAXVALUE
    CACHE 1
);


--
-- Name: migration; Type: TABLE; Schema: public; Owner: postgres
--

CREATE TABLE public.migration (
    migration_id integer NOT NULL,
    module character varying NOT NULL,
    version character varying NOT NULL,
    created_at timestamp with time zone DEFAULT CURRENT_TIMESTAMP,
    updated_at timestamp with time zone DEFAULT CURRENT_TIMESTAMP
);


ALTER TABLE public.migration OWNER TO postgres;

--
-- Name: migration_migration_id_seq; Type: SEQUENCE; Schema: public; Owner: postgres
--

ALTER TABLE public.migration ALTER COLUMN migration_id ADD GENERATED ALWAYS AS IDENTITY (
    SEQUENCE NAME public.migration_migration_id_seq
    START WITH 1
    INCREMENT BY 1
    NO MINVALUE
    NO MAXVALUE
    CACHE 1
);


--
-- Name: order; Type: TABLE; Schema: public; Owner: postgres
--

CREATE TABLE public."order" (
    order_id integer NOT NULL,
    uuid uuid DEFAULT gen_random_uuid() NOT NULL,
    integration_order_id character varying,
    sid character varying,
    order_number character varying NOT NULL,
    cart_id integer NOT NULL,
    currency character varying NOT NULL,
    customer_id integer,
    customer_email character varying,
    customer_full_name character varying,
    user_ip character varying,
    user_agent character varying,
    coupon character varying,
    shipping_fee_excl_tax numeric(12,4) DEFAULT NULL::numeric,
    shipping_fee_incl_tax numeric(12,4) DEFAULT NULL::numeric,
    discount_amount numeric(12,4) DEFAULT NULL::numeric,
    sub_total numeric(12,4) NOT NULL,
    sub_total_incl_tax numeric(12,4) NOT NULL,
    total_qty integer NOT NULL,
    total_weight numeric(12,4) DEFAULT NULL::numeric,
    tax_amount numeric(12,4) NOT NULL,
    shipping_note text,
    grand_total numeric(12,4) NOT NULL,
    shipping_method character varying,
    shipping_method_name character varying,
    shipping_address_id integer,
    payment_method character varying,
    payment_method_name character varying,
    billing_address_id integer,
    shipment_status character varying,
    payment_status character varying,
    created_at timestamp with time zone DEFAULT CURRENT_TIMESTAMP,
    updated_at timestamp with time zone DEFAULT CURRENT_TIMESTAMP
);


ALTER TABLE public."order" OWNER TO postgres;

--
-- Name: order_activity; Type: TABLE; Schema: public; Owner: postgres
--

CREATE TABLE public.order_activity (
    order_activity_id integer NOT NULL,
    uuid uuid DEFAULT gen_random_uuid() NOT NULL,
    order_activity_order_id integer NOT NULL,
    comment text NOT NULL,
    customer_notified boolean DEFAULT false NOT NULL,
    created_at timestamp with time zone DEFAULT CURRENT_TIMESTAMP,
    updated_at timestamp with time zone DEFAULT CURRENT_TIMESTAMP
);


ALTER TABLE public.order_activity OWNER TO postgres;

--
-- Name: order_activity_order_activity_id_seq; Type: SEQUENCE; Schema: public; Owner: postgres
--

ALTER TABLE public.order_activity ALTER COLUMN order_activity_id ADD GENERATED ALWAYS AS IDENTITY (
    SEQUENCE NAME public.order_activity_order_activity_id_seq
    START WITH 1
    INCREMENT BY 1
    NO MINVALUE
    NO MAXVALUE
    CACHE 1
);


--
-- Name: order_address; Type: TABLE; Schema: public; Owner: postgres
--

CREATE TABLE public.order_address (
    order_address_id integer NOT NULL,
    uuid uuid DEFAULT gen_random_uuid() NOT NULL,
    full_name character varying,
    postcode character varying,
    telephone character varying,
    country character varying,
    province character varying,
    city character varying,
    address_1 character varying,
    address_2 character varying
);


ALTER TABLE public.order_address OWNER TO postgres;

--
-- Name: order_address_order_address_id_seq; Type: SEQUENCE; Schema: public; Owner: postgres
--

ALTER TABLE public.order_address ALTER COLUMN order_address_id ADD GENERATED ALWAYS AS IDENTITY (
    SEQUENCE NAME public.order_address_order_address_id_seq
    START WITH 1
    INCREMENT BY 1
    NO MINVALUE
    NO MAXVALUE
    CACHE 1
);


--
-- Name: order_item; Type: TABLE; Schema: public; Owner: postgres
--

CREATE TABLE public.order_item (
    order_item_id integer NOT NULL,
    uuid uuid DEFAULT gen_random_uuid() NOT NULL,
    order_item_order_id integer NOT NULL,
    product_id integer NOT NULL,
    referer integer,
    product_sku character varying NOT NULL,
    product_name text NOT NULL,
    thumbnail character varying,
    product_weight numeric(12,4) DEFAULT NULL::numeric,
    product_price numeric(12,4) NOT NULL,
    product_price_incl_tax numeric(12,4) NOT NULL,
    qty integer NOT NULL,
    final_price numeric(12,4) NOT NULL,
    final_price_incl_tax numeric(12,4) NOT NULL,
    tax_percent numeric(12,4) NOT NULL,
    tax_amount numeric(12,4) NOT NULL,
    discount_amount numeric(12,4) NOT NULL,
    sub_total numeric(12,4) NOT NULL,
    total numeric(12,4) NOT NULL,
    variant_group_id integer,
    variant_options text,
    product_custom_options text,
    requested_data text
);


ALTER TABLE public.order_item OWNER TO postgres;

--
-- Name: order_item_order_item_id_seq; Type: SEQUENCE; Schema: public; Owner: postgres
--

ALTER TABLE public.order_item ALTER COLUMN order_item_id ADD GENERATED ALWAYS AS IDENTITY (
    SEQUENCE NAME public.order_item_order_item_id_seq
    START WITH 1
    INCREMENT BY 1
    NO MINVALUE
    NO MAXVALUE
    CACHE 1
);


--
-- Name: order_order_id_seq; Type: SEQUENCE; Schema: public; Owner: postgres
--

ALTER TABLE public."order" ALTER COLUMN order_id ADD GENERATED ALWAYS AS IDENTITY (
    SEQUENCE NAME public.order_order_id_seq
    START WITH 1
    INCREMENT BY 1
    NO MINVALUE
    NO MAXVALUE
    CACHE 1
);


--
-- Name: payment_transaction; Type: TABLE; Schema: public; Owner: postgres
--

CREATE TABLE public.payment_transaction (
    payment_transaction_id integer NOT NULL,
    uuid uuid DEFAULT gen_random_uuid() NOT NULL,
    payment_transaction_order_id integer NOT NULL,
    transaction_id character varying,
    transaction_type character varying NOT NULL,
    amount numeric(12,4) NOT NULL,
    parent_transaction_id character varying,
    payment_action character varying,
    additional_information text,
    created_at timestamp with time zone DEFAULT CURRENT_TIMESTAMP
);


ALTER TABLE public.payment_transaction OWNER TO postgres;

--
-- Name: payment_transaction_payment_transaction_id_seq; Type: SEQUENCE; Schema: public; Owner: postgres
--

ALTER TABLE public.payment_transaction ALTER COLUMN payment_transaction_id ADD GENERATED ALWAYS AS IDENTITY (
    SEQUENCE NAME public.payment_transaction_payment_transaction_id_seq
    START WITH 1
    INCREMENT BY 1
    NO MINVALUE
    NO MAXVALUE
    CACHE 1
);


--
-- Name: product; Type: TABLE; Schema: public; Owner: postgres
--

CREATE TABLE public.product (
    product_id integer NOT NULL,
    uuid uuid DEFAULT gen_random_uuid() NOT NULL,
    type character varying DEFAULT 'simple'::character varying NOT NULL,
    variant_group_id integer,
    visibility boolean DEFAULT true NOT NULL,
    group_id integer DEFAULT 1,
    sku character varying NOT NULL,
    price numeric(12,4) NOT NULL,
    weight numeric(12,4) DEFAULT NULL::numeric,
    tax_class smallint,
    status boolean DEFAULT false NOT NULL,
    created_at timestamp with time zone DEFAULT CURRENT_TIMESTAMP,
    updated_at timestamp with time zone DEFAULT CURRENT_TIMESTAMP,
    category_id integer,
    CONSTRAINT "UNSIGNED_PRICE" CHECK ((price >= (0)::numeric)),
    CONSTRAINT "UNSIGNED_WEIGHT" CHECK ((weight >= (0)::numeric))
);


ALTER TABLE public.product OWNER TO postgres;

--
-- Name: product_attribute_value_index; Type: TABLE; Schema: public; Owner: postgres
--

CREATE TABLE public.product_attribute_value_index (
    product_attribute_value_index_id integer NOT NULL,
    product_id integer NOT NULL,
    attribute_id integer NOT NULL,
    option_id integer,
    option_text text
);


ALTER TABLE public.product_attribute_value_index OWNER TO postgres;

--
-- Name: product_attribute_value_index_product_attribute_value_index_seq; Type: SEQUENCE; Schema: public; Owner: postgres
--

ALTER TABLE public.product_attribute_value_index ALTER COLUMN product_attribute_value_index_id ADD GENERATED ALWAYS AS IDENTITY (
    SEQUENCE NAME public.product_attribute_value_index_product_attribute_value_index_seq
    START WITH 1
    INCREMENT BY 1
    NO MINVALUE
    NO MAXVALUE
    CACHE 1
);


--
-- Name: product_collection; Type: TABLE; Schema: public; Owner: postgres
--

CREATE TABLE public.product_collection (
    product_collection_id integer NOT NULL,
    collection_id integer NOT NULL,
    product_id integer NOT NULL
);


ALTER TABLE public.product_collection OWNER TO postgres;

--
-- Name: product_collection_product_collection_id_seq; Type: SEQUENCE; Schema: public; Owner: postgres
--

ALTER TABLE public.product_collection ALTER COLUMN product_collection_id ADD GENERATED ALWAYS AS IDENTITY (
    SEQUENCE NAME public.product_collection_product_collection_id_seq
    START WITH 1
    INCREMENT BY 1
    NO MINVALUE
    NO MAXVALUE
    CACHE 1
);


--
-- Name: product_custom_option; Type: TABLE; Schema: public; Owner: postgres
--

CREATE TABLE public.product_custom_option (
    product_custom_option_id integer NOT NULL,
    uuid uuid DEFAULT gen_random_uuid() NOT NULL,
    product_custom_option_product_id integer NOT NULL,
    option_name character varying NOT NULL,
    option_type character varying NOT NULL,
    is_required boolean DEFAULT false NOT NULL,
    sort_order integer
);


ALTER TABLE public.product_custom_option OWNER TO postgres;

--
-- Name: product_custom_option_product_custom_option_id_seq; Type: SEQUENCE; Schema: public; Owner: postgres
--

ALTER TABLE public.product_custom_option ALTER COLUMN product_custom_option_id ADD GENERATED ALWAYS AS IDENTITY (
    SEQUENCE NAME public.product_custom_option_product_custom_option_id_seq
    START WITH 1
    INCREMENT BY 1
    NO MINVALUE
    NO MAXVALUE
    CACHE 1
);


--
-- Name: product_custom_option_value; Type: TABLE; Schema: public; Owner: postgres
--

CREATE TABLE public.product_custom_option_value (
    product_custom_option_value_id integer NOT NULL,
    uuid uuid DEFAULT gen_random_uuid() NOT NULL,
    option_id integer NOT NULL,
    extra_price numeric(12,4) DEFAULT NULL::numeric,
    sort_order integer,
    value character varying NOT NULL
);


ALTER TABLE public.product_custom_option_value OWNER TO postgres;

--
-- Name: product_custom_option_value_product_custom_option_value_id_seq; Type: SEQUENCE; Schema: public; Owner: postgres
--

ALTER TABLE public.product_custom_option_value ALTER COLUMN product_custom_option_value_id ADD GENERATED ALWAYS AS IDENTITY (
    SEQUENCE NAME public.product_custom_option_value_product_custom_option_value_id_seq
    START WITH 1
    INCREMENT BY 1
    NO MINVALUE
    NO MAXVALUE
    CACHE 1
);


--
-- Name: product_description; Type: TABLE; Schema: public; Owner: postgres
--

CREATE TABLE public.product_description (
    product_description_id integer NOT NULL,
    product_description_product_id integer NOT NULL,
    name character varying NOT NULL,
    description text,
    short_description text,
    url_key character varying NOT NULL,
    meta_title text,
    meta_description text,
    meta_keywords text
);


ALTER TABLE public.product_description OWNER TO postgres;

--
-- Name: product_description_product_description_id_seq; Type: SEQUENCE; Schema: public; Owner: postgres
--

ALTER TABLE public.product_description ALTER COLUMN product_description_id ADD GENERATED ALWAYS AS IDENTITY (
    SEQUENCE NAME public.product_description_product_description_id_seq
    START WITH 1
    INCREMENT BY 1
    NO MINVALUE
    NO MAXVALUE
    CACHE 1
);


--
-- Name: product_image; Type: TABLE; Schema: public; Owner: postgres
--

CREATE TABLE public.product_image (
    product_image_id integer NOT NULL,
    product_image_product_id integer NOT NULL,
    origin_image character varying NOT NULL,
    thumb_image text,
    listing_image text,
    single_image text,
    is_main boolean DEFAULT false
);


ALTER TABLE public.product_image OWNER TO postgres;

--
-- Name: product_image_product_image_id_seq; Type: SEQUENCE; Schema: public; Owner: postgres
--

ALTER TABLE public.product_image ALTER COLUMN product_image_id ADD GENERATED ALWAYS AS IDENTITY (
    SEQUENCE NAME public.product_image_product_image_id_seq
    START WITH 1
    INCREMENT BY 1
    NO MINVALUE
    NO MAXVALUE
    CACHE 1
);


--
-- Name: product_inventory; Type: TABLE; Schema: public; Owner: postgres
--

CREATE TABLE public.product_inventory (
    product_inventory_id integer NOT NULL,
    product_inventory_product_id integer NOT NULL,
    qty integer DEFAULT 0 NOT NULL,
    manage_stock boolean DEFAULT false NOT NULL,
    stock_availability boolean DEFAULT false NOT NULL
);


ALTER TABLE public.product_inventory OWNER TO postgres;

--
-- Name: product_inventory_product_inventory_id_seq; Type: SEQUENCE; Schema: public; Owner: postgres
--

ALTER TABLE public.product_inventory ALTER COLUMN product_inventory_id ADD GENERATED ALWAYS AS IDENTITY (
    SEQUENCE NAME public.product_inventory_product_inventory_id_seq
    START WITH 1
    INCREMENT BY 1
    NO MINVALUE
    NO MAXVALUE
    CACHE 1
);


--
-- Name: product_product_id_seq; Type: SEQUENCE; Schema: public; Owner: postgres
--

ALTER TABLE public.product ALTER COLUMN product_id ADD GENERATED ALWAYS AS IDENTITY (
    SEQUENCE NAME public.product_product_id_seq
    START WITH 1
    INCREMENT BY 1
    NO MINVALUE
    NO MAXVALUE
    CACHE 1
);


--
-- Name: reset_password_token; Type: TABLE; Schema: public; Owner: postgres
--

CREATE TABLE public.reset_password_token (
    reset_password_token_id integer NOT NULL,
    customer_id integer NOT NULL,
    token text NOT NULL,
    created_at timestamp with time zone DEFAULT now() NOT NULL
);


ALTER TABLE public.reset_password_token OWNER TO postgres;

--
-- Name: reset_password_token_reset_password_token_id_seq; Type: SEQUENCE; Schema: public; Owner: postgres
--

ALTER TABLE public.reset_password_token ALTER COLUMN reset_password_token_id ADD GENERATED ALWAYS AS IDENTITY (
    SEQUENCE NAME public.reset_password_token_reset_password_token_id_seq
    START WITH 1
    INCREMENT BY 1
    NO MINVALUE
    NO MAXVALUE
    CACHE 1
);


--
-- Name: session; Type: TABLE; Schema: public; Owner: postgres
--

CREATE TABLE public.session (
    sid character varying NOT NULL,
    sess json NOT NULL,
    expire timestamp(6) without time zone NOT NULL
);


ALTER TABLE public.session OWNER TO postgres;

--
-- Name: setting; Type: TABLE; Schema: public; Owner: postgres
--

CREATE TABLE public.setting (
    setting_id integer NOT NULL,
    uuid uuid DEFAULT gen_random_uuid() NOT NULL,
    name character varying NOT NULL,
    value text,
    is_json boolean DEFAULT false NOT NULL
);


ALTER TABLE public.setting OWNER TO postgres;

--
-- Name: setting_setting_id_seq; Type: SEQUENCE; Schema: public; Owner: postgres
--

ALTER TABLE public.setting ALTER COLUMN setting_id ADD GENERATED ALWAYS AS IDENTITY (
    SEQUENCE NAME public.setting_setting_id_seq
    START WITH 1
    INCREMENT BY 1
    NO MINVALUE
    NO MAXVALUE
    CACHE 1
);


--
-- Name: shipment; Type: TABLE; Schema: public; Owner: postgres
--

CREATE TABLE public.shipment (
    shipment_id integer NOT NULL,
    uuid uuid DEFAULT gen_random_uuid() NOT NULL,
    shipment_order_id integer NOT NULL,
    carrier character varying,
    tracking_number character varying,
    created_at timestamp with time zone DEFAULT CURRENT_TIMESTAMP,
    updated_at timestamp with time zone DEFAULT CURRENT_TIMESTAMP
);


ALTER TABLE public.shipment OWNER TO postgres;

--
-- Name: shipment_shipment_id_seq; Type: SEQUENCE; Schema: public; Owner: postgres
--

ALTER TABLE public.shipment ALTER COLUMN shipment_id ADD GENERATED ALWAYS AS IDENTITY (
    SEQUENCE NAME public.shipment_shipment_id_seq
    START WITH 1
    INCREMENT BY 1
    NO MINVALUE
    NO MAXVALUE
    CACHE 1
);


--
-- Name: shipping_method; Type: TABLE; Schema: public; Owner: postgres
--

CREATE TABLE public.shipping_method (
    shipping_method_id integer NOT NULL,
    uuid uuid DEFAULT gen_random_uuid() NOT NULL,
    name character varying NOT NULL
);


ALTER TABLE public.shipping_method OWNER TO postgres;

--
-- Name: shipping_method_shipping_method_id_seq; Type: SEQUENCE; Schema: public; Owner: postgres
--

ALTER TABLE public.shipping_method ALTER COLUMN shipping_method_id ADD GENERATED ALWAYS AS IDENTITY (
    SEQUENCE NAME public.shipping_method_shipping_method_id_seq
    START WITH 1
    INCREMENT BY 1
    NO MINVALUE
    NO MAXVALUE
    CACHE 1
);


--
-- Name: shipping_zone; Type: TABLE; Schema: public; Owner: postgres
--

CREATE TABLE public.shipping_zone (
    shipping_zone_id integer NOT NULL,
    uuid uuid DEFAULT gen_random_uuid() NOT NULL,
    name character varying NOT NULL,
    country character varying NOT NULL
);


ALTER TABLE public.shipping_zone OWNER TO postgres;

--
-- Name: shipping_zone_method; Type: TABLE; Schema: public; Owner: postgres
--

CREATE TABLE public.shipping_zone_method (
    shipping_zone_method_id integer NOT NULL,
    method_id integer NOT NULL,
    zone_id integer NOT NULL,
    is_enabled boolean DEFAULT true NOT NULL,
    cost numeric(12,4) DEFAULT NULL::numeric,
    calculate_api character varying,
    condition_type character varying,
    max numeric(12,4) DEFAULT NULL::numeric,
    min numeric(12,4) DEFAULT NULL::numeric,
    CONSTRAINT "CALCULATE API MUST BE PROVIDE IF COST IS NULL" CHECK (((cost IS NOT NULL) OR (calculate_api IS NOT NULL))),
    CONSTRAINT "CONDITION_TYPE_MUST_BE_PRICE_OR_WEIGHT" CHECK (((condition_type IS NULL) OR ((condition_type)::text = ANY ((ARRAY['price'::character varying, 'weight'::character varying])::text[]))))
);


ALTER TABLE public.shipping_zone_method OWNER TO postgres;

--
-- Name: shipping_zone_method_shipping_zone_method_id_seq; Type: SEQUENCE; Schema: public; Owner: postgres
--

ALTER TABLE public.shipping_zone_method ALTER COLUMN shipping_zone_method_id ADD GENERATED ALWAYS AS IDENTITY (
    SEQUENCE NAME public.shipping_zone_method_shipping_zone_method_id_seq
    START WITH 1
    INCREMENT BY 1
    NO MINVALUE
    NO MAXVALUE
    CACHE 1
);


--
-- Name: shipping_zone_province; Type: TABLE; Schema: public; Owner: postgres
--

CREATE TABLE public.shipping_zone_province (
    shipping_zone_province_id integer NOT NULL,
    uuid uuid DEFAULT gen_random_uuid() NOT NULL,
    zone_id integer NOT NULL,
    province character varying NOT NULL
);


ALTER TABLE public.shipping_zone_province OWNER TO postgres;

--
-- Name: shipping_zone_province_shipping_zone_province_id_seq; Type: SEQUENCE; Schema: public; Owner: postgres
--

ALTER TABLE public.shipping_zone_province ALTER COLUMN shipping_zone_province_id ADD GENERATED ALWAYS AS IDENTITY (
    SEQUENCE NAME public.shipping_zone_province_shipping_zone_province_id_seq
    START WITH 1
    INCREMENT BY 1
    NO MINVALUE
    NO MAXVALUE
    CACHE 1
);


--
-- Name: shipping_zone_shipping_zone_id_seq; Type: SEQUENCE; Schema: public; Owner: postgres
--

ALTER TABLE public.shipping_zone ALTER COLUMN shipping_zone_id ADD GENERATED ALWAYS AS IDENTITY (
    SEQUENCE NAME public.shipping_zone_shipping_zone_id_seq
    START WITH 1
    INCREMENT BY 1
    NO MINVALUE
    NO MAXVALUE
    CACHE 1
);


--
-- Name: tax_class; Type: TABLE; Schema: public; Owner: postgres
--

CREATE TABLE public.tax_class (
    tax_class_id integer NOT NULL,
    uuid uuid DEFAULT gen_random_uuid() NOT NULL,
    name character varying NOT NULL
);


ALTER TABLE public.tax_class OWNER TO postgres;

--
-- Name: tax_class_tax_class_id_seq; Type: SEQUENCE; Schema: public; Owner: postgres
--

ALTER TABLE public.tax_class ALTER COLUMN tax_class_id ADD GENERATED ALWAYS AS IDENTITY (
    SEQUENCE NAME public.tax_class_tax_class_id_seq
    START WITH 1
    INCREMENT BY 1
    NO MINVALUE
    NO MAXVALUE
    CACHE 1
);


--
-- Name: tax_rate; Type: TABLE; Schema: public; Owner: postgres
--

CREATE TABLE public.tax_rate (
    tax_rate_id integer NOT NULL,
    uuid uuid DEFAULT gen_random_uuid() NOT NULL,
    name character varying NOT NULL,
    tax_class_id integer,
    country character varying DEFAULT '*'::character varying NOT NULL,
    province character varying DEFAULT '*'::character varying NOT NULL,
    postcode character varying DEFAULT '*'::character varying NOT NULL,
    rate numeric(12,4) NOT NULL,
    is_compound boolean DEFAULT false NOT NULL,
    priority integer NOT NULL,
    CONSTRAINT "UNSIGNED_PRIORITY" CHECK ((priority >= 0)),
    CONSTRAINT "UNSIGNED_RATE" CHECK ((rate >= (0)::numeric))
);


ALTER TABLE public.tax_rate OWNER TO postgres;

--
-- Name: tax_rate_tax_rate_id_seq; Type: SEQUENCE; Schema: public; Owner: postgres
--

ALTER TABLE public.tax_rate ALTER COLUMN tax_rate_id ADD GENERATED ALWAYS AS IDENTITY (
    SEQUENCE NAME public.tax_rate_tax_rate_id_seq
    START WITH 1
    INCREMENT BY 1
    NO MINVALUE
    NO MAXVALUE
    CACHE 1
);


--
-- Name: url_rewrite; Type: TABLE; Schema: public; Owner: postgres
--

CREATE TABLE public.url_rewrite (
    url_rewrite_id integer NOT NULL,
    language character varying DEFAULT 'en'::character varying NOT NULL,
    request_path character varying NOT NULL,
    target_path character varying NOT NULL,
    entity_uuid uuid,
    entity_type character varying
);


ALTER TABLE public.url_rewrite OWNER TO postgres;

--
-- Name: url_rewrite_url_rewrite_id_seq; Type: SEQUENCE; Schema: public; Owner: postgres
--

ALTER TABLE public.url_rewrite ALTER COLUMN url_rewrite_id ADD GENERATED ALWAYS AS IDENTITY (
    SEQUENCE NAME public.url_rewrite_url_rewrite_id_seq
    START WITH 1
    INCREMENT BY 1
    NO MINVALUE
    NO MAXVALUE
    CACHE 1
);


--
-- Name: variant_group; Type: TABLE; Schema: public; Owner: postgres
--

CREATE TABLE public.variant_group (
    variant_group_id integer NOT NULL,
    uuid uuid DEFAULT gen_random_uuid() NOT NULL,
    attribute_group_id integer NOT NULL,
    attribute_one integer,
    attribute_two integer,
    attribute_three integer,
    attribute_four integer,
    attribute_five integer,
    visibility boolean DEFAULT false NOT NULL
);


ALTER TABLE public.variant_group OWNER TO postgres;

--
-- Name: variant_group_variant_group_id_seq; Type: SEQUENCE; Schema: public; Owner: postgres
--

ALTER TABLE public.variant_group ALTER COLUMN variant_group_id ADD GENERATED ALWAYS AS IDENTITY (
    SEQUENCE NAME public.variant_group_variant_group_id_seq
    START WITH 1
    INCREMENT BY 1
    NO MINVALUE
    NO MAXVALUE
    CACHE 1
);


--
-- Data for Name: admin_user; Type: TABLE DATA; Schema: public; Owner: postgres
--

COPY public.admin_user (admin_user_id, uuid, status, email, password, full_name, created_at, updated_at) FROM stdin;
1	bca79546-ccb1-447b-8f4e-dd925f178404	t	admin@admin.com	$2a$10$BwYR1gWOwthSx2MXRN8tTe4f59md3Kfi7er01FcXuwFIoeMBWs/5K	Admin	2023-12-13 21:43:50.960566+00	2023-12-13 21:43:50.960566+00
\.


--
-- Data for Name: attribute; Type: TABLE DATA; Schema: public; Owner: postgres
--

COPY public.attribute (attribute_id, uuid, attribute_code, attribute_name, type, is_required, display_on_frontend, sort_order, is_filterable) FROM stdin;
1	2ea70633-aa62-406f-92ea-f8b305446a20	color	Color	select	f	t	0	t
2	b40218f2-00ce-4805-9f71-b0cf217abed1	size	Size	select	f	t	0	t
\.


--
-- Data for Name: attribute_group; Type: TABLE DATA; Schema: public; Owner: postgres
--

COPY public.attribute_group (attribute_group_id, uuid, group_name, created_at, updated_at) FROM stdin;
1	e8b5f1ef-e85d-4839-86c2-7aa433252a46	Default	2023-12-13 21:48:27.60651+00	2023-12-13 21:48:27.60651+00
\.


--
-- Data for Name: attribute_group_link; Type: TABLE DATA; Schema: public; Owner: postgres
--

COPY public.attribute_group_link (attribute_group_link_id, attribute_id, group_id) FROM stdin;
1	1	1
2	2	1
\.


--
-- Data for Name: attribute_option; Type: TABLE DATA; Schema: public; Owner: postgres
--

COPY public.attribute_option (attribute_option_id, uuid, attribute_id, attribute_code, option_text) FROM stdin;
1	8011b909-9d0c-4d8d-ab7d-c520ffc56cf4	1	color	White
2	388c6c0e-e8df-47ad-a8cf-546a119e4b40	1	color	Black
3	703d8bb4-ec0a-43d4-a600-59f941d70ef3	1	color	Yellow
4	2bd2d2be-fbe2-42e2-90c6-94f1e557f24b	2	size	XXL
5	4d589cb7-05f2-41fa-ab83-8278d531c4a1	2	size	XL
6	7bb6078f-c2cb-4f77-95f4-2a2162f7494c	2	size	SM
\.


--
-- Data for Name: cart; Type: TABLE DATA; Schema: public; Owner: postgres
--

COPY public.cart (cart_id, uuid, sid, currency, customer_id, customer_group_id, customer_email, customer_full_name, user_ip, status, coupon, shipping_fee_excl_tax, shipping_fee_incl_tax, discount_amount, sub_total, sub_total_incl_tax, total_qty, total_weight, tax_amount, grand_total, shipping_method, shipping_method_name, shipping_zone_id, shipping_address_id, payment_method, payment_method_name, billing_address_id, shipping_note, created_at, updated_at) FROM stdin;
\.


--
-- Data for Name: cart_address; Type: TABLE DATA; Schema: public; Owner: postgres
--

COPY public.cart_address (cart_address_id, uuid, full_name, postcode, telephone, country, province, city, address_1, address_2) FROM stdin;
\.


--
-- Data for Name: cart_item; Type: TABLE DATA; Schema: public; Owner: postgres
--

COPY public.cart_item (cart_item_id, uuid, cart_id, product_id, product_sku, product_name, thumbnail, product_weight, product_price, product_price_incl_tax, qty, final_price, final_price_incl_tax, tax_percent, tax_amount, discount_amount, sub_total, total, variant_group_id, variant_options, product_custom_options, created_at, updated_at) FROM stdin;
\.


--
-- Data for Name: category; Type: TABLE DATA; Schema: public; Owner: postgres
--

COPY public.category (category_id, uuid, status, parent_id, include_in_nav, "position", created_at, updated_at) FROM stdin;
1	f0aaab21-fcf9-4ed1-966a-e6fb8d879b6e	t	\N	t	\N	2023-12-13 21:48:27.60651+00	2023-12-13 21:48:27.60651+00
2	0ab3d512-1551-4f3e-a0cc-1199a2a044e2	t	\N	t	\N	2023-12-13 21:48:27.60651+00	2023-12-13 21:48:27.60651+00
3	4e30a5be-8e5e-4b2d-974c-47cf150c3a7a	t	\N	t	\N	2023-12-13 21:48:27.60651+00	2023-12-13 21:48:27.60651+00
\.


--
-- Data for Name: category_description; Type: TABLE DATA; Schema: public; Owner: postgres
--

COPY public.category_description (category_description_id, category_description_category_id, name, short_description, description, image, meta_title, meta_keywords, meta_description, url_key) FROM stdin;
1	1	Kids	\N	Kids	\N	Kids	Kids	Kids	kids
2	2	Women	\N	Women	\N	Women	Women	Women	women
3	3	Men	\N	Men	\N	Men	Men	Men	men
\.


--
-- Data for Name: cms_page; Type: TABLE DATA; Schema: public; Owner: postgres
--

COPY public.cms_page (cms_page_id, uuid, layout, status, created_at, updated_at) FROM stdin;
\.


--
-- Data for Name: cms_page_description; Type: TABLE DATA; Schema: public; Owner: postgres
--

COPY public.cms_page_description (cms_page_description_id, cms_page_description_cms_page_id, url_key, name, content, meta_title, meta_keywords, meta_description) FROM stdin;
\.


--
-- Data for Name: collection; Type: TABLE DATA; Schema: public; Owner: postgres
--

COPY public.collection (collection_id, uuid, name, description, code, created_at, updated_at) FROM stdin;
1	6ffdc5dd-ad68-4c85-b4e3-e373ca1c9273	Featured Products	\N	homepage	2023-12-13 21:48:27.933478+00	2023-12-13 21:48:27.933478+00
\.


--
-- Data for Name: coupon; Type: TABLE DATA; Schema: public; Owner: postgres
--

COPY public.coupon (coupon_id, uuid, status, description, discount_amount, free_shipping, discount_type, coupon, used_time, target_products, condition, user_condition, buyx_gety, max_uses_time_per_coupon, max_uses_time_per_customer, start_date, end_date, created_at, updated_at) FROM stdin;
\.


--
-- Data for Name: customer; Type: TABLE DATA; Schema: public; Owner: postgres
--

COPY public.customer (customer_id, uuid, status, group_id, email, password, full_name, created_at, updated_at) FROM stdin;
1	a9790e7a-c813-4749-81c9-4e1009cb0766	1	1	admin@example.com	$2a$10$OMbEsr4k3LnR1fERBhlxtOmyFxPqmo//EuMATZMK9lIbc4RwqhJ8K	wwwwwww	2023-12-13 21:52:18.658253+00	2023-12-13 21:52:18.658253+00
\.


--
-- Data for Name: customer_address; Type: TABLE DATA; Schema: public; Owner: postgres
--

COPY public.customer_address (customer_address_id, uuid, customer_id, full_name, telephone, address_1, address_2, postcode, city, province, country, created_at, updated_at, is_default) FROM stdin;
\.


--
-- Data for Name: customer_group; Type: TABLE DATA; Schema: public; Owner: postgres
--

COPY public.customer_group (customer_group_id, uuid, group_name, created_at, updated_at) FROM stdin;
1	446dc2c7-ead0-40f1-9645-ad7ab443c01b	Default	2023-12-13 21:48:28.244014+00	2023-12-13 21:48:28.244014+00
\.


--
-- Data for Name: event; Type: TABLE DATA; Schema: public; Owner: postgres
--

COPY public.event (event_id, uuid, name, data, created_at) FROM stdin;
8	cdc57f8e-41a5-49da-8022-9307c997ff5e	customer_created	{"customer_id":1,"uuid":"a9790e7a-c813-4749-81c9-4e1009cb0766","status":1,"group_id":1,"email":"admin@example.com","password":"$2a$10$OMbEsr4k3LnR1fERBhlxtOmyFxPqmo//EuMATZMK9lIbc4RwqhJ8K","full_name":"wwwwwww","created_at":"2023-12-13T21:52:18.658253+00:00","updated_at":"2023-12-13T21:52:18.658253+00:00"}	2023-12-13 21:52:18.658253+00
9	ae5f5283-4f25-4f02-8c15-e9d0c2bb87a8	customer_registered	{"customer_id":1,"uuid":"a9790e7a-c813-4749-81c9-4e1009cb0766","status":1,"group_id":1,"email":"admin@example.com","full_name":"wwwwwww","created_at":"2023-12-13T21:52:18.658Z","updated_at":"2023-12-13T21:52:18.658Z","insertId":1}	2023-12-13 21:52:18.844848+00
\.


--
-- Data for Name: migration; Type: TABLE DATA; Schema: public; Owner: postgres
--

COPY public.migration (migration_id, module, version, created_at, updated_at) FROM stdin;
1	auth	1.0.1	2023-12-13 21:48:27.534564+00	2023-12-13 21:48:27.534564+00
3	base	1.0.1	2023-12-13 21:48:27.587698+00	2023-12-13 21:48:27.587698+00
4	catalog	1.0.6	2023-12-13 21:48:27.60651+00	2023-12-13 21:48:27.60651+00
11	checkout	1.0.4	2023-12-13 21:48:28.054066+00	2023-12-13 21:48:28.054066+00
16	cms	1.0.0	2023-12-13 21:48:28.221332+00	2023-12-13 21:48:28.221332+00
17	customer	1.0.2	2023-12-13 21:48:28.244014+00	2023-12-13 21:48:28.244014+00
20	oms	1.0.0	2023-12-13 21:48:28.308186+00	2023-12-13 21:48:28.308186+00
21	promotion	1.0.1	2023-12-13 21:48:28.322675+00	2023-12-13 21:48:28.322675+00
23	setting	1.0.0	2023-12-13 21:48:28.378584+00	2023-12-13 21:48:28.378584+00
24	tax	1.0.0	2023-12-13 21:48:28.39359+00	2023-12-13 21:48:28.39359+00
\.


--
-- Data for Name: order; Type: TABLE DATA; Schema: public; Owner: postgres
--

COPY public."order" (order_id, uuid, integration_order_id, sid, order_number, cart_id, currency, customer_id, customer_email, customer_full_name, user_ip, user_agent, coupon, shipping_fee_excl_tax, shipping_fee_incl_tax, discount_amount, sub_total, sub_total_incl_tax, total_qty, total_weight, tax_amount, shipping_note, grand_total, shipping_method, shipping_method_name, shipping_address_id, payment_method, payment_method_name, billing_address_id, shipment_status, payment_status, created_at, updated_at) FROM stdin;
\.


--
-- Data for Name: order_activity; Type: TABLE DATA; Schema: public; Owner: postgres
--

COPY public.order_activity (order_activity_id, uuid, order_activity_order_id, comment, customer_notified, created_at, updated_at) FROM stdin;
\.


--
-- Data for Name: order_address; Type: TABLE DATA; Schema: public; Owner: postgres
--

COPY public.order_address (order_address_id, uuid, full_name, postcode, telephone, country, province, city, address_1, address_2) FROM stdin;
\.


--
-- Data for Name: order_item; Type: TABLE DATA; Schema: public; Owner: postgres
--

COPY public.order_item (order_item_id, uuid, order_item_order_id, product_id, referer, product_sku, product_name, thumbnail, product_weight, product_price, product_price_incl_tax, qty, final_price, final_price_incl_tax, tax_percent, tax_amount, discount_amount, sub_total, total, variant_group_id, variant_options, product_custom_options, requested_data) FROM stdin;
\.


--
-- Data for Name: payment_transaction; Type: TABLE DATA; Schema: public; Owner: postgres
--

COPY public.payment_transaction (payment_transaction_id, uuid, payment_transaction_order_id, transaction_id, transaction_type, amount, parent_transaction_id, payment_action, additional_information, created_at) FROM stdin;
\.


--
-- Data for Name: product; Type: TABLE DATA; Schema: public; Owner: postgres
--

COPY public.product (product_id, uuid, type, variant_group_id, visibility, group_id, sku, price, weight, tax_class, status, created_at, updated_at, category_id) FROM stdin;
1	0e44341d-ad3f-469c-bdc4-b5c43f0b1479	simple	\N	t	1	FMD-12345	100.0000	100.0000	\N	t	2023-12-13 21:48:27.933478+00	2023-12-13 21:48:27.933478+00	\N
2	dd28fecb-0f80-4b74-8d82-27def47714e3	simple	\N	t	1	CLL-98765	120.0000	120.0000	\N	t	2023-12-13 21:48:27.933478+00	2023-12-13 21:48:27.933478+00	\N
3	76c297e5-1b6a-4955-8725-f95e8940790a	simple	\N	t	1	DSJ-54321	120.0000	120.0000	\N	t	2023-12-13 21:48:27.933478+00	2023-12-13 21:48:27.933478+00	\N
4	136cf546-6007-42c4-84ff-6420d27578cb	simple	\N	t	1	SCS-24680	90.0000	90.0000	\N	t	2023-12-13 21:48:27.933478+00	2023-12-13 21:48:27.933478+00	\N
\.


--
-- Data for Name: product_attribute_value_index; Type: TABLE DATA; Schema: public; Owner: postgres
--

COPY public.product_attribute_value_index (product_attribute_value_index_id, product_id, attribute_id, option_id, option_text) FROM stdin;
\.


--
-- Data for Name: product_collection; Type: TABLE DATA; Schema: public; Owner: postgres
--

COPY public.product_collection (product_collection_id, collection_id, product_id) FROM stdin;
1	1	1
2	1	2
3	1	3
4	1	4
\.


--
-- Data for Name: product_custom_option; Type: TABLE DATA; Schema: public; Owner: postgres
--

COPY public.product_custom_option (product_custom_option_id, uuid, product_custom_option_product_id, option_name, option_type, is_required, sort_order) FROM stdin;
\.


--
-- Data for Name: product_custom_option_value; Type: TABLE DATA; Schema: public; Owner: postgres
--

COPY public.product_custom_option_value (product_custom_option_value_id, uuid, option_id, extra_price, sort_order, value) FROM stdin;
\.


--
-- Data for Name: product_description; Type: TABLE DATA; Schema: public; Owner: postgres
--

COPY public.product_description (product_description_id, product_description_product_id, name, description, short_description, url_key, meta_title, meta_description, meta_keywords) FROM stdin;
1	1	Floral Maxi Dress	Embrace the beauty of nature with our Floral Maxi Dress. This flowing dress features a stunning floral pattern that captures the essence of a blossoming garden. The lightweight fabric ensures comfort and breathability, making it perfect for both casual outings and special occasions. The dress is designed with a cinched waist and a v-neckline for a flattering silhouette. Elevate your style with this elegant and vibrant piece.	\N	floral-maxi-dress	Floral Maxi Dress	Floral Maxi Dress	Floral Maxi Dress
2	2	Classic Leather Loafers	Step into timeless elegance with our Classic Leather Loafers. Crafted from premium genuine leather, these loafers offer both style and comfort. The traditional design features a sleek and simple silhouette that pairs effortlessly with both formal and casual attire. The cushioned insole provides all-day support, making these loafers a versatile addition to your footwear collection.	\N	classic-leather-loafers	Classic Leather Loafers	Classic Leather Loafers	Classic Leather Loafers
3	3	Denim Skinny Jeans	Experience the perfect blend of style and comfort with our Denim Skinny Jeans. These jeans are designed to hug your curves while allowing for ease of movement. The high-quality denim fabric offers durability and a flattering fit. The classic five-pocket design adds a touch of versatility, making these jeans a wardrobe staple for various occasions.	\N	denim-skinny-jeans	Denim Skinny Jeans	Denim Skinny Jeans	Denim Skinny Jeans
4	4	Striped Cotton Sweater	Stay cozy and chic with our Striped Cotton Sweater. This lightweight sweater features a timeless striped pattern that adds a pop of style to your outfit. The breathable cotton fabric makes it an excellent choice for layering during transitional seasons. The relaxed fit and ribbed cuffs ensure a comfortable and flattering look, whether you're lounging at home or going out for a casual day.	\N	striped-cotton-sweater	Striped Cotton Sweater	Striped Cotton Sweater	Striped Cotton Sweater
\.


--
-- Data for Name: product_image; Type: TABLE DATA; Schema: public; Owner: postgres
--

COPY public.product_image (product_image_id, product_image_product_id, origin_image, thumb_image, listing_image, single_image, is_main) FROM stdin;
\.


--
-- Data for Name: product_inventory; Type: TABLE DATA; Schema: public; Owner: postgres
--

COPY public.product_inventory (product_inventory_id, product_inventory_product_id, qty, manage_stock, stock_availability) FROM stdin;
1	1	100	t	t
2	2	120	t	t
3	3	90	t	t
4	4	150	t	t
\.


--
-- Data for Name: reset_password_token; Type: TABLE DATA; Schema: public; Owner: postgres
--

COPY public.reset_password_token (reset_password_token_id, customer_id, token, created_at) FROM stdin;
\.


--
-- Data for Name: session; Type: TABLE DATA; Schema: public; Owner: postgres
--

COPY public.session (sid, sess, expire) FROM stdin;
_DatrrkHSCQFyoxLBTGjGQB6mCywjbJn	{"cookie":{"originalMaxAge":86400000,"expires":"2023-12-14T21:48:31.750Z","secure":false,"httpOnly":true,"path":"/"},"customerID":1}	2023-12-14 21:52:20
\.


--
-- Data for Name: setting; Type: TABLE DATA; Schema: public; Owner: postgres
--

COPY public.setting (setting_id, uuid, name, value, is_json) FROM stdin;
\.


--
-- Data for Name: shipment; Type: TABLE DATA; Schema: public; Owner: postgres
--

COPY public.shipment (shipment_id, uuid, shipment_order_id, carrier, tracking_number, created_at, updated_at) FROM stdin;
\.


--
-- Data for Name: shipping_method; Type: TABLE DATA; Schema: public; Owner: postgres
--

COPY public.shipping_method (shipping_method_id, uuid, name) FROM stdin;
\.


--
-- Data for Name: shipping_zone; Type: TABLE DATA; Schema: public; Owner: postgres
--

COPY public.shipping_zone (shipping_zone_id, uuid, name, country) FROM stdin;
\.


--
-- Data for Name: shipping_zone_method; Type: TABLE DATA; Schema: public; Owner: postgres
--

COPY public.shipping_zone_method (shipping_zone_method_id, method_id, zone_id, is_enabled, cost, calculate_api, condition_type, max, min) FROM stdin;
\.


--
-- Data for Name: shipping_zone_province; Type: TABLE DATA; Schema: public; Owner: postgres
--

COPY public.shipping_zone_province (shipping_zone_province_id, uuid, zone_id, province) FROM stdin;
\.


--
-- Data for Name: tax_class; Type: TABLE DATA; Schema: public; Owner: postgres
--

COPY public.tax_class (tax_class_id, uuid, name) FROM stdin;
1	e37cba8e-d38c-43d0-960c-cf105b4f58cc	Taxable Goods
\.


--
-- Data for Name: tax_rate; Type: TABLE DATA; Schema: public; Owner: postgres
--

COPY public.tax_rate (tax_rate_id, uuid, name, tax_class_id, country, province, postcode, rate, is_compound, priority) FROM stdin;
1	e59dae3b-caa7-405b-b6bc-e2cc0eafb2b3	Tax	1	*	*	*	0.0000	f	0
\.


--
-- Data for Name: url_rewrite; Type: TABLE DATA; Schema: public; Owner: postgres
--

COPY public.url_rewrite (url_rewrite_id, language, request_path, target_path, entity_uuid, entity_type) FROM stdin;
1	en	/kids	/category/f0aaab21-fcf9-4ed1-966a-e6fb8d879b6e	f0aaab21-fcf9-4ed1-966a-e6fb8d879b6e	category
2	en	/classic-leather-loafers	/product/dd28fecb-0f80-4b74-8d82-27def47714e3	dd28fecb-0f80-4b74-8d82-27def47714e3	product
3	en	/floral-maxi-dress	/product/0e44341d-ad3f-469c-bdc4-b5c43f0b1479	0e44341d-ad3f-469c-bdc4-b5c43f0b1479	product
4	en	/striped-cotton-sweater	/product/136cf546-6007-42c4-84ff-6420d27578cb	136cf546-6007-42c4-84ff-6420d27578cb	product
5	en	/women	/category/0ab3d512-1551-4f3e-a0cc-1199a2a044e2	0ab3d512-1551-4f3e-a0cc-1199a2a044e2	category
6	en	/men	/category/4e30a5be-8e5e-4b2d-974c-47cf150c3a7a	4e30a5be-8e5e-4b2d-974c-47cf150c3a7a	category
7	en	/denim-skinny-jeans	/product/76c297e5-1b6a-4955-8725-f95e8940790a	76c297e5-1b6a-4955-8725-f95e8940790a	product
\.


--
-- Data for Name: variant_group; Type: TABLE DATA; Schema: public; Owner: postgres
--

COPY public.variant_group (variant_group_id, uuid, attribute_group_id, attribute_one, attribute_two, attribute_three, attribute_four, attribute_five, visibility) FROM stdin;
\.


--
-- Name: admin_user_admin_user_id_seq; Type: SEQUENCE SET; Schema: public; Owner: postgres
--

SELECT pg_catalog.setval('public.admin_user_admin_user_id_seq', 1, true);


--
-- Name: attribute_attribute_id_seq; Type: SEQUENCE SET; Schema: public; Owner: postgres
--

SELECT pg_catalog.setval('public.attribute_attribute_id_seq', 2, true);


--
-- Name: attribute_group_attribute_group_id_seq; Type: SEQUENCE SET; Schema: public; Owner: postgres
--

SELECT pg_catalog.setval('public.attribute_group_attribute_group_id_seq', 1, true);


--
-- Name: attribute_group_link_attribute_group_link_id_seq; Type: SEQUENCE SET; Schema: public; Owner: postgres
--

SELECT pg_catalog.setval('public.attribute_group_link_attribute_group_link_id_seq', 2, true);


--
-- Name: attribute_option_attribute_option_id_seq; Type: SEQUENCE SET; Schema: public; Owner: postgres
--

SELECT pg_catalog.setval('public.attribute_option_attribute_option_id_seq', 6, true);


--
-- Name: cart_address_cart_address_id_seq; Type: SEQUENCE SET; Schema: public; Owner: postgres
--

SELECT pg_catalog.setval('public.cart_address_cart_address_id_seq', 1, false);


--
-- Name: cart_cart_id_seq; Type: SEQUENCE SET; Schema: public; Owner: postgres
--

SELECT pg_catalog.setval('public.cart_cart_id_seq', 1, false);


--
-- Name: cart_item_cart_item_id_seq; Type: SEQUENCE SET; Schema: public; Owner: postgres
--

SELECT pg_catalog.setval('public.cart_item_cart_item_id_seq', 1, false);


--
-- Name: category_category_id_seq; Type: SEQUENCE SET; Schema: public; Owner: postgres
--

SELECT pg_catalog.setval('public.category_category_id_seq', 3, true);


--
-- Name: category_description_category_description_id_seq; Type: SEQUENCE SET; Schema: public; Owner: postgres
--

SELECT pg_catalog.setval('public.category_description_category_description_id_seq', 3, true);


--
-- Name: cms_page_cms_page_id_seq; Type: SEQUENCE SET; Schema: public; Owner: postgres
--

SELECT pg_catalog.setval('public.cms_page_cms_page_id_seq', 1, false);


--
-- Name: cms_page_description_cms_page_description_id_seq; Type: SEQUENCE SET; Schema: public; Owner: postgres
--

SELECT pg_catalog.setval('public.cms_page_description_cms_page_description_id_seq', 1, false);


--
-- Name: collection_collection_id_seq; Type: SEQUENCE SET; Schema: public; Owner: postgres
--

SELECT pg_catalog.setval('public.collection_collection_id_seq', 1, true);


--
-- Name: coupon_coupon_id_seq; Type: SEQUENCE SET; Schema: public; Owner: postgres
--

SELECT pg_catalog.setval('public.coupon_coupon_id_seq', 1, false);


--
-- Name: customer_address_customer_address_id_seq; Type: SEQUENCE SET; Schema: public; Owner: postgres
--

SELECT pg_catalog.setval('public.customer_address_customer_address_id_seq', 1, false);


--
-- Name: customer_customer_id_seq; Type: SEQUENCE SET; Schema: public; Owner: postgres
--

SELECT pg_catalog.setval('public.customer_customer_id_seq', 1, true);


--
-- Name: customer_group_customer_group_id_seq; Type: SEQUENCE SET; Schema: public; Owner: postgres
--

SELECT pg_catalog.setval('public.customer_group_customer_group_id_seq', 1, true);


--
-- Name: event_event_id_seq; Type: SEQUENCE SET; Schema: public; Owner: postgres
--

SELECT pg_catalog.setval('public.event_event_id_seq', 9, true);


--
-- Name: migration_migration_id_seq; Type: SEQUENCE SET; Schema: public; Owner: postgres
--

SELECT pg_catalog.setval('public.migration_migration_id_seq', 24, true);


--
-- Name: order_activity_order_activity_id_seq; Type: SEQUENCE SET; Schema: public; Owner: postgres
--

SELECT pg_catalog.setval('public.order_activity_order_activity_id_seq', 1, false);


--
-- Name: order_address_order_address_id_seq; Type: SEQUENCE SET; Schema: public; Owner: postgres
--

SELECT pg_catalog.setval('public.order_address_order_address_id_seq', 1, false);


--
-- Name: order_item_order_item_id_seq; Type: SEQUENCE SET; Schema: public; Owner: postgres
--

SELECT pg_catalog.setval('public.order_item_order_item_id_seq', 1, false);


--
-- Name: order_order_id_seq; Type: SEQUENCE SET; Schema: public; Owner: postgres
--

SELECT pg_catalog.setval('public.order_order_id_seq', 1, false);


--
-- Name: payment_transaction_payment_transaction_id_seq; Type: SEQUENCE SET; Schema: public; Owner: postgres
--

SELECT pg_catalog.setval('public.payment_transaction_payment_transaction_id_seq', 1, false);


--
-- Name: product_attribute_value_index_product_attribute_value_index_seq; Type: SEQUENCE SET; Schema: public; Owner: postgres
--

SELECT pg_catalog.setval('public.product_attribute_value_index_product_attribute_value_index_seq', 1, false);


--
-- Name: product_collection_product_collection_id_seq; Type: SEQUENCE SET; Schema: public; Owner: postgres
--

SELECT pg_catalog.setval('public.product_collection_product_collection_id_seq', 4, true);


--
-- Name: product_custom_option_product_custom_option_id_seq; Type: SEQUENCE SET; Schema: public; Owner: postgres
--

SELECT pg_catalog.setval('public.product_custom_option_product_custom_option_id_seq', 1, false);


--
-- Name: product_custom_option_value_product_custom_option_value_id_seq; Type: SEQUENCE SET; Schema: public; Owner: postgres
--

SELECT pg_catalog.setval('public.product_custom_option_value_product_custom_option_value_id_seq', 1, false);


--
-- Name: product_description_product_description_id_seq; Type: SEQUENCE SET; Schema: public; Owner: postgres
--

SELECT pg_catalog.setval('public.product_description_product_description_id_seq', 4, true);


--
-- Name: product_image_product_image_id_seq; Type: SEQUENCE SET; Schema: public; Owner: postgres
--

SELECT pg_catalog.setval('public.product_image_product_image_id_seq', 1, false);


--
-- Name: product_inventory_product_inventory_id_seq; Type: SEQUENCE SET; Schema: public; Owner: postgres
--

SELECT pg_catalog.setval('public.product_inventory_product_inventory_id_seq', 4, true);


--
-- Name: product_product_id_seq; Type: SEQUENCE SET; Schema: public; Owner: postgres
--

SELECT pg_catalog.setval('public.product_product_id_seq', 4, true);


--
-- Name: reset_password_token_reset_password_token_id_seq; Type: SEQUENCE SET; Schema: public; Owner: postgres
--

SELECT pg_catalog.setval('public.reset_password_token_reset_password_token_id_seq', 1, false);


--
-- Name: setting_setting_id_seq; Type: SEQUENCE SET; Schema: public; Owner: postgres
--

SELECT pg_catalog.setval('public.setting_setting_id_seq', 1, false);


--
-- Name: shipment_shipment_id_seq; Type: SEQUENCE SET; Schema: public; Owner: postgres
--

SELECT pg_catalog.setval('public.shipment_shipment_id_seq', 1, false);


--
-- Name: shipping_method_shipping_method_id_seq; Type: SEQUENCE SET; Schema: public; Owner: postgres
--

SELECT pg_catalog.setval('public.shipping_method_shipping_method_id_seq', 1, false);


--
-- Name: shipping_zone_method_shipping_zone_method_id_seq; Type: SEQUENCE SET; Schema: public; Owner: postgres
--

SELECT pg_catalog.setval('public.shipping_zone_method_shipping_zone_method_id_seq', 1, false);


--
-- Name: shipping_zone_province_shipping_zone_province_id_seq; Type: SEQUENCE SET; Schema: public; Owner: postgres
--

SELECT pg_catalog.setval('public.shipping_zone_province_shipping_zone_province_id_seq', 1, false);


--
-- Name: shipping_zone_shipping_zone_id_seq; Type: SEQUENCE SET; Schema: public; Owner: postgres
--

SELECT pg_catalog.setval('public.shipping_zone_shipping_zone_id_seq', 1, false);


--
-- Name: tax_class_tax_class_id_seq; Type: SEQUENCE SET; Schema: public; Owner: postgres
--

SELECT pg_catalog.setval('public.tax_class_tax_class_id_seq', 1, true);


--
-- Name: tax_rate_tax_rate_id_seq; Type: SEQUENCE SET; Schema: public; Owner: postgres
--

SELECT pg_catalog.setval('public.tax_rate_tax_rate_id_seq', 1, true);


--
-- Name: url_rewrite_url_rewrite_id_seq; Type: SEQUENCE SET; Schema: public; Owner: postgres
--

SELECT pg_catalog.setval('public.url_rewrite_url_rewrite_id_seq', 7, true);


--
-- Name: variant_group_variant_group_id_seq; Type: SEQUENCE SET; Schema: public; Owner: postgres
--

SELECT pg_catalog.setval('public.variant_group_variant_group_id_seq', 1, false);


--
-- Name: admin_user ADMIN_USER_EMAIL_UNIQUE; Type: CONSTRAINT; Schema: public; Owner: postgres
--

ALTER TABLE ONLY public.admin_user
    ADD CONSTRAINT "ADMIN_USER_EMAIL_UNIQUE" UNIQUE (email);


--
-- Name: admin_user ADMIN_USER_UUID_UNIQUE; Type: CONSTRAINT; Schema: public; Owner: postgres
--

ALTER TABLE ONLY public.admin_user
    ADD CONSTRAINT "ADMIN_USER_UUID_UNIQUE" UNIQUE (uuid);


--
-- Name: attribute ATTRIBUTE_CODE_UNIQUE; Type: CONSTRAINT; Schema: public; Owner: postgres
--

ALTER TABLE ONLY public.attribute
    ADD CONSTRAINT "ATTRIBUTE_CODE_UNIQUE" UNIQUE (attribute_code);


--
-- Name: attribute ATTRIBUTE_CODE_UUID_UNIQUE; Type: CONSTRAINT; Schema: public; Owner: postgres
--

ALTER TABLE ONLY public.attribute
    ADD CONSTRAINT "ATTRIBUTE_CODE_UUID_UNIQUE" UNIQUE (uuid);


--
-- Name: attribute_group_link ATTRIBUTE_GROUP_LINK_UNIQUE; Type: CONSTRAINT; Schema: public; Owner: postgres
--

ALTER TABLE ONLY public.attribute_group_link
    ADD CONSTRAINT "ATTRIBUTE_GROUP_LINK_UNIQUE" UNIQUE (attribute_id, group_id);


--
-- Name: attribute_group ATTRIBUTE_GROUP_UUID_UNIQUE; Type: CONSTRAINT; Schema: public; Owner: postgres
--

ALTER TABLE ONLY public.attribute_group
    ADD CONSTRAINT "ATTRIBUTE_GROUP_UUID_UNIQUE" UNIQUE (uuid);


--
-- Name: attribute_option ATTRIBUTE_OPTION_UUID_UNIQUE; Type: CONSTRAINT; Schema: public; Owner: postgres
--

ALTER TABLE ONLY public.attribute_option
    ADD CONSTRAINT "ATTRIBUTE_OPTION_UUID_UNIQUE" UNIQUE (uuid);


--
-- Name: cart_address CART_ADDRESS_UUID_UNIQUE; Type: CONSTRAINT; Schema: public; Owner: postgres
--

ALTER TABLE ONLY public.cart_address
    ADD CONSTRAINT "CART_ADDRESS_UUID_UNIQUE" UNIQUE (uuid);


--
-- Name: cart_item CART_ITEM_UUID_UNIQUE; Type: CONSTRAINT; Schema: public; Owner: postgres
--

ALTER TABLE ONLY public.cart_item
    ADD CONSTRAINT "CART_ITEM_UUID_UNIQUE" UNIQUE (uuid);


--
-- Name: cart CART_UUID_UNIQUE; Type: CONSTRAINT; Schema: public; Owner: postgres
--

ALTER TABLE ONLY public.cart
    ADD CONSTRAINT "CART_UUID_UNIQUE" UNIQUE (uuid);


--
-- Name: category_description CATEGORY_ID_UNIQUE; Type: CONSTRAINT; Schema: public; Owner: postgres
--

ALTER TABLE ONLY public.category_description
    ADD CONSTRAINT "CATEGORY_ID_UNIQUE" UNIQUE (category_description_category_id);


--
-- Name: category_description CATEGORY_URL_KEY_UNIQUE; Type: CONSTRAINT; Schema: public; Owner: postgres
--

ALTER TABLE ONLY public.category_description
    ADD CONSTRAINT "CATEGORY_URL_KEY_UNIQUE" UNIQUE (url_key);


--
-- Name: category CATEGORY_UUID_UNIQUE; Type: CONSTRAINT; Schema: public; Owner: postgres
--

ALTER TABLE ONLY public.category
    ADD CONSTRAINT "CATEGORY_UUID_UNIQUE" UNIQUE (uuid);


--
-- Name: cms_page CMS_PAGE_UUID; Type: CONSTRAINT; Schema: public; Owner: postgres
--

ALTER TABLE ONLY public.cms_page
    ADD CONSTRAINT "CMS_PAGE_UUID" UNIQUE (uuid);


--
-- Name: collection COLLECTION_CODE_UNIQUE; Type: CONSTRAINT; Schema: public; Owner: postgres
--

ALTER TABLE ONLY public.collection
    ADD CONSTRAINT "COLLECTION_CODE_UNIQUE" UNIQUE (code);


--
-- Name: collection COLLECTION_UUID_UNIQUE; Type: CONSTRAINT; Schema: public; Owner: postgres
--

ALTER TABLE ONLY public.collection
    ADD CONSTRAINT "COLLECTION_UUID_UNIQUE" UNIQUE (uuid);


--
-- Name: coupon COUPON_UNIQUE; Type: CONSTRAINT; Schema: public; Owner: postgres
--

ALTER TABLE ONLY public.coupon
    ADD CONSTRAINT "COUPON_UNIQUE" UNIQUE (coupon);


--
-- Name: coupon COUPON_UUID_UNIQUE; Type: CONSTRAINT; Schema: public; Owner: postgres
--

ALTER TABLE ONLY public.coupon
    ADD CONSTRAINT "COUPON_UUID_UNIQUE" UNIQUE (uuid);


--
-- Name: customer_address CUSTOMER_ADDRESS_UUID_UNIQUE; Type: CONSTRAINT; Schema: public; Owner: postgres
--

ALTER TABLE ONLY public.customer_address
    ADD CONSTRAINT "CUSTOMER_ADDRESS_UUID_UNIQUE" UNIQUE (uuid);


--
-- Name: customer CUSTOMER_UUID_UNIQUE; Type: CONSTRAINT; Schema: public; Owner: postgres
--

ALTER TABLE ONLY public.customer
    ADD CONSTRAINT "CUSTOMER_UUID_UNIQUE" UNIQUE (uuid);


--
-- Name: customer EMAIL_UNIQUE; Type: CONSTRAINT; Schema: public; Owner: postgres
--

ALTER TABLE ONLY public.customer
    ADD CONSTRAINT "EMAIL_UNIQUE" UNIQUE (email);


--
-- Name: event EVENT_UUID; Type: CONSTRAINT; Schema: public; Owner: postgres
--

ALTER TABLE ONLY public.event
    ADD CONSTRAINT "EVENT_UUID" UNIQUE (uuid);


--
-- Name: shipping_zone_method METHOD_ZONE_UNIQUE; Type: CONSTRAINT; Schema: public; Owner: postgres
--

ALTER TABLE ONLY public.shipping_zone_method
    ADD CONSTRAINT "METHOD_ZONE_UNIQUE" UNIQUE (zone_id, method_id);


--
-- Name: migration MODULE_UNIQUE; Type: CONSTRAINT; Schema: public; Owner: postgres
--

ALTER TABLE ONLY public.migration
    ADD CONSTRAINT "MODULE_UNIQUE" UNIQUE (module);


--
-- Name: product_attribute_value_index OPTION_VALUE_UNIQUE; Type: CONSTRAINT; Schema: public; Owner: postgres
--

ALTER TABLE ONLY public.product_attribute_value_index
    ADD CONSTRAINT "OPTION_VALUE_UNIQUE" UNIQUE (product_id, attribute_id, option_id);


--
-- Name: order_activity ORDER_ACTIVITY_UUID_UNIQUE; Type: CONSTRAINT; Schema: public; Owner: postgres
--

ALTER TABLE ONLY public.order_activity
    ADD CONSTRAINT "ORDER_ACTIVITY_UUID_UNIQUE" UNIQUE (uuid);


--
-- Name: order_address ORDER_ADDRESS_UUID_UNIQUE; Type: CONSTRAINT; Schema: public; Owner: postgres
--

ALTER TABLE ONLY public.order_address
    ADD CONSTRAINT "ORDER_ADDRESS_UUID_UNIQUE" UNIQUE (uuid);


--
-- Name: order_item ORDER_ITEM_UUID_UNIQUE; Type: CONSTRAINT; Schema: public; Owner: postgres
--

ALTER TABLE ONLY public.order_item
    ADD CONSTRAINT "ORDER_ITEM_UUID_UNIQUE" UNIQUE (uuid);


--
-- Name: order ORDER_NUMBER_UNIQUE; Type: CONSTRAINT; Schema: public; Owner: postgres
--

ALTER TABLE ONLY public."order"
    ADD CONSTRAINT "ORDER_NUMBER_UNIQUE" UNIQUE (order_number);


--
-- Name: order ORDER_UUID_UNIQUE; Type: CONSTRAINT; Schema: public; Owner: postgres
--

ALTER TABLE ONLY public."order"
    ADD CONSTRAINT "ORDER_UUID_UNIQUE" UNIQUE (uuid);


--
-- Name: cms_page_description PAGE_ID_UNIQUE; Type: CONSTRAINT; Schema: public; Owner: postgres
--

ALTER TABLE ONLY public.cms_page_description
    ADD CONSTRAINT "PAGE_ID_UNIQUE" UNIQUE (cms_page_description_cms_page_id);


--
-- Name: payment_transaction PAYMENT_TRANSACTION_UUID_UNIQUE; Type: CONSTRAINT; Schema: public; Owner: postgres
--

ALTER TABLE ONLY public.payment_transaction
    ADD CONSTRAINT "PAYMENT_TRANSACTION_UUID_UNIQUE" UNIQUE (uuid);


--
-- Name: product_collection PRODUCT_COLLECTION_UNIQUE; Type: CONSTRAINT; Schema: public; Owner: postgres
--

ALTER TABLE ONLY public.product_collection
    ADD CONSTRAINT "PRODUCT_COLLECTION_UNIQUE" UNIQUE (collection_id, product_id);


--
-- Name: product_custom_option PRODUCT_CUSTOM_OPTION_UUID_UNIQUE; Type: CONSTRAINT; Schema: public; Owner: postgres
--

ALTER TABLE ONLY public.product_custom_option
    ADD CONSTRAINT "PRODUCT_CUSTOM_OPTION_UUID_UNIQUE" UNIQUE (uuid);


--
-- Name: product_custom_option_value PRODUCT_CUSTOM_OPTION_VALUE_UUID_UNIQUE; Type: CONSTRAINT; Schema: public; Owner: postgres
--

ALTER TABLE ONLY public.product_custom_option_value
    ADD CONSTRAINT "PRODUCT_CUSTOM_OPTION_VALUE_UUID_UNIQUE" UNIQUE (uuid);


--
-- Name: product_description PRODUCT_ID_UNIQUE; Type: CONSTRAINT; Schema: public; Owner: postgres
--

ALTER TABLE ONLY public.product_description
    ADD CONSTRAINT "PRODUCT_ID_UNIQUE" UNIQUE (product_description_product_id);


--
-- Name: product_inventory PRODUCT_INVENTORY_PRODUCT_ID_UNIQUE; Type: CONSTRAINT; Schema: public; Owner: postgres
--

ALTER TABLE ONLY public.product_inventory
    ADD CONSTRAINT "PRODUCT_INVENTORY_PRODUCT_ID_UNIQUE" UNIQUE (product_inventory_product_id);


--
-- Name: product PRODUCT_SKU_UNIQUE; Type: CONSTRAINT; Schema: public; Owner: postgres
--

ALTER TABLE ONLY public.product
    ADD CONSTRAINT "PRODUCT_SKU_UNIQUE" UNIQUE (sku);


--
-- Name: product_description PRODUCT_URL_KEY_UNIQUE; Type: CONSTRAINT; Schema: public; Owner: postgres
--

ALTER TABLE ONLY public.product_description
    ADD CONSTRAINT "PRODUCT_URL_KEY_UNIQUE" UNIQUE (url_key);


--
-- Name: product PRODUCT_UUID_UNIQUE; Type: CONSTRAINT; Schema: public; Owner: postgres
--

ALTER TABLE ONLY public.product
    ADD CONSTRAINT "PRODUCT_UUID_UNIQUE" UNIQUE (uuid);


--
-- Name: session SESSION_PKEY; Type: CONSTRAINT; Schema: public; Owner: postgres
--

ALTER TABLE ONLY public.session
    ADD CONSTRAINT "SESSION_PKEY" PRIMARY KEY (sid);


--
-- Name: setting SETTING_NAME_UNIQUE; Type: CONSTRAINT; Schema: public; Owner: postgres
--

ALTER TABLE ONLY public.setting
    ADD CONSTRAINT "SETTING_NAME_UNIQUE" UNIQUE (name);


--
-- Name: setting SETTING_UUID_UNIQUE; Type: CONSTRAINT; Schema: public; Owner: postgres
--

ALTER TABLE ONLY public.setting
    ADD CONSTRAINT "SETTING_UUID_UNIQUE" UNIQUE (uuid);


--
-- Name: shipment SHIPMENT_UUID_UNIQUE; Type: CONSTRAINT; Schema: public; Owner: postgres
--

ALTER TABLE ONLY public.shipment
    ADD CONSTRAINT "SHIPMENT_UUID_UNIQUE" UNIQUE (uuid);


--
-- Name: shipping_method SHIPPING_METHOD_NAME_UNIQUE; Type: CONSTRAINT; Schema: public; Owner: postgres
--

ALTER TABLE ONLY public.shipping_method
    ADD CONSTRAINT "SHIPPING_METHOD_NAME_UNIQUE" UNIQUE (name);


--
-- Name: shipping_method SHIPPING_METHOD_UUID_UNIQUE; Type: CONSTRAINT; Schema: public; Owner: postgres
--

ALTER TABLE ONLY public.shipping_method
    ADD CONSTRAINT "SHIPPING_METHOD_UUID_UNIQUE" UNIQUE (uuid);


--
-- Name: shipping_zone_province SHIPPING_ZONE_PROVINCE_PROVINCE_UNIQUE; Type: CONSTRAINT; Schema: public; Owner: postgres
--

ALTER TABLE ONLY public.shipping_zone_province
    ADD CONSTRAINT "SHIPPING_ZONE_PROVINCE_PROVINCE_UNIQUE" UNIQUE (province);


--
-- Name: shipping_zone_province SHIPPING_ZONE_PROVINCE_UUID_UNIQUE; Type: CONSTRAINT; Schema: public; Owner: postgres
--

ALTER TABLE ONLY public.shipping_zone_province
    ADD CONSTRAINT "SHIPPING_ZONE_PROVINCE_UUID_UNIQUE" UNIQUE (uuid);


--
-- Name: shipping_zone SHIPPING_ZONE_UUID_UNIQUE; Type: CONSTRAINT; Schema: public; Owner: postgres
--

ALTER TABLE ONLY public.shipping_zone
    ADD CONSTRAINT "SHIPPING_ZONE_UUID_UNIQUE" UNIQUE (uuid);


--
-- Name: tax_class TAX_CLASS_UUID_UNIQUE; Type: CONSTRAINT; Schema: public; Owner: postgres
--

ALTER TABLE ONLY public.tax_class
    ADD CONSTRAINT "TAX_CLASS_UUID_UNIQUE" UNIQUE (uuid);


--
-- Name: tax_rate TAX_RATE_PRIORITY_UNIQUE; Type: CONSTRAINT; Schema: public; Owner: postgres
--

ALTER TABLE ONLY public.tax_rate
    ADD CONSTRAINT "TAX_RATE_PRIORITY_UNIQUE" UNIQUE (priority, tax_class_id);


--
-- Name: tax_rate TAX_RATE_UUID_UNIQUE; Type: CONSTRAINT; Schema: public; Owner: postgres
--

ALTER TABLE ONLY public.tax_rate
    ADD CONSTRAINT "TAX_RATE_UUID_UNIQUE" UNIQUE (uuid);


--
-- Name: payment_transaction UNQ_PAYMENT_TRANSACTION_ID_ORDER_ID; Type: CONSTRAINT; Schema: public; Owner: postgres
--

ALTER TABLE ONLY public.payment_transaction
    ADD CONSTRAINT "UNQ_PAYMENT_TRANSACTION_ID_ORDER_ID" UNIQUE (payment_transaction_order_id, transaction_id);


--
-- Name: cms_page_description URL_KEY_UNIQUE; Type: CONSTRAINT; Schema: public; Owner: postgres
--

ALTER TABLE ONLY public.cms_page_description
    ADD CONSTRAINT "URL_KEY_UNIQUE" UNIQUE (url_key);


--
-- Name: url_rewrite URL_REWRITE_PATH_UNIQUE; Type: CONSTRAINT; Schema: public; Owner: postgres
--

ALTER TABLE ONLY public.url_rewrite
    ADD CONSTRAINT "URL_REWRITE_PATH_UNIQUE" UNIQUE (language, entity_uuid);


--
-- Name: variant_group VARIANT_GROUP_UUID_UNIQUE; Type: CONSTRAINT; Schema: public; Owner: postgres
--

ALTER TABLE ONLY public.variant_group
    ADD CONSTRAINT "VARIANT_GROUP_UUID_UNIQUE" UNIQUE (uuid);


--
-- Name: admin_user admin_user_pkey; Type: CONSTRAINT; Schema: public; Owner: postgres
--

ALTER TABLE ONLY public.admin_user
    ADD CONSTRAINT admin_user_pkey PRIMARY KEY (admin_user_id);


--
-- Name: attribute_group_link attribute_group_link_pkey; Type: CONSTRAINT; Schema: public; Owner: postgres
--

ALTER TABLE ONLY public.attribute_group_link
    ADD CONSTRAINT attribute_group_link_pkey PRIMARY KEY (attribute_group_link_id);


--
-- Name: attribute_group attribute_group_pkey; Type: CONSTRAINT; Schema: public; Owner: postgres
--

ALTER TABLE ONLY public.attribute_group
    ADD CONSTRAINT attribute_group_pkey PRIMARY KEY (attribute_group_id);


--
-- Name: attribute_option attribute_option_pkey; Type: CONSTRAINT; Schema: public; Owner: postgres
--

ALTER TABLE ONLY public.attribute_option
    ADD CONSTRAINT attribute_option_pkey PRIMARY KEY (attribute_option_id);


--
-- Name: attribute attribute_pkey; Type: CONSTRAINT; Schema: public; Owner: postgres
--

ALTER TABLE ONLY public.attribute
    ADD CONSTRAINT attribute_pkey PRIMARY KEY (attribute_id);


--
-- Name: cart_address cart_address_pkey; Type: CONSTRAINT; Schema: public; Owner: postgres
--

ALTER TABLE ONLY public.cart_address
    ADD CONSTRAINT cart_address_pkey PRIMARY KEY (cart_address_id);


--
-- Name: cart_item cart_item_pkey; Type: CONSTRAINT; Schema: public; Owner: postgres
--

ALTER TABLE ONLY public.cart_item
    ADD CONSTRAINT cart_item_pkey PRIMARY KEY (cart_item_id);


--
-- Name: cart cart_pkey; Type: CONSTRAINT; Schema: public; Owner: postgres
--

ALTER TABLE ONLY public.cart
    ADD CONSTRAINT cart_pkey PRIMARY KEY (cart_id);


--
-- Name: category_description category_description_pkey; Type: CONSTRAINT; Schema: public; Owner: postgres
--

ALTER TABLE ONLY public.category_description
    ADD CONSTRAINT category_description_pkey PRIMARY KEY (category_description_id);


--
-- Name: category category_pkey; Type: CONSTRAINT; Schema: public; Owner: postgres
--

ALTER TABLE ONLY public.category
    ADD CONSTRAINT category_pkey PRIMARY KEY (category_id);


--
-- Name: cms_page_description cms_page_description_pkey; Type: CONSTRAINT; Schema: public; Owner: postgres
--

ALTER TABLE ONLY public.cms_page_description
    ADD CONSTRAINT cms_page_description_pkey PRIMARY KEY (cms_page_description_id);


--
-- Name: cms_page cms_page_pkey; Type: CONSTRAINT; Schema: public; Owner: postgres
--

ALTER TABLE ONLY public.cms_page
    ADD CONSTRAINT cms_page_pkey PRIMARY KEY (cms_page_id);


--
-- Name: collection collection_pkey; Type: CONSTRAINT; Schema: public; Owner: postgres
--

ALTER TABLE ONLY public.collection
    ADD CONSTRAINT collection_pkey PRIMARY KEY (collection_id);


--
-- Name: coupon coupon_pkey; Type: CONSTRAINT; Schema: public; Owner: postgres
--

ALTER TABLE ONLY public.coupon
    ADD CONSTRAINT coupon_pkey PRIMARY KEY (coupon_id);


--
-- Name: customer_address customer_address_pkey; Type: CONSTRAINT; Schema: public; Owner: postgres
--

ALTER TABLE ONLY public.customer_address
    ADD CONSTRAINT customer_address_pkey PRIMARY KEY (customer_address_id);


--
-- Name: customer_group customer_group_pkey; Type: CONSTRAINT; Schema: public; Owner: postgres
--

ALTER TABLE ONLY public.customer_group
    ADD CONSTRAINT customer_group_pkey PRIMARY KEY (customer_group_id);


--
-- Name: customer customer_pkey; Type: CONSTRAINT; Schema: public; Owner: postgres
--

ALTER TABLE ONLY public.customer
    ADD CONSTRAINT customer_pkey PRIMARY KEY (customer_id);


--
-- Name: event event_pkey; Type: CONSTRAINT; Schema: public; Owner: postgres
--

ALTER TABLE ONLY public.event
    ADD CONSTRAINT event_pkey PRIMARY KEY (event_id);


--
-- Name: migration migration_pkey; Type: CONSTRAINT; Schema: public; Owner: postgres
--

ALTER TABLE ONLY public.migration
    ADD CONSTRAINT migration_pkey PRIMARY KEY (migration_id);


--
-- Name: order_activity order_activity_pkey; Type: CONSTRAINT; Schema: public; Owner: postgres
--

ALTER TABLE ONLY public.order_activity
    ADD CONSTRAINT order_activity_pkey PRIMARY KEY (order_activity_id);


--
-- Name: order_address order_address_pkey; Type: CONSTRAINT; Schema: public; Owner: postgres
--

ALTER TABLE ONLY public.order_address
    ADD CONSTRAINT order_address_pkey PRIMARY KEY (order_address_id);


--
-- Name: order_item order_item_pkey; Type: CONSTRAINT; Schema: public; Owner: postgres
--

ALTER TABLE ONLY public.order_item
    ADD CONSTRAINT order_item_pkey PRIMARY KEY (order_item_id);


--
-- Name: order order_pkey; Type: CONSTRAINT; Schema: public; Owner: postgres
--

ALTER TABLE ONLY public."order"
    ADD CONSTRAINT order_pkey PRIMARY KEY (order_id);


--
-- Name: payment_transaction payment_transaction_pkey; Type: CONSTRAINT; Schema: public; Owner: postgres
--

ALTER TABLE ONLY public.payment_transaction
    ADD CONSTRAINT payment_transaction_pkey PRIMARY KEY (payment_transaction_id);


--
-- Name: product_attribute_value_index product_attribute_value_index_pkey; Type: CONSTRAINT; Schema: public; Owner: postgres
--

ALTER TABLE ONLY public.product_attribute_value_index
    ADD CONSTRAINT product_attribute_value_index_pkey PRIMARY KEY (product_attribute_value_index_id);


--
-- Name: product_collection product_collection_pkey; Type: CONSTRAINT; Schema: public; Owner: postgres
--

ALTER TABLE ONLY public.product_collection
    ADD CONSTRAINT product_collection_pkey PRIMARY KEY (product_collection_id);


--
-- Name: product_custom_option product_custom_option_pkey; Type: CONSTRAINT; Schema: public; Owner: postgres
--

ALTER TABLE ONLY public.product_custom_option
    ADD CONSTRAINT product_custom_option_pkey PRIMARY KEY (product_custom_option_id);


--
-- Name: product_custom_option_value product_custom_option_value_pkey; Type: CONSTRAINT; Schema: public; Owner: postgres
--

ALTER TABLE ONLY public.product_custom_option_value
    ADD CONSTRAINT product_custom_option_value_pkey PRIMARY KEY (product_custom_option_value_id);


--
-- Name: product_description product_description_pkey; Type: CONSTRAINT; Schema: public; Owner: postgres
--

ALTER TABLE ONLY public.product_description
    ADD CONSTRAINT product_description_pkey PRIMARY KEY (product_description_id);


--
-- Name: product_image product_image_pkey; Type: CONSTRAINT; Schema: public; Owner: postgres
--

ALTER TABLE ONLY public.product_image
    ADD CONSTRAINT product_image_pkey PRIMARY KEY (product_image_id);


--
-- Name: product_inventory product_inventory_pkey; Type: CONSTRAINT; Schema: public; Owner: postgres
--

ALTER TABLE ONLY public.product_inventory
    ADD CONSTRAINT product_inventory_pkey PRIMARY KEY (product_inventory_id);


--
-- Name: product product_pkey; Type: CONSTRAINT; Schema: public; Owner: postgres
--

ALTER TABLE ONLY public.product
    ADD CONSTRAINT product_pkey PRIMARY KEY (product_id);


--
-- Name: reset_password_token reset_password_token_pkey; Type: CONSTRAINT; Schema: public; Owner: postgres
--

ALTER TABLE ONLY public.reset_password_token
    ADD CONSTRAINT reset_password_token_pkey PRIMARY KEY (reset_password_token_id);


--
-- Name: setting setting_pkey; Type: CONSTRAINT; Schema: public; Owner: postgres
--

ALTER TABLE ONLY public.setting
    ADD CONSTRAINT setting_pkey PRIMARY KEY (setting_id);


--
-- Name: shipment shipment_pkey; Type: CONSTRAINT; Schema: public; Owner: postgres
--

ALTER TABLE ONLY public.shipment
    ADD CONSTRAINT shipment_pkey PRIMARY KEY (shipment_id);


--
-- Name: shipping_method shipping_method_pkey; Type: CONSTRAINT; Schema: public; Owner: postgres
--

ALTER TABLE ONLY public.shipping_method
    ADD CONSTRAINT shipping_method_pkey PRIMARY KEY (shipping_method_id);


--
-- Name: shipping_zone_method shipping_zone_method_pkey; Type: CONSTRAINT; Schema: public; Owner: postgres
--

ALTER TABLE ONLY public.shipping_zone_method
    ADD CONSTRAINT shipping_zone_method_pkey PRIMARY KEY (shipping_zone_method_id);


--
-- Name: shipping_zone shipping_zone_pkey; Type: CONSTRAINT; Schema: public; Owner: postgres
--

ALTER TABLE ONLY public.shipping_zone
    ADD CONSTRAINT shipping_zone_pkey PRIMARY KEY (shipping_zone_id);


--
-- Name: shipping_zone_province shipping_zone_province_pkey; Type: CONSTRAINT; Schema: public; Owner: postgres
--

ALTER TABLE ONLY public.shipping_zone_province
    ADD CONSTRAINT shipping_zone_province_pkey PRIMARY KEY (shipping_zone_province_id);


--
-- Name: tax_class tax_class_pkey; Type: CONSTRAINT; Schema: public; Owner: postgres
--

ALTER TABLE ONLY public.tax_class
    ADD CONSTRAINT tax_class_pkey PRIMARY KEY (tax_class_id);


--
-- Name: tax_rate tax_rate_pkey; Type: CONSTRAINT; Schema: public; Owner: postgres
--

ALTER TABLE ONLY public.tax_rate
    ADD CONSTRAINT tax_rate_pkey PRIMARY KEY (tax_rate_id);


--
-- Name: url_rewrite url_rewrite_pkey; Type: CONSTRAINT; Schema: public; Owner: postgres
--

ALTER TABLE ONLY public.url_rewrite
    ADD CONSTRAINT url_rewrite_pkey PRIMARY KEY (url_rewrite_id);


--
-- Name: variant_group variant_group_pkey; Type: CONSTRAINT; Schema: public; Owner: postgres
--

ALTER TABLE ONLY public.variant_group
    ADD CONSTRAINT variant_group_pkey PRIMARY KEY (variant_group_id);


--
-- Name: FK_ATTRIBUTE_GROUP_VARIANT; Type: INDEX; Schema: public; Owner: postgres
--

CREATE INDEX "FK_ATTRIBUTE_GROUP_VARIANT" ON public.variant_group USING btree (attribute_group_id);


--
-- Name: FK_ATTRIBUTE_LINK; Type: INDEX; Schema: public; Owner: postgres
--

CREATE INDEX "FK_ATTRIBUTE_LINK" ON public.attribute_group_link USING btree (attribute_id);


--
-- Name: FK_ATTRIBUTE_OPTION; Type: INDEX; Schema: public; Owner: postgres
--

CREATE INDEX "FK_ATTRIBUTE_OPTION" ON public.attribute_option USING btree (attribute_id);


--
-- Name: FK_ATTRIBUTE_OPTION_VALUE_LINK; Type: INDEX; Schema: public; Owner: postgres
--

CREATE INDEX "FK_ATTRIBUTE_OPTION_VALUE_LINK" ON public.product_attribute_value_index USING btree (option_id);


--
-- Name: FK_ATTRIBUTE_VALUE_LINK; Type: INDEX; Schema: public; Owner: postgres
--

CREATE INDEX "FK_ATTRIBUTE_VALUE_LINK" ON public.product_attribute_value_index USING btree (attribute_id);


--
-- Name: FK_ATTRIBUTE_VARIANT_FIVE; Type: INDEX; Schema: public; Owner: postgres
--

CREATE INDEX "FK_ATTRIBUTE_VARIANT_FIVE" ON public.variant_group USING btree (attribute_five);


--
-- Name: FK_ATTRIBUTE_VARIANT_FOUR; Type: INDEX; Schema: public; Owner: postgres
--

CREATE INDEX "FK_ATTRIBUTE_VARIANT_FOUR" ON public.variant_group USING btree (attribute_four);


--
-- Name: FK_ATTRIBUTE_VARIANT_ONE; Type: INDEX; Schema: public; Owner: postgres
--

CREATE INDEX "FK_ATTRIBUTE_VARIANT_ONE" ON public.variant_group USING btree (attribute_one);


--
-- Name: FK_ATTRIBUTE_VARIANT_THREE; Type: INDEX; Schema: public; Owner: postgres
--

CREATE INDEX "FK_ATTRIBUTE_VARIANT_THREE" ON public.variant_group USING btree (attribute_three);


--
-- Name: FK_ATTRIBUTE_VARIANT_TWO; Type: INDEX; Schema: public; Owner: postgres
--

CREATE INDEX "FK_ATTRIBUTE_VARIANT_TWO" ON public.variant_group USING btree (attribute_two);


--
-- Name: FK_CART_ITEM; Type: INDEX; Schema: public; Owner: postgres
--

CREATE INDEX "FK_CART_ITEM" ON public.cart_item USING btree (cart_id);


--
-- Name: FK_CART_ITEM_PRODUCT; Type: INDEX; Schema: public; Owner: postgres
--

CREATE INDEX "FK_CART_ITEM_PRODUCT" ON public.cart_item USING btree (product_id);


--
-- Name: FK_CART_SHIPPING_ZONE; Type: INDEX; Schema: public; Owner: postgres
--

CREATE INDEX "FK_CART_SHIPPING_ZONE" ON public.cart USING btree (shipping_zone_id);


--
-- Name: FK_CATEGORY_DESCRIPTION; Type: INDEX; Schema: public; Owner: postgres
--

CREATE INDEX "FK_CATEGORY_DESCRIPTION" ON public.category_description USING btree (category_description_category_id);


--
-- Name: FK_CMS_PAGE_DESCRIPTION; Type: INDEX; Schema: public; Owner: postgres
--

CREATE INDEX "FK_CMS_PAGE_DESCRIPTION" ON public.cms_page_description USING btree (cms_page_description_cms_page_id);


--
-- Name: FK_COLLECTION_PRODUCT_LINK; Type: INDEX; Schema: public; Owner: postgres
--

CREATE INDEX "FK_COLLECTION_PRODUCT_LINK" ON public.product_collection USING btree (collection_id);


--
-- Name: FK_CUSTOMER_ADDRESS; Type: INDEX; Schema: public; Owner: postgres
--

CREATE INDEX "FK_CUSTOMER_ADDRESS" ON public.customer_address USING btree (customer_id);


--
-- Name: FK_CUSTOMER_GROUP; Type: INDEX; Schema: public; Owner: postgres
--

CREATE INDEX "FK_CUSTOMER_GROUP" ON public.customer USING btree (group_id);


--
-- Name: FK_CUSTOM_OPTION_VALUE; Type: INDEX; Schema: public; Owner: postgres
--

CREATE INDEX "FK_CUSTOM_OPTION_VALUE" ON public.product_custom_option_value USING btree (option_id);


--
-- Name: FK_GROUP_LINK; Type: INDEX; Schema: public; Owner: postgres
--

CREATE INDEX "FK_GROUP_LINK" ON public.attribute_group_link USING btree (group_id);


--
-- Name: FK_METHOD_ZONE; Type: INDEX; Schema: public; Owner: postgres
--

CREATE INDEX "FK_METHOD_ZONE" ON public.shipping_zone_method USING btree (method_id);


--
-- Name: FK_ORDER; Type: INDEX; Schema: public; Owner: postgres
--

CREATE INDEX "FK_ORDER" ON public.order_item USING btree (order_item_order_id);


--
-- Name: FK_ORDER_ACTIVITY; Type: INDEX; Schema: public; Owner: postgres
--

CREATE INDEX "FK_ORDER_ACTIVITY" ON public.order_activity USING btree (order_activity_order_id);


--
-- Name: FK_ORDER_SHIPMENT; Type: INDEX; Schema: public; Owner: postgres
--

CREATE INDEX "FK_ORDER_SHIPMENT" ON public.shipment USING btree (shipment_order_id);


--
-- Name: FK_PAYMENT_TRANSACTION_ORDER; Type: INDEX; Schema: public; Owner: postgres
--

CREATE INDEX "FK_PAYMENT_TRANSACTION_ORDER" ON public.payment_transaction USING btree (payment_transaction_order_id);


--
-- Name: FK_PRODUCT_ATTRIBUTE_GROUP; Type: INDEX; Schema: public; Owner: postgres
--

CREATE INDEX "FK_PRODUCT_ATTRIBUTE_GROUP" ON public.product USING btree (group_id);


--
-- Name: FK_PRODUCT_ATTRIBUTE_LINK; Type: INDEX; Schema: public; Owner: postgres
--

CREATE INDEX "FK_PRODUCT_ATTRIBUTE_LINK" ON public.product_attribute_value_index USING btree (product_id);


--
-- Name: FK_PRODUCT_COLLECTION_LINK; Type: INDEX; Schema: public; Owner: postgres
--

CREATE INDEX "FK_PRODUCT_COLLECTION_LINK" ON public.product_collection USING btree (product_id);


--
-- Name: FK_PRODUCT_CUSTOM_OPTION; Type: INDEX; Schema: public; Owner: postgres
--

CREATE INDEX "FK_PRODUCT_CUSTOM_OPTION" ON public.product_custom_option USING btree (product_custom_option_product_id);


--
-- Name: FK_PRODUCT_DESCRIPTION; Type: INDEX; Schema: public; Owner: postgres
--

CREATE INDEX "FK_PRODUCT_DESCRIPTION" ON public.product_description USING btree (product_description_product_id);


--
-- Name: FK_PRODUCT_IMAGE_LINK; Type: INDEX; Schema: public; Owner: postgres
--

CREATE INDEX "FK_PRODUCT_IMAGE_LINK" ON public.product_image USING btree (product_image_product_id);


--
-- Name: FK_PRODUCT_VARIANT_GROUP; Type: INDEX; Schema: public; Owner: postgres
--

CREATE INDEX "FK_PRODUCT_VARIANT_GROUP" ON public.product USING btree (variant_group_id);


--
-- Name: FK_SHIPPING_ZONE_PROVINCE; Type: INDEX; Schema: public; Owner: postgres
--

CREATE INDEX "FK_SHIPPING_ZONE_PROVINCE" ON public.shipping_zone_province USING btree (zone_id);


--
-- Name: FK_ZONE_METHOD; Type: INDEX; Schema: public; Owner: postgres
--

CREATE INDEX "FK_ZONE_METHOD" ON public.shipping_zone_method USING btree (zone_id);


--
-- Name: IDX_SESSION_EXPIRE; Type: INDEX; Schema: public; Owner: postgres
--

CREATE INDEX "IDX_SESSION_EXPIRE" ON public.session USING btree (expire);


--
-- Name: PRODUCT_SEARCH_INDEX; Type: INDEX; Schema: public; Owner: postgres
--

CREATE INDEX "PRODUCT_SEARCH_INDEX" ON public.product_description USING gin (to_tsvector('simple'::regconfig, (((name)::text || ' '::text) || description)));


--
-- Name: category ADD_CATEGORY_CREATED_EVENT_TRIGGER; Type: TRIGGER; Schema: public; Owner: postgres
--

CREATE TRIGGER "ADD_CATEGORY_CREATED_EVENT_TRIGGER" AFTER INSERT ON public.category FOR EACH ROW EXECUTE FUNCTION public.add_category_created_event();


--
-- Name: category ADD_CATEGORY_DELETED_EVENT_TRIGGER; Type: TRIGGER; Schema: public; Owner: postgres
--

CREATE TRIGGER "ADD_CATEGORY_DELETED_EVENT_TRIGGER" AFTER DELETE ON public.category FOR EACH ROW EXECUTE FUNCTION public.add_category_deleted_event();


--
-- Name: category ADD_CATEGORY_UPDATED_EVENT_TRIGGER; Type: TRIGGER; Schema: public; Owner: postgres
--

CREATE TRIGGER "ADD_CATEGORY_UPDATED_EVENT_TRIGGER" AFTER UPDATE ON public.category FOR EACH ROW EXECUTE FUNCTION public.add_category_updated_event();


--
-- Name: customer ADD_CUSTOMER_CREATED_EVENT_TRIGGER; Type: TRIGGER; Schema: public; Owner: postgres
--

CREATE TRIGGER "ADD_CUSTOMER_CREATED_EVENT_TRIGGER" AFTER INSERT ON public.customer FOR EACH ROW EXECUTE FUNCTION public.add_customer_created_event();


--
-- Name: customer ADD_CUSTOMER_DELETED_EVENT_TRIGGER; Type: TRIGGER; Schema: public; Owner: postgres
--

CREATE TRIGGER "ADD_CUSTOMER_DELETED_EVENT_TRIGGER" AFTER DELETE ON public.customer FOR EACH ROW EXECUTE FUNCTION public.add_customer_deleted_event();


--
-- Name: customer ADD_CUSTOMER_UPDATED_EVENT_TRIGGER; Type: TRIGGER; Schema: public; Owner: postgres
--

CREATE TRIGGER "ADD_CUSTOMER_UPDATED_EVENT_TRIGGER" AFTER UPDATE ON public.customer FOR EACH ROW EXECUTE FUNCTION public.add_customer_updated_event();


--
-- Name: product_inventory ADD_INVENTORY_UPDATED_EVENT_TRIGGER; Type: TRIGGER; Schema: public; Owner: postgres
--

CREATE TRIGGER "ADD_INVENTORY_UPDATED_EVENT_TRIGGER" AFTER UPDATE ON public.product_inventory FOR EACH ROW EXECUTE FUNCTION public.add_product_inventory_updated_event();


--
-- Name: order ADD_ORDER_CREATED_EVENT_TRIGGER; Type: TRIGGER; Schema: public; Owner: postgres
--

CREATE TRIGGER "ADD_ORDER_CREATED_EVENT_TRIGGER" AFTER INSERT ON public."order" FOR EACH ROW EXECUTE FUNCTION public.add_order_created_event();


--
-- Name: product ADD_PRODUCT_CREATED_EVENT_TRIGGER; Type: TRIGGER; Schema: public; Owner: postgres
--

CREATE TRIGGER "ADD_PRODUCT_CREATED_EVENT_TRIGGER" AFTER INSERT ON public.product FOR EACH ROW EXECUTE FUNCTION public.add_product_created_event();


--
-- Name: product ADD_PRODUCT_DELETED_EVENT_TRIGGER; Type: TRIGGER; Schema: public; Owner: postgres
--

CREATE TRIGGER "ADD_PRODUCT_DELETED_EVENT_TRIGGER" AFTER DELETE ON public.product FOR EACH ROW EXECUTE FUNCTION public.add_product_deleted_event();


--
-- Name: product ADD_PRODUCT_UPDATED_EVENT_TRIGGER; Type: TRIGGER; Schema: public; Owner: postgres
--

CREATE TRIGGER "ADD_PRODUCT_UPDATED_EVENT_TRIGGER" AFTER UPDATE ON public.product FOR EACH ROW EXECUTE FUNCTION public.add_product_updated_event();


--
-- Name: category_description BUILD_CATEGORY_URL_KEY_TRIGGER; Type: TRIGGER; Schema: public; Owner: postgres
--

CREATE TRIGGER "BUILD_CATEGORY_URL_KEY_TRIGGER" BEFORE INSERT OR UPDATE ON public.category_description FOR EACH ROW EXECUTE FUNCTION public.build_url_key();


--
-- Name: product_description BUILD_PRODUCT_URL_KEY_TRIGGER; Type: TRIGGER; Schema: public; Owner: postgres
--

CREATE TRIGGER "BUILD_PRODUCT_URL_KEY_TRIGGER" BEFORE INSERT OR UPDATE ON public.product_description FOR EACH ROW EXECUTE FUNCTION public.build_url_key();


--
-- Name: category DELETE_SUB_CATEGORIES_TRIGGER; Type: TRIGGER; Schema: public; Owner: postgres
--

CREATE TRIGGER "DELETE_SUB_CATEGORIES_TRIGGER" AFTER DELETE ON public.category FOR EACH ROW EXECUTE FUNCTION public.delete_sub_categories();


--
-- Name: product PREVENT_CHANGING_ATTRIBUTE_GROUP_OF_PRODUCT_WITH_VARIANTS; Type: TRIGGER; Schema: public; Owner: postgres
--

CREATE TRIGGER "PREVENT_CHANGING_ATTRIBUTE_GROUP_OF_PRODUCT_WITH_VARIANTS" BEFORE UPDATE ON public.product FOR EACH ROW EXECUTE FUNCTION public.prevent_change_attribute_group();


--
-- Name: attribute_group PREVENT_DELETING_THE_DEFAULT_ATTRIBUTE_GROUP; Type: TRIGGER; Schema: public; Owner: postgres
--

CREATE TRIGGER "PREVENT_DELETING_THE_DEFAULT_ATTRIBUTE_GROUP" BEFORE DELETE ON public.attribute_group FOR EACH ROW EXECUTE FUNCTION public.prevent_delete_default_attribute_group();


--
-- Name: customer_group PREVENT_DELETING_THE_DEFAULT_CUSTOMER_GROUP; Type: TRIGGER; Schema: public; Owner: postgres
--

CREATE TRIGGER "PREVENT_DELETING_THE_DEFAULT_CUSTOMER_GROUP" BEFORE DELETE ON public.customer_group FOR EACH ROW EXECUTE FUNCTION public.prevent_delete_default_customer_group();


--
-- Name: tax_class PREVENT_DELETING_THE_DEFAULT_TAX_CLASS; Type: TRIGGER; Schema: public; Owner: postgres
--

CREATE TRIGGER "PREVENT_DELETING_THE_DEFAULT_TAX_CLASS" BEFORE DELETE ON public.tax_class FOR EACH ROW EXECUTE FUNCTION public.prevent_delete_default_tax_class();


--
-- Name: product_image PRODUCT_IMAGE_ADDED; Type: TRIGGER; Schema: public; Owner: postgres
--

CREATE TRIGGER "PRODUCT_IMAGE_ADDED" AFTER INSERT ON public.product_image FOR EACH ROW EXECUTE FUNCTION public.product_image_insert_trigger();


--
-- Name: customer SET_DEFAULT_CUSTOMER_GROUP; Type: TRIGGER; Schema: public; Owner: postgres
--

CREATE TRIGGER "SET_DEFAULT_CUSTOMER_GROUP" BEFORE INSERT ON public.customer FOR EACH ROW EXECUTE FUNCTION public.set_default_customer_group();


--
-- Name: attribute_option TRIGGER_AFTER_ATTRIBUTE_OPTION_UPDATE; Type: TRIGGER; Schema: public; Owner: postgres
--

CREATE TRIGGER "TRIGGER_AFTER_ATTRIBUTE_OPTION_UPDATE" AFTER UPDATE ON public.attribute_option FOR EACH ROW EXECUTE FUNCTION public.update_product_attribute_option_value_text();


--
-- Name: attribute_option TRIGGER_AFTER_DELETE_ATTRIBUTE_OPTION; Type: TRIGGER; Schema: public; Owner: postgres
--

CREATE TRIGGER "TRIGGER_AFTER_DELETE_ATTRIBUTE_OPTION" AFTER DELETE ON public.attribute_option FOR EACH ROW EXECUTE FUNCTION public.delete_product_attribute_value_index();


--
-- Name: order_item TRIGGER_AFTER_INSERT_ORDER_ITEM; Type: TRIGGER; Schema: public; Owner: postgres
--

CREATE TRIGGER "TRIGGER_AFTER_INSERT_ORDER_ITEM" AFTER INSERT ON public.order_item FOR EACH ROW EXECUTE FUNCTION public.reduce_product_stock_when_order_placed();


--
-- Name: product TRIGGER_AFTER_INSERT_PRODUCT; Type: TRIGGER; Schema: public; Owner: postgres
--

CREATE CONSTRAINT TRIGGER "TRIGGER_AFTER_INSERT_PRODUCT" AFTER INSERT ON public.product DEFERRABLE INITIALLY IMMEDIATE FOR EACH ROW EXECUTE FUNCTION public.update_variant_group_visibility();


--
-- Name: attribute_group_link TRIGGER_AFTER_REMOVE_ATTRIBUTE_FROM_GROUP; Type: TRIGGER; Schema: public; Owner: postgres
--

CREATE TRIGGER "TRIGGER_AFTER_REMOVE_ATTRIBUTE_FROM_GROUP" AFTER DELETE ON public.attribute_group_link FOR EACH ROW EXECUTE FUNCTION public.remove_attribute_from_group();


--
-- Name: attribute TRIGGER_AFTER_UPDATE_ATTRIBUTE; Type: TRIGGER; Schema: public; Owner: postgres
--

CREATE TRIGGER "TRIGGER_AFTER_UPDATE_ATTRIBUTE" AFTER UPDATE ON public.attribute FOR EACH ROW EXECUTE FUNCTION public.delete_variant_group_after_attribute_type_changed();


--
-- Name: product TRIGGER_PRODUCT_AFTER_UPDATE; Type: TRIGGER; Schema: public; Owner: postgres
--

CREATE CONSTRAINT TRIGGER "TRIGGER_PRODUCT_AFTER_UPDATE" AFTER UPDATE ON public.product DEFERRABLE INITIALLY DEFERRED FOR EACH ROW EXECUTE FUNCTION public.update_attribute_index_and_variant_group_visibility();


--
-- Name: order TRIGGER_UPDATE_COUPON_USED_TIME_AFTER_CREATE_ORDER; Type: TRIGGER; Schema: public; Owner: postgres
--

CREATE TRIGGER "TRIGGER_UPDATE_COUPON_USED_TIME_AFTER_CREATE_ORDER" AFTER INSERT ON public."order" FOR EACH ROW EXECUTE FUNCTION public.set_coupon_used_time();


--
-- Name: variant_group FK_ATTRIBUTE_GROUP_VARIANT; Type: FK CONSTRAINT; Schema: public; Owner: postgres
--

ALTER TABLE ONLY public.variant_group
    ADD CONSTRAINT "FK_ATTRIBUTE_GROUP_VARIANT" FOREIGN KEY (attribute_group_id) REFERENCES public.attribute_group(attribute_group_id) ON DELETE CASCADE;


--
-- Name: attribute_group_link FK_ATTRIBUTE_LINK; Type: FK CONSTRAINT; Schema: public; Owner: postgres
--

ALTER TABLE ONLY public.attribute_group_link
    ADD CONSTRAINT "FK_ATTRIBUTE_LINK" FOREIGN KEY (attribute_id) REFERENCES public.attribute(attribute_id) ON UPDATE CASCADE ON DELETE CASCADE;


--
-- Name: attribute_option FK_ATTRIBUTE_OPTION; Type: FK CONSTRAINT; Schema: public; Owner: postgres
--

ALTER TABLE ONLY public.attribute_option
    ADD CONSTRAINT "FK_ATTRIBUTE_OPTION" FOREIGN KEY (attribute_id) REFERENCES public.attribute(attribute_id) ON DELETE CASCADE;


--
-- Name: product_attribute_value_index FK_ATTRIBUTE_OPTION_VALUE_LINK; Type: FK CONSTRAINT; Schema: public; Owner: postgres
--

ALTER TABLE ONLY public.product_attribute_value_index
    ADD CONSTRAINT "FK_ATTRIBUTE_OPTION_VALUE_LINK" FOREIGN KEY (option_id) REFERENCES public.attribute_option(attribute_option_id) ON DELETE CASCADE;


--
-- Name: product_attribute_value_index FK_ATTRIBUTE_VALUE_LINK; Type: FK CONSTRAINT; Schema: public; Owner: postgres
--

ALTER TABLE ONLY public.product_attribute_value_index
    ADD CONSTRAINT "FK_ATTRIBUTE_VALUE_LINK" FOREIGN KEY (attribute_id) REFERENCES public.attribute(attribute_id) ON DELETE CASCADE;


--
-- Name: variant_group FK_ATTRIBUTE_VARIANT_FIVE; Type: FK CONSTRAINT; Schema: public; Owner: postgres
--

ALTER TABLE ONLY public.variant_group
    ADD CONSTRAINT "FK_ATTRIBUTE_VARIANT_FIVE" FOREIGN KEY (attribute_five) REFERENCES public.attribute(attribute_id) ON DELETE CASCADE;


--
-- Name: variant_group FK_ATTRIBUTE_VARIANT_FOUR; Type: FK CONSTRAINT; Schema: public; Owner: postgres
--

ALTER TABLE ONLY public.variant_group
    ADD CONSTRAINT "FK_ATTRIBUTE_VARIANT_FOUR" FOREIGN KEY (attribute_four) REFERENCES public.attribute(attribute_id) ON DELETE CASCADE;


--
-- Name: variant_group FK_ATTRIBUTE_VARIANT_ONE; Type: FK CONSTRAINT; Schema: public; Owner: postgres
--

ALTER TABLE ONLY public.variant_group
    ADD CONSTRAINT "FK_ATTRIBUTE_VARIANT_ONE" FOREIGN KEY (attribute_one) REFERENCES public.attribute(attribute_id) ON DELETE CASCADE;


--
-- Name: variant_group FK_ATTRIBUTE_VARIANT_THREE; Type: FK CONSTRAINT; Schema: public; Owner: postgres
--

ALTER TABLE ONLY public.variant_group
    ADD CONSTRAINT "FK_ATTRIBUTE_VARIANT_THREE" FOREIGN KEY (attribute_three) REFERENCES public.attribute(attribute_id) ON DELETE CASCADE;


--
-- Name: variant_group FK_ATTRIBUTE_VARIANT_TWO; Type: FK CONSTRAINT; Schema: public; Owner: postgres
--

ALTER TABLE ONLY public.variant_group
    ADD CONSTRAINT "FK_ATTRIBUTE_VARIANT_TWO" FOREIGN KEY (attribute_two) REFERENCES public.attribute(attribute_id) ON DELETE CASCADE;


--
-- Name: cart_item FK_CART_ITEM; Type: FK CONSTRAINT; Schema: public; Owner: postgres
--

ALTER TABLE ONLY public.cart_item
    ADD CONSTRAINT "FK_CART_ITEM" FOREIGN KEY (cart_id) REFERENCES public.cart(cart_id) ON UPDATE CASCADE ON DELETE CASCADE;


--
-- Name: cart_item FK_CART_ITEM_PRODUCT; Type: FK CONSTRAINT; Schema: public; Owner: postgres
--

ALTER TABLE ONLY public.cart_item
    ADD CONSTRAINT "FK_CART_ITEM_PRODUCT" FOREIGN KEY (product_id) REFERENCES public.product(product_id) ON DELETE CASCADE;


--
-- Name: cart FK_CART_SHIPPING_ZONE; Type: FK CONSTRAINT; Schema: public; Owner: postgres
--

ALTER TABLE ONLY public.cart
    ADD CONSTRAINT "FK_CART_SHIPPING_ZONE" FOREIGN KEY (shipping_zone_id) REFERENCES public.shipping_zone(shipping_zone_id) ON DELETE SET NULL;


--
-- Name: category_description FK_CATEGORY_DESCRIPTION; Type: FK CONSTRAINT; Schema: public; Owner: postgres
--

ALTER TABLE ONLY public.category_description
    ADD CONSTRAINT "FK_CATEGORY_DESCRIPTION" FOREIGN KEY (category_description_category_id) REFERENCES public.category(category_id) ON DELETE CASCADE;


--
-- Name: cms_page_description FK_CMS_PAGE_DESCRIPTION; Type: FK CONSTRAINT; Schema: public; Owner: postgres
--

ALTER TABLE ONLY public.cms_page_description
    ADD CONSTRAINT "FK_CMS_PAGE_DESCRIPTION" FOREIGN KEY (cms_page_description_cms_page_id) REFERENCES public.cms_page(cms_page_id) ON UPDATE CASCADE ON DELETE CASCADE;


--
-- Name: product_collection FK_COLLECTION_PRODUCT_LINK; Type: FK CONSTRAINT; Schema: public; Owner: postgres
--

ALTER TABLE ONLY public.product_collection
    ADD CONSTRAINT "FK_COLLECTION_PRODUCT_LINK" FOREIGN KEY (collection_id) REFERENCES public.collection(collection_id) ON DELETE CASCADE;


--
-- Name: customer_address FK_CUSTOMER_ADDRESS; Type: FK CONSTRAINT; Schema: public; Owner: postgres
--

ALTER TABLE ONLY public.customer_address
    ADD CONSTRAINT "FK_CUSTOMER_ADDRESS" FOREIGN KEY (customer_id) REFERENCES public.customer(customer_id) ON DELETE CASCADE;


--
-- Name: customer FK_CUSTOMER_GROUP; Type: FK CONSTRAINT; Schema: public; Owner: postgres
--

ALTER TABLE ONLY public.customer
    ADD CONSTRAINT "FK_CUSTOMER_GROUP" FOREIGN KEY (group_id) REFERENCES public.customer_group(customer_group_id) ON DELETE SET NULL;


--
-- Name: product_custom_option_value FK_CUSTOM_OPTION_VALUE; Type: FK CONSTRAINT; Schema: public; Owner: postgres
--

ALTER TABLE ONLY public.product_custom_option_value
    ADD CONSTRAINT "FK_CUSTOM_OPTION_VALUE" FOREIGN KEY (option_id) REFERENCES public.product_custom_option(product_custom_option_id) ON DELETE CASCADE;


--
-- Name: attribute_group_link FK_GROUP_LINK; Type: FK CONSTRAINT; Schema: public; Owner: postgres
--

ALTER TABLE ONLY public.attribute_group_link
    ADD CONSTRAINT "FK_GROUP_LINK" FOREIGN KEY (group_id) REFERENCES public.attribute_group(attribute_group_id) ON DELETE CASCADE;


--
-- Name: shipping_zone_method FK_METHOD_ZONE; Type: FK CONSTRAINT; Schema: public; Owner: postgres
--

ALTER TABLE ONLY public.shipping_zone_method
    ADD CONSTRAINT "FK_METHOD_ZONE" FOREIGN KEY (method_id) REFERENCES public.shipping_method(shipping_method_id) ON DELETE CASCADE;


--
-- Name: order_item FK_ORDER; Type: FK CONSTRAINT; Schema: public; Owner: postgres
--

ALTER TABLE ONLY public.order_item
    ADD CONSTRAINT "FK_ORDER" FOREIGN KEY (order_item_order_id) REFERENCES public."order"(order_id) ON DELETE CASCADE;


--
-- Name: order_activity FK_ORDER_ACTIVITY; Type: FK CONSTRAINT; Schema: public; Owner: postgres
--

ALTER TABLE ONLY public.order_activity
    ADD CONSTRAINT "FK_ORDER_ACTIVITY" FOREIGN KEY (order_activity_order_id) REFERENCES public."order"(order_id) ON DELETE CASCADE;


--
-- Name: shipment FK_ORDER_SHIPMENT; Type: FK CONSTRAINT; Schema: public; Owner: postgres
--

ALTER TABLE ONLY public.shipment
    ADD CONSTRAINT "FK_ORDER_SHIPMENT" FOREIGN KEY (shipment_order_id) REFERENCES public."order"(order_id) ON DELETE CASCADE;


--
-- Name: payment_transaction FK_PAYMENT_TRANSACTION_ORDER; Type: FK CONSTRAINT; Schema: public; Owner: postgres
--

ALTER TABLE ONLY public.payment_transaction
    ADD CONSTRAINT "FK_PAYMENT_TRANSACTION_ORDER" FOREIGN KEY (payment_transaction_order_id) REFERENCES public."order"(order_id) ON UPDATE CASCADE ON DELETE CASCADE;


--
-- Name: product FK_PRODUCT_ATTRIBUTE_GROUP; Type: FK CONSTRAINT; Schema: public; Owner: postgres
--

ALTER TABLE ONLY public.product
    ADD CONSTRAINT "FK_PRODUCT_ATTRIBUTE_GROUP" FOREIGN KEY (group_id) REFERENCES public.attribute_group(attribute_group_id) ON DELETE SET NULL;


--
-- Name: product_attribute_value_index FK_PRODUCT_ATTRIBUTE_LINK; Type: FK CONSTRAINT; Schema: public; Owner: postgres
--

ALTER TABLE ONLY public.product_attribute_value_index
    ADD CONSTRAINT "FK_PRODUCT_ATTRIBUTE_LINK" FOREIGN KEY (product_id) REFERENCES public.product(product_id) ON DELETE CASCADE;


--
-- Name: product_collection FK_PRODUCT_COLLECTION_LINK; Type: FK CONSTRAINT; Schema: public; Owner: postgres
--

ALTER TABLE ONLY public.product_collection
    ADD CONSTRAINT "FK_PRODUCT_COLLECTION_LINK" FOREIGN KEY (product_id) REFERENCES public.product(product_id) ON DELETE CASCADE;


--
-- Name: product_custom_option FK_PRODUCT_CUSTOM_OPTION; Type: FK CONSTRAINT; Schema: public; Owner: postgres
--

ALTER TABLE ONLY public.product_custom_option
    ADD CONSTRAINT "FK_PRODUCT_CUSTOM_OPTION" FOREIGN KEY (product_custom_option_product_id) REFERENCES public.product(product_id) ON DELETE CASCADE;


--
-- Name: product_description FK_PRODUCT_DESCRIPTION; Type: FK CONSTRAINT; Schema: public; Owner: postgres
--

ALTER TABLE ONLY public.product_description
    ADD CONSTRAINT "FK_PRODUCT_DESCRIPTION" FOREIGN KEY (product_description_product_id) REFERENCES public.product(product_id) ON DELETE CASCADE;


--
-- Name: product_image FK_PRODUCT_IMAGE_LINK; Type: FK CONSTRAINT; Schema: public; Owner: postgres
--

ALTER TABLE ONLY public.product_image
    ADD CONSTRAINT "FK_PRODUCT_IMAGE_LINK" FOREIGN KEY (product_image_product_id) REFERENCES public.product(product_id) ON DELETE CASCADE;


--
-- Name: product FK_PRODUCT_VARIANT_GROUP; Type: FK CONSTRAINT; Schema: public; Owner: postgres
--

ALTER TABLE ONLY public.product
    ADD CONSTRAINT "FK_PRODUCT_VARIANT_GROUP" FOREIGN KEY (variant_group_id) REFERENCES public.variant_group(variant_group_id) ON DELETE SET NULL;


--
-- Name: reset_password_token FK_RESET_PASSWORD_TOKEN_CUSTOMER; Type: FK CONSTRAINT; Schema: public; Owner: postgres
--

ALTER TABLE ONLY public.reset_password_token
    ADD CONSTRAINT "FK_RESET_PASSWORD_TOKEN_CUSTOMER" FOREIGN KEY (customer_id) REFERENCES public.customer(customer_id) ON DELETE CASCADE;


--
-- Name: shipping_zone_province FK_SHIPPING_ZONE_PROVINCE; Type: FK CONSTRAINT; Schema: public; Owner: postgres
--

ALTER TABLE ONLY public.shipping_zone_province
    ADD CONSTRAINT "FK_SHIPPING_ZONE_PROVINCE" FOREIGN KEY (zone_id) REFERENCES public.shipping_zone(shipping_zone_id) ON DELETE CASCADE;


--
-- Name: product FK_TAX_CLASS; Type: FK CONSTRAINT; Schema: public; Owner: postgres
--

ALTER TABLE ONLY public.product
    ADD CONSTRAINT "FK_TAX_CLASS" FOREIGN KEY (tax_class) REFERENCES public.tax_class(tax_class_id) ON DELETE SET NULL;


--
-- Name: tax_rate FK_TAX_RATE_TAX_CLASS; Type: FK CONSTRAINT; Schema: public; Owner: postgres
--

ALTER TABLE ONLY public.tax_rate
    ADD CONSTRAINT "FK_TAX_RATE_TAX_CLASS" FOREIGN KEY (tax_class_id) REFERENCES public.tax_class(tax_class_id) ON DELETE CASCADE;


--
-- Name: shipping_zone_method FK_ZONE_METHOD; Type: FK CONSTRAINT; Schema: public; Owner: postgres
--

ALTER TABLE ONLY public.shipping_zone_method
    ADD CONSTRAINT "FK_ZONE_METHOD" FOREIGN KEY (zone_id) REFERENCES public.shipping_zone(shipping_zone_id) ON DELETE CASCADE;


--
-- Name: product PRODUCT_CATEGORY_ID_CONSTRAINT; Type: FK CONSTRAINT; Schema: public; Owner: postgres
--

ALTER TABLE ONLY public.product
    ADD CONSTRAINT "PRODUCT_CATEGORY_ID_CONSTRAINT" FOREIGN KEY (category_id) REFERENCES public.category(category_id) ON DELETE SET NULL;


--
-- Name: product_inventory PRODUCT_INVENTORY_PRODUCT_ID_CONSTANTSRAINT; Type: FK CONSTRAINT; Schema: public; Owner: postgres
--

ALTER TABLE ONLY public.product_inventory
    ADD CONSTRAINT "PRODUCT_INVENTORY_PRODUCT_ID_CONSTANTSRAINT" FOREIGN KEY (product_inventory_product_id) REFERENCES public.product(product_id) ON DELETE CASCADE;


--
-- PostgreSQL database dump complete
--

--
-- Database "vendure" dump
--

--
-- PostgreSQL database dump
--

-- Dumped from database version 14.10 (Ubuntu 14.10-0ubuntu0.22.04.1)
-- Dumped by pg_dump version 14.10 (Ubuntu 14.10-0ubuntu0.22.04.1)

SET statement_timeout = 0;
SET lock_timeout = 0;
SET idle_in_transaction_session_timeout = 0;
SET client_encoding = 'UTF8';
SET standard_conforming_strings = on;
SELECT pg_catalog.set_config('search_path', '', false);
SET check_function_bodies = false;
SET xmloption = content;
SET client_min_messages = warning;
SET row_security = off;

--
-- Name: vendure; Type: DATABASE; Schema: -; Owner: postgres
--

CREATE DATABASE vendure WITH TEMPLATE = template0 ENCODING = 'UTF8' LOCALE = 'en_US.UTF-8';


ALTER DATABASE vendure OWNER TO postgres;

\connect vendure

SET statement_timeout = 0;
SET lock_timeout = 0;
SET idle_in_transaction_session_timeout = 0;
SET client_encoding = 'UTF8';
SET standard_conforming_strings = on;
SELECT pg_catalog.set_config('search_path', '', false);
SET check_function_bodies = false;
SET xmloption = content;
SET client_min_messages = warning;
SET row_security = off;

SET default_tablespace = '';

SET default_table_access_method = heap;

--
-- Name: address; Type: TABLE; Schema: public; Owner: postgres
--

CREATE TABLE public.address (
    "createdAt" timestamp without time zone DEFAULT now() NOT NULL,
    "updatedAt" timestamp without time zone DEFAULT now() NOT NULL,
    "fullName" character varying DEFAULT ''::character varying NOT NULL,
    company character varying DEFAULT ''::character varying NOT NULL,
    "streetLine1" character varying NOT NULL,
    "streetLine2" character varying DEFAULT ''::character varying NOT NULL,
    city character varying DEFAULT ''::character varying NOT NULL,
    province character varying DEFAULT ''::character varying NOT NULL,
    "postalCode" character varying DEFAULT ''::character varying NOT NULL,
    "phoneNumber" character varying DEFAULT ''::character varying NOT NULL,
    "defaultShippingAddress" boolean DEFAULT false NOT NULL,
    "defaultBillingAddress" boolean DEFAULT false NOT NULL,
    id integer NOT NULL,
    "customerId" integer,
    "countryId" integer
);


ALTER TABLE public.address OWNER TO postgres;

--
-- Name: address_id_seq; Type: SEQUENCE; Schema: public; Owner: postgres
--

CREATE SEQUENCE public.address_id_seq
    AS integer
    START WITH 1
    INCREMENT BY 1
    NO MINVALUE
    NO MAXVALUE
    CACHE 1;


ALTER TABLE public.address_id_seq OWNER TO postgres;

--
-- Name: address_id_seq; Type: SEQUENCE OWNED BY; Schema: public; Owner: postgres
--

ALTER SEQUENCE public.address_id_seq OWNED BY public.address.id;


--
-- Name: administrator; Type: TABLE; Schema: public; Owner: postgres
--

CREATE TABLE public.administrator (
    "createdAt" timestamp without time zone DEFAULT now() NOT NULL,
    "updatedAt" timestamp without time zone DEFAULT now() NOT NULL,
    "deletedAt" timestamp without time zone,
    "firstName" character varying NOT NULL,
    "lastName" character varying NOT NULL,
    "emailAddress" character varying NOT NULL,
    id integer NOT NULL,
    "userId" integer
);


ALTER TABLE public.administrator OWNER TO postgres;

--
-- Name: administrator_id_seq; Type: SEQUENCE; Schema: public; Owner: postgres
--

CREATE SEQUENCE public.administrator_id_seq
    AS integer
    START WITH 1
    INCREMENT BY 1
    NO MINVALUE
    NO MAXVALUE
    CACHE 1;


ALTER TABLE public.administrator_id_seq OWNER TO postgres;

--
-- Name: administrator_id_seq; Type: SEQUENCE OWNED BY; Schema: public; Owner: postgres
--

ALTER SEQUENCE public.administrator_id_seq OWNED BY public.administrator.id;


--
-- Name: asset; Type: TABLE; Schema: public; Owner: postgres
--

CREATE TABLE public.asset (
    "createdAt" timestamp without time zone DEFAULT now() NOT NULL,
    "updatedAt" timestamp without time zone DEFAULT now() NOT NULL,
    name character varying NOT NULL,
    type character varying NOT NULL,
    "mimeType" character varying NOT NULL,
    width integer DEFAULT 0 NOT NULL,
    height integer DEFAULT 0 NOT NULL,
    "fileSize" integer NOT NULL,
    source character varying NOT NULL,
    preview character varying NOT NULL,
    "focalPoint" text,
    id integer NOT NULL
);


ALTER TABLE public.asset OWNER TO postgres;

--
-- Name: asset_channels_channel; Type: TABLE; Schema: public; Owner: postgres
--

CREATE TABLE public.asset_channels_channel (
    "assetId" integer NOT NULL,
    "channelId" integer NOT NULL
);


ALTER TABLE public.asset_channels_channel OWNER TO postgres;

--
-- Name: asset_id_seq; Type: SEQUENCE; Schema: public; Owner: postgres
--

CREATE SEQUENCE public.asset_id_seq
    AS integer
    START WITH 1
    INCREMENT BY 1
    NO MINVALUE
    NO MAXVALUE
    CACHE 1;


ALTER TABLE public.asset_id_seq OWNER TO postgres;

--
-- Name: asset_id_seq; Type: SEQUENCE OWNED BY; Schema: public; Owner: postgres
--

ALTER SEQUENCE public.asset_id_seq OWNED BY public.asset.id;


--
-- Name: asset_tags_tag; Type: TABLE; Schema: public; Owner: postgres
--

CREATE TABLE public.asset_tags_tag (
    "assetId" integer NOT NULL,
    "tagId" integer NOT NULL
);


ALTER TABLE public.asset_tags_tag OWNER TO postgres;

--
-- Name: authentication_method; Type: TABLE; Schema: public; Owner: postgres
--

CREATE TABLE public.authentication_method (
    "createdAt" timestamp without time zone DEFAULT now() NOT NULL,
    "updatedAt" timestamp without time zone DEFAULT now() NOT NULL,
    identifier character varying,
    "passwordHash" character varying,
    "verificationToken" character varying,
    "passwordResetToken" character varying,
    "identifierChangeToken" character varying,
    "pendingIdentifier" character varying,
    strategy character varying,
    "externalIdentifier" character varying,
    metadata text,
    id integer NOT NULL,
    type character varying NOT NULL,
    "userId" integer
);


ALTER TABLE public.authentication_method OWNER TO postgres;

--
-- Name: authentication_method_id_seq; Type: SEQUENCE; Schema: public; Owner: postgres
--

CREATE SEQUENCE public.authentication_method_id_seq
    AS integer
    START WITH 1
    INCREMENT BY 1
    NO MINVALUE
    NO MAXVALUE
    CACHE 1;


ALTER TABLE public.authentication_method_id_seq OWNER TO postgres;

--
-- Name: authentication_method_id_seq; Type: SEQUENCE OWNED BY; Schema: public; Owner: postgres
--

ALTER SEQUENCE public.authentication_method_id_seq OWNED BY public.authentication_method.id;


--
-- Name: channel; Type: TABLE; Schema: public; Owner: postgres
--

CREATE TABLE public.channel (
    "createdAt" timestamp without time zone DEFAULT now() NOT NULL,
    "updatedAt" timestamp without time zone DEFAULT now() NOT NULL,
    code character varying NOT NULL,
    token character varying NOT NULL,
    description character varying DEFAULT ''::character varying,
    "defaultLanguageCode" character varying NOT NULL,
    "availableLanguageCodes" text,
    "defaultCurrencyCode" character varying NOT NULL,
    "availableCurrencyCodes" text,
    "trackInventory" boolean DEFAULT true NOT NULL,
    "outOfStockThreshold" integer DEFAULT 0 NOT NULL,
    "pricesIncludeTax" boolean NOT NULL,
    id integer NOT NULL,
    "sellerId" integer,
    "defaultTaxZoneId" integer,
    "defaultShippingZoneId" integer
);


ALTER TABLE public.channel OWNER TO postgres;

--
-- Name: channel_id_seq; Type: SEQUENCE; Schema: public; Owner: postgres
--

CREATE SEQUENCE public.channel_id_seq
    AS integer
    START WITH 1
    INCREMENT BY 1
    NO MINVALUE
    NO MAXVALUE
    CACHE 1;


ALTER TABLE public.channel_id_seq OWNER TO postgres;

--
-- Name: channel_id_seq; Type: SEQUENCE OWNED BY; Schema: public; Owner: postgres
--

ALTER SEQUENCE public.channel_id_seq OWNED BY public.channel.id;


--
-- Name: collection; Type: TABLE; Schema: public; Owner: postgres
--

CREATE TABLE public.collection (
    "createdAt" timestamp without time zone DEFAULT now() NOT NULL,
    "updatedAt" timestamp without time zone DEFAULT now() NOT NULL,
    "isRoot" boolean DEFAULT false NOT NULL,
    "position" integer NOT NULL,
    "isPrivate" boolean DEFAULT false NOT NULL,
    filters text NOT NULL,
    "inheritFilters" boolean DEFAULT true NOT NULL,
    id integer NOT NULL,
    "parentId" integer,
    "featuredAssetId" integer
);


ALTER TABLE public.collection OWNER TO postgres;

--
-- Name: collection_asset; Type: TABLE; Schema: public; Owner: postgres
--

CREATE TABLE public.collection_asset (
    "createdAt" timestamp without time zone DEFAULT now() NOT NULL,
    "updatedAt" timestamp without time zone DEFAULT now() NOT NULL,
    "assetId" integer NOT NULL,
    "position" integer NOT NULL,
    "collectionId" integer NOT NULL,
    id integer NOT NULL
);


ALTER TABLE public.collection_asset OWNER TO postgres;

--
-- Name: collection_asset_id_seq; Type: SEQUENCE; Schema: public; Owner: postgres
--

CREATE SEQUENCE public.collection_asset_id_seq
    AS integer
    START WITH 1
    INCREMENT BY 1
    NO MINVALUE
    NO MAXVALUE
    CACHE 1;


ALTER TABLE public.collection_asset_id_seq OWNER TO postgres;

--
-- Name: collection_asset_id_seq; Type: SEQUENCE OWNED BY; Schema: public; Owner: postgres
--

ALTER SEQUENCE public.collection_asset_id_seq OWNED BY public.collection_asset.id;


--
-- Name: collection_channels_channel; Type: TABLE; Schema: public; Owner: postgres
--

CREATE TABLE public.collection_channels_channel (
    "collectionId" integer NOT NULL,
    "channelId" integer NOT NULL
);


ALTER TABLE public.collection_channels_channel OWNER TO postgres;

--
-- Name: collection_closure; Type: TABLE; Schema: public; Owner: postgres
--

CREATE TABLE public.collection_closure (
    id_ancestor integer NOT NULL,
    id_descendant integer NOT NULL
);


ALTER TABLE public.collection_closure OWNER TO postgres;

--
-- Name: collection_id_seq; Type: SEQUENCE; Schema: public; Owner: postgres
--

CREATE SEQUENCE public.collection_id_seq
    AS integer
    START WITH 1
    INCREMENT BY 1
    NO MINVALUE
    NO MAXVALUE
    CACHE 1;


ALTER TABLE public.collection_id_seq OWNER TO postgres;

--
-- Name: collection_id_seq; Type: SEQUENCE OWNED BY; Schema: public; Owner: postgres
--

ALTER SEQUENCE public.collection_id_seq OWNED BY public.collection.id;


--
-- Name: collection_product_variants_product_variant; Type: TABLE; Schema: public; Owner: postgres
--

CREATE TABLE public.collection_product_variants_product_variant (
    "collectionId" integer NOT NULL,
    "productVariantId" integer NOT NULL
);


ALTER TABLE public.collection_product_variants_product_variant OWNER TO postgres;

--
-- Name: collection_translation; Type: TABLE; Schema: public; Owner: postgres
--

CREATE TABLE public.collection_translation (
    "createdAt" timestamp without time zone DEFAULT now() NOT NULL,
    "updatedAt" timestamp without time zone DEFAULT now() NOT NULL,
    "languageCode" character varying NOT NULL,
    name character varying NOT NULL,
    slug character varying NOT NULL,
    description text NOT NULL,
    id integer NOT NULL,
    "baseId" integer
);


ALTER TABLE public.collection_translation OWNER TO postgres;

--
-- Name: collection_translation_id_seq; Type: SEQUENCE; Schema: public; Owner: postgres
--

CREATE SEQUENCE public.collection_translation_id_seq
    AS integer
    START WITH 1
    INCREMENT BY 1
    NO MINVALUE
    NO MAXVALUE
    CACHE 1;


ALTER TABLE public.collection_translation_id_seq OWNER TO postgres;

--
-- Name: collection_translation_id_seq; Type: SEQUENCE OWNED BY; Schema: public; Owner: postgres
--

ALTER SEQUENCE public.collection_translation_id_seq OWNED BY public.collection_translation.id;


--
-- Name: customer; Type: TABLE; Schema: public; Owner: postgres
--

CREATE TABLE public.customer (
    "createdAt" timestamp without time zone DEFAULT now() NOT NULL,
    "updatedAt" timestamp without time zone DEFAULT now() NOT NULL,
    "deletedAt" timestamp without time zone,
    title character varying,
    "firstName" character varying NOT NULL,
    "lastName" character varying NOT NULL,
    "phoneNumber" character varying,
    "emailAddress" character varying NOT NULL,
    id integer NOT NULL,
    "userId" integer
);


ALTER TABLE public.customer OWNER TO postgres;

--
-- Name: customer_channels_channel; Type: TABLE; Schema: public; Owner: postgres
--

CREATE TABLE public.customer_channels_channel (
    "customerId" integer NOT NULL,
    "channelId" integer NOT NULL
);


ALTER TABLE public.customer_channels_channel OWNER TO postgres;

--
-- Name: customer_group; Type: TABLE; Schema: public; Owner: postgres
--

CREATE TABLE public.customer_group (
    "createdAt" timestamp without time zone DEFAULT now() NOT NULL,
    "updatedAt" timestamp without time zone DEFAULT now() NOT NULL,
    name character varying NOT NULL,
    id integer NOT NULL
);


ALTER TABLE public.customer_group OWNER TO postgres;

--
-- Name: customer_group_id_seq; Type: SEQUENCE; Schema: public; Owner: postgres
--

CREATE SEQUENCE public.customer_group_id_seq
    AS integer
    START WITH 1
    INCREMENT BY 1
    NO MINVALUE
    NO MAXVALUE
    CACHE 1;


ALTER TABLE public.customer_group_id_seq OWNER TO postgres;

--
-- Name: customer_group_id_seq; Type: SEQUENCE OWNED BY; Schema: public; Owner: postgres
--

ALTER SEQUENCE public.customer_group_id_seq OWNED BY public.customer_group.id;


--
-- Name: customer_groups_customer_group; Type: TABLE; Schema: public; Owner: postgres
--

CREATE TABLE public.customer_groups_customer_group (
    "customerId" integer NOT NULL,
    "customerGroupId" integer NOT NULL
);


ALTER TABLE public.customer_groups_customer_group OWNER TO postgres;

--
-- Name: customer_id_seq; Type: SEQUENCE; Schema: public; Owner: postgres
--

CREATE SEQUENCE public.customer_id_seq
    AS integer
    START WITH 1
    INCREMENT BY 1
    NO MINVALUE
    NO MAXVALUE
    CACHE 1;


ALTER TABLE public.customer_id_seq OWNER TO postgres;

--
-- Name: customer_id_seq; Type: SEQUENCE OWNED BY; Schema: public; Owner: postgres
--

ALTER SEQUENCE public.customer_id_seq OWNED BY public.customer.id;


--
-- Name: facet; Type: TABLE; Schema: public; Owner: postgres
--

CREATE TABLE public.facet (
    "createdAt" timestamp without time zone DEFAULT now() NOT NULL,
    "updatedAt" timestamp without time zone DEFAULT now() NOT NULL,
    "isPrivate" boolean DEFAULT false NOT NULL,
    code character varying NOT NULL,
    id integer NOT NULL
);


ALTER TABLE public.facet OWNER TO postgres;

--
-- Name: facet_channels_channel; Type: TABLE; Schema: public; Owner: postgres
--

CREATE TABLE public.facet_channels_channel (
    "facetId" integer NOT NULL,
    "channelId" integer NOT NULL
);


ALTER TABLE public.facet_channels_channel OWNER TO postgres;

--
-- Name: facet_id_seq; Type: SEQUENCE; Schema: public; Owner: postgres
--

CREATE SEQUENCE public.facet_id_seq
    AS integer
    START WITH 1
    INCREMENT BY 1
    NO MINVALUE
    NO MAXVALUE
    CACHE 1;


ALTER TABLE public.facet_id_seq OWNER TO postgres;

--
-- Name: facet_id_seq; Type: SEQUENCE OWNED BY; Schema: public; Owner: postgres
--

ALTER SEQUENCE public.facet_id_seq OWNED BY public.facet.id;


--
-- Name: facet_translation; Type: TABLE; Schema: public; Owner: postgres
--

CREATE TABLE public.facet_translation (
    "createdAt" timestamp without time zone DEFAULT now() NOT NULL,
    "updatedAt" timestamp without time zone DEFAULT now() NOT NULL,
    "languageCode" character varying NOT NULL,
    name character varying NOT NULL,
    id integer NOT NULL,
    "baseId" integer
);


ALTER TABLE public.facet_translation OWNER TO postgres;

--
-- Name: facet_translation_id_seq; Type: SEQUENCE; Schema: public; Owner: postgres
--

CREATE SEQUENCE public.facet_translation_id_seq
    AS integer
    START WITH 1
    INCREMENT BY 1
    NO MINVALUE
    NO MAXVALUE
    CACHE 1;


ALTER TABLE public.facet_translation_id_seq OWNER TO postgres;

--
-- Name: facet_translation_id_seq; Type: SEQUENCE OWNED BY; Schema: public; Owner: postgres
--

ALTER SEQUENCE public.facet_translation_id_seq OWNED BY public.facet_translation.id;


--
-- Name: facet_value; Type: TABLE; Schema: public; Owner: postgres
--

CREATE TABLE public.facet_value (
    "createdAt" timestamp without time zone DEFAULT now() NOT NULL,
    "updatedAt" timestamp without time zone DEFAULT now() NOT NULL,
    code character varying NOT NULL,
    id integer NOT NULL,
    "facetId" integer NOT NULL
);


ALTER TABLE public.facet_value OWNER TO postgres;

--
-- Name: facet_value_channels_channel; Type: TABLE; Schema: public; Owner: postgres
--

CREATE TABLE public.facet_value_channels_channel (
    "facetValueId" integer NOT NULL,
    "channelId" integer NOT NULL
);


ALTER TABLE public.facet_value_channels_channel OWNER TO postgres;

--
-- Name: facet_value_id_seq; Type: SEQUENCE; Schema: public; Owner: postgres
--

CREATE SEQUENCE public.facet_value_id_seq
    AS integer
    START WITH 1
    INCREMENT BY 1
    NO MINVALUE
    NO MAXVALUE
    CACHE 1;


ALTER TABLE public.facet_value_id_seq OWNER TO postgres;

--
-- Name: facet_value_id_seq; Type: SEQUENCE OWNED BY; Schema: public; Owner: postgres
--

ALTER SEQUENCE public.facet_value_id_seq OWNED BY public.facet_value.id;


--
-- Name: facet_value_translation; Type: TABLE; Schema: public; Owner: postgres
--

CREATE TABLE public.facet_value_translation (
    "createdAt" timestamp without time zone DEFAULT now() NOT NULL,
    "updatedAt" timestamp without time zone DEFAULT now() NOT NULL,
    "languageCode" character varying NOT NULL,
    name character varying NOT NULL,
    id integer NOT NULL,
    "baseId" integer
);


ALTER TABLE public.facet_value_translation OWNER TO postgres;

--
-- Name: facet_value_translation_id_seq; Type: SEQUENCE; Schema: public; Owner: postgres
--

CREATE SEQUENCE public.facet_value_translation_id_seq
    AS integer
    START WITH 1
    INCREMENT BY 1
    NO MINVALUE
    NO MAXVALUE
    CACHE 1;


ALTER TABLE public.facet_value_translation_id_seq OWNER TO postgres;

--
-- Name: facet_value_translation_id_seq; Type: SEQUENCE OWNED BY; Schema: public; Owner: postgres
--

ALTER SEQUENCE public.facet_value_translation_id_seq OWNED BY public.facet_value_translation.id;


--
-- Name: fulfillment; Type: TABLE; Schema: public; Owner: postgres
--

CREATE TABLE public.fulfillment (
    "createdAt" timestamp without time zone DEFAULT now() NOT NULL,
    "updatedAt" timestamp without time zone DEFAULT now() NOT NULL,
    state character varying NOT NULL,
    "trackingCode" character varying DEFAULT ''::character varying NOT NULL,
    method character varying NOT NULL,
    "handlerCode" character varying NOT NULL,
    id integer NOT NULL
);


ALTER TABLE public.fulfillment OWNER TO postgres;

--
-- Name: fulfillment_id_seq; Type: SEQUENCE; Schema: public; Owner: postgres
--

CREATE SEQUENCE public.fulfillment_id_seq
    AS integer
    START WITH 1
    INCREMENT BY 1
    NO MINVALUE
    NO MAXVALUE
    CACHE 1;


ALTER TABLE public.fulfillment_id_seq OWNER TO postgres;

--
-- Name: fulfillment_id_seq; Type: SEQUENCE OWNED BY; Schema: public; Owner: postgres
--

ALTER SEQUENCE public.fulfillment_id_seq OWNED BY public.fulfillment.id;


--
-- Name: global_settings; Type: TABLE; Schema: public; Owner: postgres
--

CREATE TABLE public.global_settings (
    "createdAt" timestamp without time zone DEFAULT now() NOT NULL,
    "updatedAt" timestamp without time zone DEFAULT now() NOT NULL,
    "availableLanguages" text NOT NULL,
    "trackInventory" boolean DEFAULT true NOT NULL,
    "outOfStockThreshold" integer DEFAULT 0 NOT NULL,
    id integer NOT NULL
);


ALTER TABLE public.global_settings OWNER TO postgres;

--
-- Name: global_settings_id_seq; Type: SEQUENCE; Schema: public; Owner: postgres
--

CREATE SEQUENCE public.global_settings_id_seq
    AS integer
    START WITH 1
    INCREMENT BY 1
    NO MINVALUE
    NO MAXVALUE
    CACHE 1;


ALTER TABLE public.global_settings_id_seq OWNER TO postgres;

--
-- Name: global_settings_id_seq; Type: SEQUENCE OWNED BY; Schema: public; Owner: postgres
--

ALTER SEQUENCE public.global_settings_id_seq OWNED BY public.global_settings.id;


--
-- Name: history_entry; Type: TABLE; Schema: public; Owner: postgres
--

CREATE TABLE public.history_entry (
    "createdAt" timestamp without time zone DEFAULT now() NOT NULL,
    "updatedAt" timestamp without time zone DEFAULT now() NOT NULL,
    type character varying NOT NULL,
    "isPublic" boolean NOT NULL,
    data text NOT NULL,
    id integer NOT NULL,
    discriminator character varying NOT NULL,
    "administratorId" integer,
    "customerId" integer,
    "orderId" integer
);


ALTER TABLE public.history_entry OWNER TO postgres;

--
-- Name: history_entry_id_seq; Type: SEQUENCE; Schema: public; Owner: postgres
--

CREATE SEQUENCE public.history_entry_id_seq
    AS integer
    START WITH 1
    INCREMENT BY 1
    NO MINVALUE
    NO MAXVALUE
    CACHE 1;


ALTER TABLE public.history_entry_id_seq OWNER TO postgres;

--
-- Name: history_entry_id_seq; Type: SEQUENCE OWNED BY; Schema: public; Owner: postgres
--

ALTER SEQUENCE public.history_entry_id_seq OWNED BY public.history_entry.id;


--
-- Name: job_record; Type: TABLE; Schema: public; Owner: postgres
--

CREATE TABLE public.job_record (
    "createdAt" timestamp without time zone DEFAULT now() NOT NULL,
    "updatedAt" timestamp without time zone DEFAULT now() NOT NULL,
    "queueName" character varying NOT NULL,
    data text,
    state character varying NOT NULL,
    progress integer NOT NULL,
    result text,
    error character varying,
    "startedAt" timestamp(6) without time zone,
    "settledAt" timestamp(6) without time zone,
    "isSettled" boolean NOT NULL,
    retries integer NOT NULL,
    attempts integer NOT NULL,
    id integer NOT NULL
);


ALTER TABLE public.job_record OWNER TO postgres;

--
-- Name: job_record_buffer; Type: TABLE; Schema: public; Owner: postgres
--

CREATE TABLE public.job_record_buffer (
    "createdAt" timestamp without time zone DEFAULT now() NOT NULL,
    "updatedAt" timestamp without time zone DEFAULT now() NOT NULL,
    "bufferId" character varying NOT NULL,
    job text NOT NULL,
    id integer NOT NULL
);


ALTER TABLE public.job_record_buffer OWNER TO postgres;

--
-- Name: job_record_buffer_id_seq; Type: SEQUENCE; Schema: public; Owner: postgres
--

CREATE SEQUENCE public.job_record_buffer_id_seq
    AS integer
    START WITH 1
    INCREMENT BY 1
    NO MINVALUE
    NO MAXVALUE
    CACHE 1;


ALTER TABLE public.job_record_buffer_id_seq OWNER TO postgres;

--
-- Name: job_record_buffer_id_seq; Type: SEQUENCE OWNED BY; Schema: public; Owner: postgres
--

ALTER SEQUENCE public.job_record_buffer_id_seq OWNED BY public.job_record_buffer.id;


--
-- Name: job_record_id_seq; Type: SEQUENCE; Schema: public; Owner: postgres
--

CREATE SEQUENCE public.job_record_id_seq
    AS integer
    START WITH 1
    INCREMENT BY 1
    NO MINVALUE
    NO MAXVALUE
    CACHE 1;


ALTER TABLE public.job_record_id_seq OWNER TO postgres;

--
-- Name: job_record_id_seq; Type: SEQUENCE OWNED BY; Schema: public; Owner: postgres
--

ALTER SEQUENCE public.job_record_id_seq OWNED BY public.job_record.id;


--
-- Name: migrations; Type: TABLE; Schema: public; Owner: postgres
--

CREATE TABLE public.migrations (
    id integer NOT NULL,
    "timestamp" bigint NOT NULL,
    name character varying NOT NULL
);


ALTER TABLE public.migrations OWNER TO postgres;

--
-- Name: migrations_id_seq; Type: SEQUENCE; Schema: public; Owner: postgres
--

CREATE SEQUENCE public.migrations_id_seq
    AS integer
    START WITH 1
    INCREMENT BY 1
    NO MINVALUE
    NO MAXVALUE
    CACHE 1;


ALTER TABLE public.migrations_id_seq OWNER TO postgres;

--
-- Name: migrations_id_seq; Type: SEQUENCE OWNED BY; Schema: public; Owner: postgres
--

ALTER SEQUENCE public.migrations_id_seq OWNED BY public.migrations.id;


--
-- Name: order; Type: TABLE; Schema: public; Owner: postgres
--

CREATE TABLE public."order" (
    "createdAt" timestamp without time zone DEFAULT now() NOT NULL,
    "updatedAt" timestamp without time zone DEFAULT now() NOT NULL,
    type character varying DEFAULT 'Regular'::character varying NOT NULL,
    code character varying NOT NULL,
    state character varying NOT NULL,
    active boolean DEFAULT true NOT NULL,
    "orderPlacedAt" timestamp without time zone,
    "couponCodes" text NOT NULL,
    "shippingAddress" text NOT NULL,
    "billingAddress" text NOT NULL,
    "currencyCode" character varying NOT NULL,
    id integer NOT NULL,
    "aggregateOrderId" integer,
    "customerId" integer,
    "taxZoneId" integer,
    "subTotal" integer NOT NULL,
    "subTotalWithTax" integer NOT NULL,
    shipping integer DEFAULT 0 NOT NULL,
    "shippingWithTax" integer DEFAULT 0 NOT NULL
);


ALTER TABLE public."order" OWNER TO postgres;

--
-- Name: order_channels_channel; Type: TABLE; Schema: public; Owner: postgres
--

CREATE TABLE public.order_channels_channel (
    "orderId" integer NOT NULL,
    "channelId" integer NOT NULL
);


ALTER TABLE public.order_channels_channel OWNER TO postgres;

--
-- Name: order_fulfillments_fulfillment; Type: TABLE; Schema: public; Owner: postgres
--

CREATE TABLE public.order_fulfillments_fulfillment (
    "orderId" integer NOT NULL,
    "fulfillmentId" integer NOT NULL
);


ALTER TABLE public.order_fulfillments_fulfillment OWNER TO postgres;

--
-- Name: order_id_seq; Type: SEQUENCE; Schema: public; Owner: postgres
--

CREATE SEQUENCE public.order_id_seq
    AS integer
    START WITH 1
    INCREMENT BY 1
    NO MINVALUE
    NO MAXVALUE
    CACHE 1;


ALTER TABLE public.order_id_seq OWNER TO postgres;

--
-- Name: order_id_seq; Type: SEQUENCE OWNED BY; Schema: public; Owner: postgres
--

ALTER SEQUENCE public.order_id_seq OWNED BY public."order".id;


--
-- Name: order_line; Type: TABLE; Schema: public; Owner: postgres
--

CREATE TABLE public.order_line (
    "createdAt" timestamp without time zone DEFAULT now() NOT NULL,
    "updatedAt" timestamp without time zone DEFAULT now() NOT NULL,
    quantity integer NOT NULL,
    "orderPlacedQuantity" integer DEFAULT 0 NOT NULL,
    "listPriceIncludesTax" boolean NOT NULL,
    adjustments text NOT NULL,
    "taxLines" text NOT NULL,
    id integer NOT NULL,
    "sellerChannelId" integer,
    "shippingLineId" integer,
    "productVariantId" integer NOT NULL,
    "initialListPrice" integer,
    "listPrice" integer NOT NULL,
    "taxCategoryId" integer,
    "featuredAssetId" integer,
    "orderId" integer,
    "customFieldsSubscriptionids" text,
    "customFieldsSubscriptionhash" text
);


ALTER TABLE public.order_line OWNER TO postgres;

--
-- Name: order_line_id_seq; Type: SEQUENCE; Schema: public; Owner: postgres
--

CREATE SEQUENCE public.order_line_id_seq
    AS integer
    START WITH 1
    INCREMENT BY 1
    NO MINVALUE
    NO MAXVALUE
    CACHE 1;


ALTER TABLE public.order_line_id_seq OWNER TO postgres;

--
-- Name: order_line_id_seq; Type: SEQUENCE OWNED BY; Schema: public; Owner: postgres
--

ALTER SEQUENCE public.order_line_id_seq OWNED BY public.order_line.id;


--
-- Name: order_line_reference; Type: TABLE; Schema: public; Owner: postgres
--

CREATE TABLE public.order_line_reference (
    "createdAt" timestamp without time zone DEFAULT now() NOT NULL,
    "updatedAt" timestamp without time zone DEFAULT now() NOT NULL,
    quantity integer NOT NULL,
    id integer NOT NULL,
    "fulfillmentId" integer,
    "modificationId" integer,
    "orderLineId" integer NOT NULL,
    "refundId" integer,
    discriminator character varying NOT NULL
);


ALTER TABLE public.order_line_reference OWNER TO postgres;

--
-- Name: order_line_reference_id_seq; Type: SEQUENCE; Schema: public; Owner: postgres
--

CREATE SEQUENCE public.order_line_reference_id_seq
    AS integer
    START WITH 1
    INCREMENT BY 1
    NO MINVALUE
    NO MAXVALUE
    CACHE 1;


ALTER TABLE public.order_line_reference_id_seq OWNER TO postgres;

--
-- Name: order_line_reference_id_seq; Type: SEQUENCE OWNED BY; Schema: public; Owner: postgres
--

ALTER SEQUENCE public.order_line_reference_id_seq OWNED BY public.order_line_reference.id;


--
-- Name: order_modification; Type: TABLE; Schema: public; Owner: postgres
--

CREATE TABLE public.order_modification (
    "createdAt" timestamp without time zone DEFAULT now() NOT NULL,
    "updatedAt" timestamp without time zone DEFAULT now() NOT NULL,
    note character varying NOT NULL,
    "shippingAddressChange" text,
    "billingAddressChange" text,
    id integer NOT NULL,
    "priceChange" integer NOT NULL,
    "orderId" integer,
    "paymentId" integer,
    "refundId" integer
);


ALTER TABLE public.order_modification OWNER TO postgres;

--
-- Name: order_modification_id_seq; Type: SEQUENCE; Schema: public; Owner: postgres
--

CREATE SEQUENCE public.order_modification_id_seq
    AS integer
    START WITH 1
    INCREMENT BY 1
    NO MINVALUE
    NO MAXVALUE
    CACHE 1;


ALTER TABLE public.order_modification_id_seq OWNER TO postgres;

--
-- Name: order_modification_id_seq; Type: SEQUENCE OWNED BY; Schema: public; Owner: postgres
--

ALTER SEQUENCE public.order_modification_id_seq OWNED BY public.order_modification.id;


--
-- Name: order_promotions_promotion; Type: TABLE; Schema: public; Owner: postgres
--

CREATE TABLE public.order_promotions_promotion (
    "orderId" integer NOT NULL,
    "promotionId" integer NOT NULL
);


ALTER TABLE public.order_promotions_promotion OWNER TO postgres;

--
-- Name: payment; Type: TABLE; Schema: public; Owner: postgres
--

CREATE TABLE public.payment (
    "createdAt" timestamp without time zone DEFAULT now() NOT NULL,
    "updatedAt" timestamp without time zone DEFAULT now() NOT NULL,
    method character varying NOT NULL,
    state character varying NOT NULL,
    "errorMessage" character varying,
    "transactionId" character varying,
    metadata text NOT NULL,
    id integer NOT NULL,
    amount integer NOT NULL,
    "orderId" integer
);


ALTER TABLE public.payment OWNER TO postgres;

--
-- Name: payment_id_seq; Type: SEQUENCE; Schema: public; Owner: postgres
--

CREATE SEQUENCE public.payment_id_seq
    AS integer
    START WITH 1
    INCREMENT BY 1
    NO MINVALUE
    NO MAXVALUE
    CACHE 1;


ALTER TABLE public.payment_id_seq OWNER TO postgres;

--
-- Name: payment_id_seq; Type: SEQUENCE OWNED BY; Schema: public; Owner: postgres
--

ALTER SEQUENCE public.payment_id_seq OWNED BY public.payment.id;


--
-- Name: payment_method; Type: TABLE; Schema: public; Owner: postgres
--

CREATE TABLE public.payment_method (
    "createdAt" timestamp without time zone DEFAULT now() NOT NULL,
    "updatedAt" timestamp without time zone DEFAULT now() NOT NULL,
    code character varying DEFAULT ''::character varying NOT NULL,
    enabled boolean NOT NULL,
    checker text,
    handler text NOT NULL,
    id integer NOT NULL
);


ALTER TABLE public.payment_method OWNER TO postgres;

--
-- Name: payment_method_channels_channel; Type: TABLE; Schema: public; Owner: postgres
--

CREATE TABLE public.payment_method_channels_channel (
    "paymentMethodId" integer NOT NULL,
    "channelId" integer NOT NULL
);


ALTER TABLE public.payment_method_channels_channel OWNER TO postgres;

--
-- Name: payment_method_id_seq; Type: SEQUENCE; Schema: public; Owner: postgres
--

CREATE SEQUENCE public.payment_method_id_seq
    AS integer
    START WITH 1
    INCREMENT BY 1
    NO MINVALUE
    NO MAXVALUE
    CACHE 1;


ALTER TABLE public.payment_method_id_seq OWNER TO postgres;

--
-- Name: payment_method_id_seq; Type: SEQUENCE OWNED BY; Schema: public; Owner: postgres
--

ALTER SEQUENCE public.payment_method_id_seq OWNED BY public.payment_method.id;


--
-- Name: payment_method_translation; Type: TABLE; Schema: public; Owner: postgres
--

CREATE TABLE public.payment_method_translation (
    "createdAt" timestamp without time zone DEFAULT now() NOT NULL,
    "updatedAt" timestamp without time zone DEFAULT now() NOT NULL,
    "languageCode" character varying NOT NULL,
    name character varying NOT NULL,
    description text NOT NULL,
    id integer NOT NULL,
    "baseId" integer
);


ALTER TABLE public.payment_method_translation OWNER TO postgres;

--
-- Name: payment_method_translation_id_seq; Type: SEQUENCE; Schema: public; Owner: postgres
--

CREATE SEQUENCE public.payment_method_translation_id_seq
    AS integer
    START WITH 1
    INCREMENT BY 1
    NO MINVALUE
    NO MAXVALUE
    CACHE 1;


ALTER TABLE public.payment_method_translation_id_seq OWNER TO postgres;

--
-- Name: payment_method_translation_id_seq; Type: SEQUENCE OWNED BY; Schema: public; Owner: postgres
--

ALTER SEQUENCE public.payment_method_translation_id_seq OWNED BY public.payment_method_translation.id;


--
-- Name: product; Type: TABLE; Schema: public; Owner: postgres
--

CREATE TABLE public.product (
    "createdAt" timestamp without time zone DEFAULT now() NOT NULL,
    "updatedAt" timestamp without time zone DEFAULT now() NOT NULL,
    "deletedAt" timestamp without time zone,
    enabled boolean DEFAULT true NOT NULL,
    id integer NOT NULL,
    "featuredAssetId" integer
);


ALTER TABLE public.product OWNER TO postgres;

--
-- Name: product_asset; Type: TABLE; Schema: public; Owner: postgres
--

CREATE TABLE public.product_asset (
    "createdAt" timestamp without time zone DEFAULT now() NOT NULL,
    "updatedAt" timestamp without time zone DEFAULT now() NOT NULL,
    "assetId" integer NOT NULL,
    "position" integer NOT NULL,
    "productId" integer NOT NULL,
    id integer NOT NULL
);


ALTER TABLE public.product_asset OWNER TO postgres;

--
-- Name: product_asset_id_seq; Type: SEQUENCE; Schema: public; Owner: postgres
--

CREATE SEQUENCE public.product_asset_id_seq
    AS integer
    START WITH 1
    INCREMENT BY 1
    NO MINVALUE
    NO MAXVALUE
    CACHE 1;


ALTER TABLE public.product_asset_id_seq OWNER TO postgres;

--
-- Name: product_asset_id_seq; Type: SEQUENCE OWNED BY; Schema: public; Owner: postgres
--

ALTER SEQUENCE public.product_asset_id_seq OWNED BY public.product_asset.id;


--
-- Name: product_channels_channel; Type: TABLE; Schema: public; Owner: postgres
--

CREATE TABLE public.product_channels_channel (
    "productId" integer NOT NULL,
    "channelId" integer NOT NULL
);


ALTER TABLE public.product_channels_channel OWNER TO postgres;

--
-- Name: product_facet_values_facet_value; Type: TABLE; Schema: public; Owner: postgres
--

CREATE TABLE public.product_facet_values_facet_value (
    "productId" integer NOT NULL,
    "facetValueId" integer NOT NULL
);


ALTER TABLE public.product_facet_values_facet_value OWNER TO postgres;

--
-- Name: product_id_seq; Type: SEQUENCE; Schema: public; Owner: postgres
--

CREATE SEQUENCE public.product_id_seq
    AS integer
    START WITH 1
    INCREMENT BY 1
    NO MINVALUE
    NO MAXVALUE
    CACHE 1;


ALTER TABLE public.product_id_seq OWNER TO postgres;

--
-- Name: product_id_seq; Type: SEQUENCE OWNED BY; Schema: public; Owner: postgres
--

ALTER SEQUENCE public.product_id_seq OWNED BY public.product.id;


--
-- Name: product_option; Type: TABLE; Schema: public; Owner: postgres
--

CREATE TABLE public.product_option (
    "createdAt" timestamp without time zone DEFAULT now() NOT NULL,
    "updatedAt" timestamp without time zone DEFAULT now() NOT NULL,
    "deletedAt" timestamp without time zone,
    code character varying NOT NULL,
    id integer NOT NULL,
    "groupId" integer NOT NULL
);


ALTER TABLE public.product_option OWNER TO postgres;

--
-- Name: product_option_group; Type: TABLE; Schema: public; Owner: postgres
--

CREATE TABLE public.product_option_group (
    "createdAt" timestamp without time zone DEFAULT now() NOT NULL,
    "updatedAt" timestamp without time zone DEFAULT now() NOT NULL,
    "deletedAt" timestamp without time zone,
    code character varying NOT NULL,
    id integer NOT NULL,
    "productId" integer
);


ALTER TABLE public.product_option_group OWNER TO postgres;

--
-- Name: product_option_group_id_seq; Type: SEQUENCE; Schema: public; Owner: postgres
--

CREATE SEQUENCE public.product_option_group_id_seq
    AS integer
    START WITH 1
    INCREMENT BY 1
    NO MINVALUE
    NO MAXVALUE
    CACHE 1;


ALTER TABLE public.product_option_group_id_seq OWNER TO postgres;

--
-- Name: product_option_group_id_seq; Type: SEQUENCE OWNED BY; Schema: public; Owner: postgres
--

ALTER SEQUENCE public.product_option_group_id_seq OWNED BY public.product_option_group.id;


--
-- Name: product_option_group_translation; Type: TABLE; Schema: public; Owner: postgres
--

CREATE TABLE public.product_option_group_translation (
    "createdAt" timestamp without time zone DEFAULT now() NOT NULL,
    "updatedAt" timestamp without time zone DEFAULT now() NOT NULL,
    "languageCode" character varying NOT NULL,
    name character varying NOT NULL,
    id integer NOT NULL,
    "baseId" integer
);


ALTER TABLE public.product_option_group_translation OWNER TO postgres;

--
-- Name: product_option_group_translation_id_seq; Type: SEQUENCE; Schema: public; Owner: postgres
--

CREATE SEQUENCE public.product_option_group_translation_id_seq
    AS integer
    START WITH 1
    INCREMENT BY 1
    NO MINVALUE
    NO MAXVALUE
    CACHE 1;


ALTER TABLE public.product_option_group_translation_id_seq OWNER TO postgres;

--
-- Name: product_option_group_translation_id_seq; Type: SEQUENCE OWNED BY; Schema: public; Owner: postgres
--

ALTER SEQUENCE public.product_option_group_translation_id_seq OWNED BY public.product_option_group_translation.id;


--
-- Name: product_option_id_seq; Type: SEQUENCE; Schema: public; Owner: postgres
--

CREATE SEQUENCE public.product_option_id_seq
    AS integer
    START WITH 1
    INCREMENT BY 1
    NO MINVALUE
    NO MAXVALUE
    CACHE 1;


ALTER TABLE public.product_option_id_seq OWNER TO postgres;

--
-- Name: product_option_id_seq; Type: SEQUENCE OWNED BY; Schema: public; Owner: postgres
--

ALTER SEQUENCE public.product_option_id_seq OWNED BY public.product_option.id;


--
-- Name: product_option_translation; Type: TABLE; Schema: public; Owner: postgres
--

CREATE TABLE public.product_option_translation (
    "createdAt" timestamp without time zone DEFAULT now() NOT NULL,
    "updatedAt" timestamp without time zone DEFAULT now() NOT NULL,
    "languageCode" character varying NOT NULL,
    name character varying NOT NULL,
    id integer NOT NULL,
    "baseId" integer
);


ALTER TABLE public.product_option_translation OWNER TO postgres;

--
-- Name: product_option_translation_id_seq; Type: SEQUENCE; Schema: public; Owner: postgres
--

CREATE SEQUENCE public.product_option_translation_id_seq
    AS integer
    START WITH 1
    INCREMENT BY 1
    NO MINVALUE
    NO MAXVALUE
    CACHE 1;


ALTER TABLE public.product_option_translation_id_seq OWNER TO postgres;

--
-- Name: product_option_translation_id_seq; Type: SEQUENCE OWNED BY; Schema: public; Owner: postgres
--

ALTER SEQUENCE public.product_option_translation_id_seq OWNED BY public.product_option_translation.id;


--
-- Name: product_translation; Type: TABLE; Schema: public; Owner: postgres
--

CREATE TABLE public.product_translation (
    "createdAt" timestamp without time zone DEFAULT now() NOT NULL,
    "updatedAt" timestamp without time zone DEFAULT now() NOT NULL,
    "languageCode" character varying NOT NULL,
    name character varying NOT NULL,
    slug character varying NOT NULL,
    description text NOT NULL,
    id integer NOT NULL,
    "baseId" integer
);


ALTER TABLE public.product_translation OWNER TO postgres;

--
-- Name: product_translation_id_seq; Type: SEQUENCE; Schema: public; Owner: postgres
--

CREATE SEQUENCE public.product_translation_id_seq
    AS integer
    START WITH 1
    INCREMENT BY 1
    NO MINVALUE
    NO MAXVALUE
    CACHE 1;


ALTER TABLE public.product_translation_id_seq OWNER TO postgres;

--
-- Name: product_translation_id_seq; Type: SEQUENCE OWNED BY; Schema: public; Owner: postgres
--

ALTER SEQUENCE public.product_translation_id_seq OWNED BY public.product_translation.id;


--
-- Name: product_variant; Type: TABLE; Schema: public; Owner: postgres
--

CREATE TABLE public.product_variant (
    "createdAt" timestamp without time zone DEFAULT now() NOT NULL,
    "updatedAt" timestamp without time zone DEFAULT now() NOT NULL,
    "deletedAt" timestamp without time zone,
    enabled boolean DEFAULT true NOT NULL,
    sku character varying NOT NULL,
    "outOfStockThreshold" integer DEFAULT 0 NOT NULL,
    "useGlobalOutOfStockThreshold" boolean DEFAULT true NOT NULL,
    "trackInventory" character varying DEFAULT 'INHERIT'::character varying NOT NULL,
    id integer NOT NULL,
    "productId" integer,
    "featuredAssetId" integer,
    "taxCategoryId" integer
);


ALTER TABLE public.product_variant OWNER TO postgres;

--
-- Name: product_variant_asset; Type: TABLE; Schema: public; Owner: postgres
--

CREATE TABLE public.product_variant_asset (
    "createdAt" timestamp without time zone DEFAULT now() NOT NULL,
    "updatedAt" timestamp without time zone DEFAULT now() NOT NULL,
    "assetId" integer NOT NULL,
    "position" integer NOT NULL,
    "productVariantId" integer NOT NULL,
    id integer NOT NULL
);


ALTER TABLE public.product_variant_asset OWNER TO postgres;

--
-- Name: product_variant_asset_id_seq; Type: SEQUENCE; Schema: public; Owner: postgres
--

CREATE SEQUENCE public.product_variant_asset_id_seq
    AS integer
    START WITH 1
    INCREMENT BY 1
    NO MINVALUE
    NO MAXVALUE
    CACHE 1;


ALTER TABLE public.product_variant_asset_id_seq OWNER TO postgres;

--
-- Name: product_variant_asset_id_seq; Type: SEQUENCE OWNED BY; Schema: public; Owner: postgres
--

ALTER SEQUENCE public.product_variant_asset_id_seq OWNED BY public.product_variant_asset.id;


--
-- Name: product_variant_channels_channel; Type: TABLE; Schema: public; Owner: postgres
--

CREATE TABLE public.product_variant_channels_channel (
    "productVariantId" integer NOT NULL,
    "channelId" integer NOT NULL
);


ALTER TABLE public.product_variant_channels_channel OWNER TO postgres;

--
-- Name: product_variant_facet_values_facet_value; Type: TABLE; Schema: public; Owner: postgres
--

CREATE TABLE public.product_variant_facet_values_facet_value (
    "productVariantId" integer NOT NULL,
    "facetValueId" integer NOT NULL
);


ALTER TABLE public.product_variant_facet_values_facet_value OWNER TO postgres;

--
-- Name: product_variant_id_seq; Type: SEQUENCE; Schema: public; Owner: postgres
--

CREATE SEQUENCE public.product_variant_id_seq
    AS integer
    START WITH 1
    INCREMENT BY 1
    NO MINVALUE
    NO MAXVALUE
    CACHE 1;


ALTER TABLE public.product_variant_id_seq OWNER TO postgres;

--
-- Name: product_variant_id_seq; Type: SEQUENCE OWNED BY; Schema: public; Owner: postgres
--

ALTER SEQUENCE public.product_variant_id_seq OWNED BY public.product_variant.id;


--
-- Name: product_variant_options_product_option; Type: TABLE; Schema: public; Owner: postgres
--

CREATE TABLE public.product_variant_options_product_option (
    "productVariantId" integer NOT NULL,
    "productOptionId" integer NOT NULL
);


ALTER TABLE public.product_variant_options_product_option OWNER TO postgres;

--
-- Name: product_variant_price; Type: TABLE; Schema: public; Owner: postgres
--

CREATE TABLE public.product_variant_price (
    "createdAt" timestamp without time zone DEFAULT now() NOT NULL,
    "updatedAt" timestamp without time zone DEFAULT now() NOT NULL,
    "currencyCode" character varying NOT NULL,
    id integer NOT NULL,
    "channelId" integer,
    price integer NOT NULL,
    "variantId" integer
);


ALTER TABLE public.product_variant_price OWNER TO postgres;

--
-- Name: product_variant_price_id_seq; Type: SEQUENCE; Schema: public; Owner: postgres
--

CREATE SEQUENCE public.product_variant_price_id_seq
    AS integer
    START WITH 1
    INCREMENT BY 1
    NO MINVALUE
    NO MAXVALUE
    CACHE 1;


ALTER TABLE public.product_variant_price_id_seq OWNER TO postgres;

--
-- Name: product_variant_price_id_seq; Type: SEQUENCE OWNED BY; Schema: public; Owner: postgres
--

ALTER SEQUENCE public.product_variant_price_id_seq OWNED BY public.product_variant_price.id;


--
-- Name: product_variant_translation; Type: TABLE; Schema: public; Owner: postgres
--

CREATE TABLE public.product_variant_translation (
    "createdAt" timestamp without time zone DEFAULT now() NOT NULL,
    "updatedAt" timestamp without time zone DEFAULT now() NOT NULL,
    "languageCode" character varying NOT NULL,
    name character varying NOT NULL,
    id integer NOT NULL,
    "baseId" integer
);


ALTER TABLE public.product_variant_translation OWNER TO postgres;

--
-- Name: product_variant_translation_id_seq; Type: SEQUENCE; Schema: public; Owner: postgres
--

CREATE SEQUENCE public.product_variant_translation_id_seq
    AS integer
    START WITH 1
    INCREMENT BY 1
    NO MINVALUE
    NO MAXVALUE
    CACHE 1;


ALTER TABLE public.product_variant_translation_id_seq OWNER TO postgres;

--
-- Name: product_variant_translation_id_seq; Type: SEQUENCE OWNED BY; Schema: public; Owner: postgres
--

ALTER SEQUENCE public.product_variant_translation_id_seq OWNED BY public.product_variant_translation.id;


--
-- Name: promotion; Type: TABLE; Schema: public; Owner: postgres
--

CREATE TABLE public.promotion (
    "createdAt" timestamp without time zone DEFAULT now() NOT NULL,
    "updatedAt" timestamp without time zone DEFAULT now() NOT NULL,
    "deletedAt" timestamp without time zone,
    "startsAt" timestamp without time zone,
    "endsAt" timestamp without time zone,
    "couponCode" character varying,
    "perCustomerUsageLimit" integer,
    "usageLimit" integer,
    enabled boolean NOT NULL,
    conditions text NOT NULL,
    actions text NOT NULL,
    "priorityScore" integer NOT NULL,
    id integer NOT NULL
);


ALTER TABLE public.promotion OWNER TO postgres;

--
-- Name: promotion_channels_channel; Type: TABLE; Schema: public; Owner: postgres
--

CREATE TABLE public.promotion_channels_channel (
    "promotionId" integer NOT NULL,
    "channelId" integer NOT NULL
);


ALTER TABLE public.promotion_channels_channel OWNER TO postgres;

--
-- Name: promotion_id_seq; Type: SEQUENCE; Schema: public; Owner: postgres
--

CREATE SEQUENCE public.promotion_id_seq
    AS integer
    START WITH 1
    INCREMENT BY 1
    NO MINVALUE
    NO MAXVALUE
    CACHE 1;


ALTER TABLE public.promotion_id_seq OWNER TO postgres;

--
-- Name: promotion_id_seq; Type: SEQUENCE OWNED BY; Schema: public; Owner: postgres
--

ALTER SEQUENCE public.promotion_id_seq OWNED BY public.promotion.id;


--
-- Name: promotion_translation; Type: TABLE; Schema: public; Owner: postgres
--

CREATE TABLE public.promotion_translation (
    "createdAt" timestamp without time zone DEFAULT now() NOT NULL,
    "updatedAt" timestamp without time zone DEFAULT now() NOT NULL,
    "languageCode" character varying NOT NULL,
    name character varying NOT NULL,
    description text NOT NULL,
    id integer NOT NULL,
    "baseId" integer
);


ALTER TABLE public.promotion_translation OWNER TO postgres;

--
-- Name: promotion_translation_id_seq; Type: SEQUENCE; Schema: public; Owner: postgres
--

CREATE SEQUENCE public.promotion_translation_id_seq
    AS integer
    START WITH 1
    INCREMENT BY 1
    NO MINVALUE
    NO MAXVALUE
    CACHE 1;


ALTER TABLE public.promotion_translation_id_seq OWNER TO postgres;

--
-- Name: promotion_translation_id_seq; Type: SEQUENCE OWNED BY; Schema: public; Owner: postgres
--

ALTER SEQUENCE public.promotion_translation_id_seq OWNED BY public.promotion_translation.id;


--
-- Name: refund; Type: TABLE; Schema: public; Owner: postgres
--

CREATE TABLE public.refund (
    "createdAt" timestamp without time zone DEFAULT now() NOT NULL,
    "updatedAt" timestamp without time zone DEFAULT now() NOT NULL,
    method character varying NOT NULL,
    reason character varying,
    state character varying NOT NULL,
    "transactionId" character varying,
    metadata text NOT NULL,
    id integer NOT NULL,
    "paymentId" integer NOT NULL,
    items integer NOT NULL,
    shipping integer NOT NULL,
    adjustment integer NOT NULL,
    total integer NOT NULL
);


ALTER TABLE public.refund OWNER TO postgres;

--
-- Name: refund_id_seq; Type: SEQUENCE; Schema: public; Owner: postgres
--

CREATE SEQUENCE public.refund_id_seq
    AS integer
    START WITH 1
    INCREMENT BY 1
    NO MINVALUE
    NO MAXVALUE
    CACHE 1;


ALTER TABLE public.refund_id_seq OWNER TO postgres;

--
-- Name: refund_id_seq; Type: SEQUENCE OWNED BY; Schema: public; Owner: postgres
--

ALTER SEQUENCE public.refund_id_seq OWNED BY public.refund.id;


--
-- Name: region; Type: TABLE; Schema: public; Owner: postgres
--

CREATE TABLE public.region (
    "createdAt" timestamp without time zone DEFAULT now() NOT NULL,
    "updatedAt" timestamp without time zone DEFAULT now() NOT NULL,
    code character varying NOT NULL,
    type character varying NOT NULL,
    enabled boolean NOT NULL,
    id integer NOT NULL,
    "parentId" integer,
    discriminator character varying NOT NULL
);


ALTER TABLE public.region OWNER TO postgres;

--
-- Name: region_id_seq; Type: SEQUENCE; Schema: public; Owner: postgres
--

CREATE SEQUENCE public.region_id_seq
    AS integer
    START WITH 1
    INCREMENT BY 1
    NO MINVALUE
    NO MAXVALUE
    CACHE 1;


ALTER TABLE public.region_id_seq OWNER TO postgres;

--
-- Name: region_id_seq; Type: SEQUENCE OWNED BY; Schema: public; Owner: postgres
--

ALTER SEQUENCE public.region_id_seq OWNED BY public.region.id;


--
-- Name: region_translation; Type: TABLE; Schema: public; Owner: postgres
--

CREATE TABLE public.region_translation (
    "createdAt" timestamp without time zone DEFAULT now() NOT NULL,
    "updatedAt" timestamp without time zone DEFAULT now() NOT NULL,
    "languageCode" character varying NOT NULL,
    name character varying NOT NULL,
    id integer NOT NULL,
    "baseId" integer
);


ALTER TABLE public.region_translation OWNER TO postgres;

--
-- Name: region_translation_id_seq; Type: SEQUENCE; Schema: public; Owner: postgres
--

CREATE SEQUENCE public.region_translation_id_seq
    AS integer
    START WITH 1
    INCREMENT BY 1
    NO MINVALUE
    NO MAXVALUE
    CACHE 1;


ALTER TABLE public.region_translation_id_seq OWNER TO postgres;

--
-- Name: region_translation_id_seq; Type: SEQUENCE OWNED BY; Schema: public; Owner: postgres
--

ALTER SEQUENCE public.region_translation_id_seq OWNED BY public.region_translation.id;


--
-- Name: role; Type: TABLE; Schema: public; Owner: postgres
--

CREATE TABLE public.role (
    "createdAt" timestamp without time zone DEFAULT now() NOT NULL,
    "updatedAt" timestamp without time zone DEFAULT now() NOT NULL,
    code character varying NOT NULL,
    description character varying NOT NULL,
    permissions text NOT NULL,
    id integer NOT NULL
);


ALTER TABLE public.role OWNER TO postgres;

--
-- Name: role_channels_channel; Type: TABLE; Schema: public; Owner: postgres
--

CREATE TABLE public.role_channels_channel (
    "roleId" integer NOT NULL,
    "channelId" integer NOT NULL
);


ALTER TABLE public.role_channels_channel OWNER TO postgres;

--
-- Name: role_id_seq; Type: SEQUENCE; Schema: public; Owner: postgres
--

CREATE SEQUENCE public.role_id_seq
    AS integer
    START WITH 1
    INCREMENT BY 1
    NO MINVALUE
    NO MAXVALUE
    CACHE 1;


ALTER TABLE public.role_id_seq OWNER TO postgres;

--
-- Name: role_id_seq; Type: SEQUENCE OWNED BY; Schema: public; Owner: postgres
--

ALTER SEQUENCE public.role_id_seq OWNED BY public.role.id;


--
-- Name: search_index_item; Type: TABLE; Schema: public; Owner: postgres
--

CREATE TABLE public.search_index_item (
    "languageCode" character varying NOT NULL,
    enabled boolean NOT NULL,
    "productName" character varying NOT NULL,
    "productVariantName" character varying NOT NULL,
    description text NOT NULL,
    slug character varying NOT NULL,
    sku character varying NOT NULL,
    "facetIds" text NOT NULL,
    "facetValueIds" text NOT NULL,
    "collectionIds" text NOT NULL,
    "collectionSlugs" text NOT NULL,
    "channelIds" text NOT NULL,
    "productPreview" character varying NOT NULL,
    "productPreviewFocalPoint" text,
    "productVariantPreview" character varying NOT NULL,
    "productVariantPreviewFocalPoint" text,
    "inStock" boolean DEFAULT true NOT NULL,
    "productInStock" boolean DEFAULT true NOT NULL,
    "productVariantId" integer NOT NULL,
    "channelId" integer NOT NULL,
    "productId" integer NOT NULL,
    "productAssetId" integer,
    "productVariantAssetId" integer,
    price integer NOT NULL,
    "priceWithTax" integer NOT NULL
);


ALTER TABLE public.search_index_item OWNER TO postgres;

--
-- Name: seller; Type: TABLE; Schema: public; Owner: postgres
--

CREATE TABLE public.seller (
    "createdAt" timestamp without time zone DEFAULT now() NOT NULL,
    "updatedAt" timestamp without time zone DEFAULT now() NOT NULL,
    "deletedAt" timestamp without time zone,
    name character varying NOT NULL,
    id integer NOT NULL
);


ALTER TABLE public.seller OWNER TO postgres;

--
-- Name: seller_id_seq; Type: SEQUENCE; Schema: public; Owner: postgres
--

CREATE SEQUENCE public.seller_id_seq
    AS integer
    START WITH 1
    INCREMENT BY 1
    NO MINVALUE
    NO MAXVALUE
    CACHE 1;


ALTER TABLE public.seller_id_seq OWNER TO postgres;

--
-- Name: seller_id_seq; Type: SEQUENCE OWNED BY; Schema: public; Owner: postgres
--

ALTER SEQUENCE public.seller_id_seq OWNED BY public.seller.id;


--
-- Name: session; Type: TABLE; Schema: public; Owner: postgres
--

CREATE TABLE public.session (
    "createdAt" timestamp without time zone DEFAULT now() NOT NULL,
    "updatedAt" timestamp without time zone DEFAULT now() NOT NULL,
    token character varying NOT NULL,
    expires timestamp without time zone NOT NULL,
    invalidated boolean NOT NULL,
    "authenticationStrategy" character varying,
    id integer NOT NULL,
    "activeOrderId" integer,
    "activeChannelId" integer,
    type character varying NOT NULL,
    "userId" integer
);


ALTER TABLE public.session OWNER TO postgres;

--
-- Name: session_id_seq; Type: SEQUENCE; Schema: public; Owner: postgres
--

CREATE SEQUENCE public.session_id_seq
    AS integer
    START WITH 1
    INCREMENT BY 1
    NO MINVALUE
    NO MAXVALUE
    CACHE 1;


ALTER TABLE public.session_id_seq OWNER TO postgres;

--
-- Name: session_id_seq; Type: SEQUENCE OWNED BY; Schema: public; Owner: postgres
--

ALTER SEQUENCE public.session_id_seq OWNED BY public.session.id;


--
-- Name: shipping_line; Type: TABLE; Schema: public; Owner: postgres
--

CREATE TABLE public.shipping_line (
    "createdAt" timestamp without time zone DEFAULT now() NOT NULL,
    "updatedAt" timestamp without time zone DEFAULT now() NOT NULL,
    "listPriceIncludesTax" boolean NOT NULL,
    adjustments text NOT NULL,
    "taxLines" text NOT NULL,
    id integer NOT NULL,
    "shippingMethodId" integer NOT NULL,
    "listPrice" integer NOT NULL,
    "orderId" integer
);


ALTER TABLE public.shipping_line OWNER TO postgres;

--
-- Name: shipping_line_id_seq; Type: SEQUENCE; Schema: public; Owner: postgres
--

CREATE SEQUENCE public.shipping_line_id_seq
    AS integer
    START WITH 1
    INCREMENT BY 1
    NO MINVALUE
    NO MAXVALUE
    CACHE 1;


ALTER TABLE public.shipping_line_id_seq OWNER TO postgres;

--
-- Name: shipping_line_id_seq; Type: SEQUENCE OWNED BY; Schema: public; Owner: postgres
--

ALTER SEQUENCE public.shipping_line_id_seq OWNED BY public.shipping_line.id;


--
-- Name: shipping_method; Type: TABLE; Schema: public; Owner: postgres
--

CREATE TABLE public.shipping_method (
    "createdAt" timestamp without time zone DEFAULT now() NOT NULL,
    "updatedAt" timestamp without time zone DEFAULT now() NOT NULL,
    "deletedAt" timestamp without time zone,
    code character varying NOT NULL,
    checker text NOT NULL,
    calculator text NOT NULL,
    "fulfillmentHandlerCode" character varying NOT NULL,
    id integer NOT NULL
);


ALTER TABLE public.shipping_method OWNER TO postgres;

--
-- Name: shipping_method_channels_channel; Type: TABLE; Schema: public; Owner: postgres
--

CREATE TABLE public.shipping_method_channels_channel (
    "shippingMethodId" integer NOT NULL,
    "channelId" integer NOT NULL
);


ALTER TABLE public.shipping_method_channels_channel OWNER TO postgres;

--
-- Name: shipping_method_id_seq; Type: SEQUENCE; Schema: public; Owner: postgres
--

CREATE SEQUENCE public.shipping_method_id_seq
    AS integer
    START WITH 1
    INCREMENT BY 1
    NO MINVALUE
    NO MAXVALUE
    CACHE 1;


ALTER TABLE public.shipping_method_id_seq OWNER TO postgres;

--
-- Name: shipping_method_id_seq; Type: SEQUENCE OWNED BY; Schema: public; Owner: postgres
--

ALTER SEQUENCE public.shipping_method_id_seq OWNED BY public.shipping_method.id;


--
-- Name: shipping_method_translation; Type: TABLE; Schema: public; Owner: postgres
--

CREATE TABLE public.shipping_method_translation (
    "createdAt" timestamp without time zone DEFAULT now() NOT NULL,
    "updatedAt" timestamp without time zone DEFAULT now() NOT NULL,
    "languageCode" character varying NOT NULL,
    name character varying DEFAULT ''::character varying NOT NULL,
    description character varying DEFAULT ''::character varying NOT NULL,
    id integer NOT NULL,
    "baseId" integer
);


ALTER TABLE public.shipping_method_translation OWNER TO postgres;

--
-- Name: shipping_method_translation_id_seq; Type: SEQUENCE; Schema: public; Owner: postgres
--

CREATE SEQUENCE public.shipping_method_translation_id_seq
    AS integer
    START WITH 1
    INCREMENT BY 1
    NO MINVALUE
    NO MAXVALUE
    CACHE 1;


ALTER TABLE public.shipping_method_translation_id_seq OWNER TO postgres;

--
-- Name: shipping_method_translation_id_seq; Type: SEQUENCE OWNED BY; Schema: public; Owner: postgres
--

ALTER SEQUENCE public.shipping_method_translation_id_seq OWNED BY public.shipping_method_translation.id;


--
-- Name: stock_level; Type: TABLE; Schema: public; Owner: postgres
--

CREATE TABLE public.stock_level (
    "createdAt" timestamp without time zone DEFAULT now() NOT NULL,
    "updatedAt" timestamp without time zone DEFAULT now() NOT NULL,
    "stockOnHand" integer NOT NULL,
    "stockAllocated" integer NOT NULL,
    id integer NOT NULL,
    "productVariantId" integer NOT NULL,
    "stockLocationId" integer NOT NULL
);


ALTER TABLE public.stock_level OWNER TO postgres;

--
-- Name: stock_level_id_seq; Type: SEQUENCE; Schema: public; Owner: postgres
--

CREATE SEQUENCE public.stock_level_id_seq
    AS integer
    START WITH 1
    INCREMENT BY 1
    NO MINVALUE
    NO MAXVALUE
    CACHE 1;


ALTER TABLE public.stock_level_id_seq OWNER TO postgres;

--
-- Name: stock_level_id_seq; Type: SEQUENCE OWNED BY; Schema: public; Owner: postgres
--

ALTER SEQUENCE public.stock_level_id_seq OWNED BY public.stock_level.id;


--
-- Name: stock_location; Type: TABLE; Schema: public; Owner: postgres
--

CREATE TABLE public.stock_location (
    "createdAt" timestamp without time zone DEFAULT now() NOT NULL,
    "updatedAt" timestamp without time zone DEFAULT now() NOT NULL,
    name character varying NOT NULL,
    description character varying NOT NULL,
    id integer NOT NULL
);


ALTER TABLE public.stock_location OWNER TO postgres;

--
-- Name: stock_location_channels_channel; Type: TABLE; Schema: public; Owner: postgres
--

CREATE TABLE public.stock_location_channels_channel (
    "stockLocationId" integer NOT NULL,
    "channelId" integer NOT NULL
);


ALTER TABLE public.stock_location_channels_channel OWNER TO postgres;

--
-- Name: stock_location_id_seq; Type: SEQUENCE; Schema: public; Owner: postgres
--

CREATE SEQUENCE public.stock_location_id_seq
    AS integer
    START WITH 1
    INCREMENT BY 1
    NO MINVALUE
    NO MAXVALUE
    CACHE 1;


ALTER TABLE public.stock_location_id_seq OWNER TO postgres;

--
-- Name: stock_location_id_seq; Type: SEQUENCE OWNED BY; Schema: public; Owner: postgres
--

ALTER SEQUENCE public.stock_location_id_seq OWNED BY public.stock_location.id;


--
-- Name: stock_movement; Type: TABLE; Schema: public; Owner: postgres
--

CREATE TABLE public.stock_movement (
    "createdAt" timestamp without time zone DEFAULT now() NOT NULL,
    "updatedAt" timestamp without time zone DEFAULT now() NOT NULL,
    type character varying NOT NULL,
    quantity integer NOT NULL,
    id integer NOT NULL,
    "stockLocationId" integer NOT NULL,
    discriminator character varying NOT NULL,
    "productVariantId" integer,
    "orderLineId" integer
);


ALTER TABLE public.stock_movement OWNER TO postgres;

--
-- Name: stock_movement_id_seq; Type: SEQUENCE; Schema: public; Owner: postgres
--

CREATE SEQUENCE public.stock_movement_id_seq
    AS integer
    START WITH 1
    INCREMENT BY 1
    NO MINVALUE
    NO MAXVALUE
    CACHE 1;


ALTER TABLE public.stock_movement_id_seq OWNER TO postgres;

--
-- Name: stock_movement_id_seq; Type: SEQUENCE OWNED BY; Schema: public; Owner: postgres
--

ALTER SEQUENCE public.stock_movement_id_seq OWNED BY public.stock_movement.id;


--
-- Name: surcharge; Type: TABLE; Schema: public; Owner: postgres
--

CREATE TABLE public.surcharge (
    "createdAt" timestamp without time zone DEFAULT now() NOT NULL,
    "updatedAt" timestamp without time zone DEFAULT now() NOT NULL,
    description character varying NOT NULL,
    "listPriceIncludesTax" boolean NOT NULL,
    sku character varying NOT NULL,
    "taxLines" text NOT NULL,
    id integer NOT NULL,
    "listPrice" integer NOT NULL,
    "orderId" integer,
    "orderModificationId" integer
);


ALTER TABLE public.surcharge OWNER TO postgres;

--
-- Name: surcharge_id_seq; Type: SEQUENCE; Schema: public; Owner: postgres
--

CREATE SEQUENCE public.surcharge_id_seq
    AS integer
    START WITH 1
    INCREMENT BY 1
    NO MINVALUE
    NO MAXVALUE
    CACHE 1;


ALTER TABLE public.surcharge_id_seq OWNER TO postgres;

--
-- Name: surcharge_id_seq; Type: SEQUENCE OWNED BY; Schema: public; Owner: postgres
--

ALTER SEQUENCE public.surcharge_id_seq OWNED BY public.surcharge.id;


--
-- Name: tag; Type: TABLE; Schema: public; Owner: postgres
--

CREATE TABLE public.tag (
    "createdAt" timestamp without time zone DEFAULT now() NOT NULL,
    "updatedAt" timestamp without time zone DEFAULT now() NOT NULL,
    value character varying NOT NULL,
    id integer NOT NULL
);


ALTER TABLE public.tag OWNER TO postgres;

--
-- Name: tag_id_seq; Type: SEQUENCE; Schema: public; Owner: postgres
--

CREATE SEQUENCE public.tag_id_seq
    AS integer
    START WITH 1
    INCREMENT BY 1
    NO MINVALUE
    NO MAXVALUE
    CACHE 1;


ALTER TABLE public.tag_id_seq OWNER TO postgres;

--
-- Name: tag_id_seq; Type: SEQUENCE OWNED BY; Schema: public; Owner: postgres
--

ALTER SEQUENCE public.tag_id_seq OWNED BY public.tag.id;


--
-- Name: tax_category; Type: TABLE; Schema: public; Owner: postgres
--

CREATE TABLE public.tax_category (
    "createdAt" timestamp without time zone DEFAULT now() NOT NULL,
    "updatedAt" timestamp without time zone DEFAULT now() NOT NULL,
    name character varying NOT NULL,
    "isDefault" boolean DEFAULT false NOT NULL,
    id integer NOT NULL
);


ALTER TABLE public.tax_category OWNER TO postgres;

--
-- Name: tax_category_id_seq; Type: SEQUENCE; Schema: public; Owner: postgres
--

CREATE SEQUENCE public.tax_category_id_seq
    AS integer
    START WITH 1
    INCREMENT BY 1
    NO MINVALUE
    NO MAXVALUE
    CACHE 1;


ALTER TABLE public.tax_category_id_seq OWNER TO postgres;

--
-- Name: tax_category_id_seq; Type: SEQUENCE OWNED BY; Schema: public; Owner: postgres
--

ALTER SEQUENCE public.tax_category_id_seq OWNED BY public.tax_category.id;


--
-- Name: tax_rate; Type: TABLE; Schema: public; Owner: postgres
--

CREATE TABLE public.tax_rate (
    "createdAt" timestamp without time zone DEFAULT now() NOT NULL,
    "updatedAt" timestamp without time zone DEFAULT now() NOT NULL,
    name character varying NOT NULL,
    enabled boolean NOT NULL,
    value numeric(5,2) NOT NULL,
    id integer NOT NULL,
    "categoryId" integer,
    "zoneId" integer,
    "customerGroupId" integer
);


ALTER TABLE public.tax_rate OWNER TO postgres;

--
-- Name: tax_rate_id_seq; Type: SEQUENCE; Schema: public; Owner: postgres
--

CREATE SEQUENCE public.tax_rate_id_seq
    AS integer
    START WITH 1
    INCREMENT BY 1
    NO MINVALUE
    NO MAXVALUE
    CACHE 1;


ALTER TABLE public.tax_rate_id_seq OWNER TO postgres;

--
-- Name: tax_rate_id_seq; Type: SEQUENCE OWNED BY; Schema: public; Owner: postgres
--

ALTER SEQUENCE public.tax_rate_id_seq OWNED BY public.tax_rate.id;


--
-- Name: user; Type: TABLE; Schema: public; Owner: postgres
--

CREATE TABLE public."user" (
    "createdAt" timestamp without time zone DEFAULT now() NOT NULL,
    "updatedAt" timestamp without time zone DEFAULT now() NOT NULL,
    "deletedAt" timestamp without time zone,
    identifier character varying NOT NULL,
    verified boolean DEFAULT false NOT NULL,
    "lastLogin" timestamp without time zone,
    id integer NOT NULL
);


ALTER TABLE public."user" OWNER TO postgres;

--
-- Name: user_id_seq; Type: SEQUENCE; Schema: public; Owner: postgres
--

CREATE SEQUENCE public.user_id_seq
    AS integer
    START WITH 1
    INCREMENT BY 1
    NO MINVALUE
    NO MAXVALUE
    CACHE 1;


ALTER TABLE public.user_id_seq OWNER TO postgres;

--
-- Name: user_id_seq; Type: SEQUENCE OWNED BY; Schema: public; Owner: postgres
--

ALTER SEQUENCE public.user_id_seq OWNED BY public."user".id;


--
-- Name: user_roles_role; Type: TABLE; Schema: public; Owner: postgres
--

CREATE TABLE public.user_roles_role (
    "userId" integer NOT NULL,
    "roleId" integer NOT NULL
);


ALTER TABLE public.user_roles_role OWNER TO postgres;

--
-- Name: webhook; Type: TABLE; Schema: public; Owner: postgres
--

CREATE TABLE public.webhook (
    "createdAt" timestamp without time zone DEFAULT now() NOT NULL,
    "updatedAt" timestamp without time zone DEFAULT now() NOT NULL,
    "channelId" character varying NOT NULL,
    url character varying NOT NULL,
    event character varying NOT NULL,
    "transformerName" character varying,
    id integer NOT NULL
);


ALTER TABLE public.webhook OWNER TO postgres;

--
-- Name: webhook_id_seq; Type: SEQUENCE; Schema: public; Owner: postgres
--

CREATE SEQUENCE public.webhook_id_seq
    AS integer
    START WITH 1
    INCREMENT BY 1
    NO MINVALUE
    NO MAXVALUE
    CACHE 1;


ALTER TABLE public.webhook_id_seq OWNER TO postgres;

--
-- Name: webhook_id_seq; Type: SEQUENCE OWNED BY; Schema: public; Owner: postgres
--

ALTER SEQUENCE public.webhook_id_seq OWNED BY public.webhook.id;


--
-- Name: zone; Type: TABLE; Schema: public; Owner: postgres
--

CREATE TABLE public.zone (
    "createdAt" timestamp without time zone DEFAULT now() NOT NULL,
    "updatedAt" timestamp without time zone DEFAULT now() NOT NULL,
    name character varying NOT NULL,
    id integer NOT NULL
);


ALTER TABLE public.zone OWNER TO postgres;

--
-- Name: zone_id_seq; Type: SEQUENCE; Schema: public; Owner: postgres
--

CREATE SEQUENCE public.zone_id_seq
    AS integer
    START WITH 1
    INCREMENT BY 1
    NO MINVALUE
    NO MAXVALUE
    CACHE 1;


ALTER TABLE public.zone_id_seq OWNER TO postgres;

--
-- Name: zone_id_seq; Type: SEQUENCE OWNED BY; Schema: public; Owner: postgres
--

ALTER SEQUENCE public.zone_id_seq OWNED BY public.zone.id;


--
-- Name: zone_members_region; Type: TABLE; Schema: public; Owner: postgres
--

CREATE TABLE public.zone_members_region (
    "zoneId" integer NOT NULL,
    "regionId" integer NOT NULL
);


ALTER TABLE public.zone_members_region OWNER TO postgres;

--
-- Name: address id; Type: DEFAULT; Schema: public; Owner: postgres
--

ALTER TABLE ONLY public.address ALTER COLUMN id SET DEFAULT nextval('public.address_id_seq'::regclass);


--
-- Name: administrator id; Type: DEFAULT; Schema: public; Owner: postgres
--

ALTER TABLE ONLY public.administrator ALTER COLUMN id SET DEFAULT nextval('public.administrator_id_seq'::regclass);


--
-- Name: asset id; Type: DEFAULT; Schema: public; Owner: postgres
--

ALTER TABLE ONLY public.asset ALTER COLUMN id SET DEFAULT nextval('public.asset_id_seq'::regclass);


--
-- Name: authentication_method id; Type: DEFAULT; Schema: public; Owner: postgres
--

ALTER TABLE ONLY public.authentication_method ALTER COLUMN id SET DEFAULT nextval('public.authentication_method_id_seq'::regclass);


--
-- Name: channel id; Type: DEFAULT; Schema: public; Owner: postgres
--

ALTER TABLE ONLY public.channel ALTER COLUMN id SET DEFAULT nextval('public.channel_id_seq'::regclass);


--
-- Name: collection id; Type: DEFAULT; Schema: public; Owner: postgres
--

ALTER TABLE ONLY public.collection ALTER COLUMN id SET DEFAULT nextval('public.collection_id_seq'::regclass);


--
-- Name: collection_asset id; Type: DEFAULT; Schema: public; Owner: postgres
--

ALTER TABLE ONLY public.collection_asset ALTER COLUMN id SET DEFAULT nextval('public.collection_asset_id_seq'::regclass);


--
-- Name: collection_translation id; Type: DEFAULT; Schema: public; Owner: postgres
--

ALTER TABLE ONLY public.collection_translation ALTER COLUMN id SET DEFAULT nextval('public.collection_translation_id_seq'::regclass);


--
-- Name: customer id; Type: DEFAULT; Schema: public; Owner: postgres
--

ALTER TABLE ONLY public.customer ALTER COLUMN id SET DEFAULT nextval('public.customer_id_seq'::regclass);


--
-- Name: customer_group id; Type: DEFAULT; Schema: public; Owner: postgres
--

ALTER TABLE ONLY public.customer_group ALTER COLUMN id SET DEFAULT nextval('public.customer_group_id_seq'::regclass);


--
-- Name: facet id; Type: DEFAULT; Schema: public; Owner: postgres
--

ALTER TABLE ONLY public.facet ALTER COLUMN id SET DEFAULT nextval('public.facet_id_seq'::regclass);


--
-- Name: facet_translation id; Type: DEFAULT; Schema: public; Owner: postgres
--

ALTER TABLE ONLY public.facet_translation ALTER COLUMN id SET DEFAULT nextval('public.facet_translation_id_seq'::regclass);


--
-- Name: facet_value id; Type: DEFAULT; Schema: public; Owner: postgres
--

ALTER TABLE ONLY public.facet_value ALTER COLUMN id SET DEFAULT nextval('public.facet_value_id_seq'::regclass);


--
-- Name: facet_value_translation id; Type: DEFAULT; Schema: public; Owner: postgres
--

ALTER TABLE ONLY public.facet_value_translation ALTER COLUMN id SET DEFAULT nextval('public.facet_value_translation_id_seq'::regclass);


--
-- Name: fulfillment id; Type: DEFAULT; Schema: public; Owner: postgres
--

ALTER TABLE ONLY public.fulfillment ALTER COLUMN id SET DEFAULT nextval('public.fulfillment_id_seq'::regclass);


--
-- Name: global_settings id; Type: DEFAULT; Schema: public; Owner: postgres
--

ALTER TABLE ONLY public.global_settings ALTER COLUMN id SET DEFAULT nextval('public.global_settings_id_seq'::regclass);


--
-- Name: history_entry id; Type: DEFAULT; Schema: public; Owner: postgres
--

ALTER TABLE ONLY public.history_entry ALTER COLUMN id SET DEFAULT nextval('public.history_entry_id_seq'::regclass);


--
-- Name: job_record id; Type: DEFAULT; Schema: public; Owner: postgres
--

ALTER TABLE ONLY public.job_record ALTER COLUMN id SET DEFAULT nextval('public.job_record_id_seq'::regclass);


--
-- Name: job_record_buffer id; Type: DEFAULT; Schema: public; Owner: postgres
--

ALTER TABLE ONLY public.job_record_buffer ALTER COLUMN id SET DEFAULT nextval('public.job_record_buffer_id_seq'::regclass);


--
-- Name: migrations id; Type: DEFAULT; Schema: public; Owner: postgres
--

ALTER TABLE ONLY public.migrations ALTER COLUMN id SET DEFAULT nextval('public.migrations_id_seq'::regclass);


--
-- Name: order id; Type: DEFAULT; Schema: public; Owner: postgres
--

ALTER TABLE ONLY public."order" ALTER COLUMN id SET DEFAULT nextval('public.order_id_seq'::regclass);


--
-- Name: order_line id; Type: DEFAULT; Schema: public; Owner: postgres
--

ALTER TABLE ONLY public.order_line ALTER COLUMN id SET DEFAULT nextval('public.order_line_id_seq'::regclass);


--
-- Name: order_line_reference id; Type: DEFAULT; Schema: public; Owner: postgres
--

ALTER TABLE ONLY public.order_line_reference ALTER COLUMN id SET DEFAULT nextval('public.order_line_reference_id_seq'::regclass);


--
-- Name: order_modification id; Type: DEFAULT; Schema: public; Owner: postgres
--

ALTER TABLE ONLY public.order_modification ALTER COLUMN id SET DEFAULT nextval('public.order_modification_id_seq'::regclass);


--
-- Name: payment id; Type: DEFAULT; Schema: public; Owner: postgres
--

ALTER TABLE ONLY public.payment ALTER COLUMN id SET DEFAULT nextval('public.payment_id_seq'::regclass);


--
-- Name: payment_method id; Type: DEFAULT; Schema: public; Owner: postgres
--

ALTER TABLE ONLY public.payment_method ALTER COLUMN id SET DEFAULT nextval('public.payment_method_id_seq'::regclass);


--
-- Name: payment_method_translation id; Type: DEFAULT; Schema: public; Owner: postgres
--

ALTER TABLE ONLY public.payment_method_translation ALTER COLUMN id SET DEFAULT nextval('public.payment_method_translation_id_seq'::regclass);


--
-- Name: product id; Type: DEFAULT; Schema: public; Owner: postgres
--

ALTER TABLE ONLY public.product ALTER COLUMN id SET DEFAULT nextval('public.product_id_seq'::regclass);


--
-- Name: product_asset id; Type: DEFAULT; Schema: public; Owner: postgres
--

ALTER TABLE ONLY public.product_asset ALTER COLUMN id SET DEFAULT nextval('public.product_asset_id_seq'::regclass);


--
-- Name: product_option id; Type: DEFAULT; Schema: public; Owner: postgres
--

ALTER TABLE ONLY public.product_option ALTER COLUMN id SET DEFAULT nextval('public.product_option_id_seq'::regclass);


--
-- Name: product_option_group id; Type: DEFAULT; Schema: public; Owner: postgres
--

ALTER TABLE ONLY public.product_option_group ALTER COLUMN id SET DEFAULT nextval('public.product_option_group_id_seq'::regclass);


--
-- Name: product_option_group_translation id; Type: DEFAULT; Schema: public; Owner: postgres
--

ALTER TABLE ONLY public.product_option_group_translation ALTER COLUMN id SET DEFAULT nextval('public.product_option_group_translation_id_seq'::regclass);


--
-- Name: product_option_translation id; Type: DEFAULT; Schema: public; Owner: postgres
--

ALTER TABLE ONLY public.product_option_translation ALTER COLUMN id SET DEFAULT nextval('public.product_option_translation_id_seq'::regclass);


--
-- Name: product_translation id; Type: DEFAULT; Schema: public; Owner: postgres
--

ALTER TABLE ONLY public.product_translation ALTER COLUMN id SET DEFAULT nextval('public.product_translation_id_seq'::regclass);


--
-- Name: product_variant id; Type: DEFAULT; Schema: public; Owner: postgres
--

ALTER TABLE ONLY public.product_variant ALTER COLUMN id SET DEFAULT nextval('public.product_variant_id_seq'::regclass);


--
-- Name: product_variant_asset id; Type: DEFAULT; Schema: public; Owner: postgres
--

ALTER TABLE ONLY public.product_variant_asset ALTER COLUMN id SET DEFAULT nextval('public.product_variant_asset_id_seq'::regclass);


--
-- Name: product_variant_price id; Type: DEFAULT; Schema: public; Owner: postgres
--

ALTER TABLE ONLY public.product_variant_price ALTER COLUMN id SET DEFAULT nextval('public.product_variant_price_id_seq'::regclass);


--
-- Name: product_variant_translation id; Type: DEFAULT; Schema: public; Owner: postgres
--

ALTER TABLE ONLY public.product_variant_translation ALTER COLUMN id SET DEFAULT nextval('public.product_variant_translation_id_seq'::regclass);


--
-- Name: promotion id; Type: DEFAULT; Schema: public; Owner: postgres
--

ALTER TABLE ONLY public.promotion ALTER COLUMN id SET DEFAULT nextval('public.promotion_id_seq'::regclass);


--
-- Name: promotion_translation id; Type: DEFAULT; Schema: public; Owner: postgres
--

ALTER TABLE ONLY public.promotion_translation ALTER COLUMN id SET DEFAULT nextval('public.promotion_translation_id_seq'::regclass);


--
-- Name: refund id; Type: DEFAULT; Schema: public; Owner: postgres
--

ALTER TABLE ONLY public.refund ALTER COLUMN id SET DEFAULT nextval('public.refund_id_seq'::regclass);


--
-- Name: region id; Type: DEFAULT; Schema: public; Owner: postgres
--

ALTER TABLE ONLY public.region ALTER COLUMN id SET DEFAULT nextval('public.region_id_seq'::regclass);


--
-- Name: region_translation id; Type: DEFAULT; Schema: public; Owner: postgres
--

ALTER TABLE ONLY public.region_translation ALTER COLUMN id SET DEFAULT nextval('public.region_translation_id_seq'::regclass);


--
-- Name: role id; Type: DEFAULT; Schema: public; Owner: postgres
--

ALTER TABLE ONLY public.role ALTER COLUMN id SET DEFAULT nextval('public.role_id_seq'::regclass);


--
-- Name: seller id; Type: DEFAULT; Schema: public; Owner: postgres
--

ALTER TABLE ONLY public.seller ALTER COLUMN id SET DEFAULT nextval('public.seller_id_seq'::regclass);


--
-- Name: session id; Type: DEFAULT; Schema: public; Owner: postgres
--

ALTER TABLE ONLY public.session ALTER COLUMN id SET DEFAULT nextval('public.session_id_seq'::regclass);


--
-- Name: shipping_line id; Type: DEFAULT; Schema: public; Owner: postgres
--

ALTER TABLE ONLY public.shipping_line ALTER COLUMN id SET DEFAULT nextval('public.shipping_line_id_seq'::regclass);


--
-- Name: shipping_method id; Type: DEFAULT; Schema: public; Owner: postgres
--

ALTER TABLE ONLY public.shipping_method ALTER COLUMN id SET DEFAULT nextval('public.shipping_method_id_seq'::regclass);


--
-- Name: shipping_method_translation id; Type: DEFAULT; Schema: public; Owner: postgres
--

ALTER TABLE ONLY public.shipping_method_translation ALTER COLUMN id SET DEFAULT nextval('public.shipping_method_translation_id_seq'::regclass);


--
-- Name: stock_level id; Type: DEFAULT; Schema: public; Owner: postgres
--

ALTER TABLE ONLY public.stock_level ALTER COLUMN id SET DEFAULT nextval('public.stock_level_id_seq'::regclass);


--
-- Name: stock_location id; Type: DEFAULT; Schema: public; Owner: postgres
--

ALTER TABLE ONLY public.stock_location ALTER COLUMN id SET DEFAULT nextval('public.stock_location_id_seq'::regclass);


--
-- Name: stock_movement id; Type: DEFAULT; Schema: public; Owner: postgres
--

ALTER TABLE ONLY public.stock_movement ALTER COLUMN id SET DEFAULT nextval('public.stock_movement_id_seq'::regclass);


--
-- Name: surcharge id; Type: DEFAULT; Schema: public; Owner: postgres
--

ALTER TABLE ONLY public.surcharge ALTER COLUMN id SET DEFAULT nextval('public.surcharge_id_seq'::regclass);


--
-- Name: tag id; Type: DEFAULT; Schema: public; Owner: postgres
--

ALTER TABLE ONLY public.tag ALTER COLUMN id SET DEFAULT nextval('public.tag_id_seq'::regclass);


--
-- Name: tax_category id; Type: DEFAULT; Schema: public; Owner: postgres
--

ALTER TABLE ONLY public.tax_category ALTER COLUMN id SET DEFAULT nextval('public.tax_category_id_seq'::regclass);


--
-- Name: tax_rate id; Type: DEFAULT; Schema: public; Owner: postgres
--

ALTER TABLE ONLY public.tax_rate ALTER COLUMN id SET DEFAULT nextval('public.tax_rate_id_seq'::regclass);


--
-- Name: user id; Type: DEFAULT; Schema: public; Owner: postgres
--

ALTER TABLE ONLY public."user" ALTER COLUMN id SET DEFAULT nextval('public.user_id_seq'::regclass);


--
-- Name: webhook id; Type: DEFAULT; Schema: public; Owner: postgres
--

ALTER TABLE ONLY public.webhook ALTER COLUMN id SET DEFAULT nextval('public.webhook_id_seq'::regclass);


--
-- Name: zone id; Type: DEFAULT; Schema: public; Owner: postgres
--

ALTER TABLE ONLY public.zone ALTER COLUMN id SET DEFAULT nextval('public.zone_id_seq'::regclass);


--
-- Data for Name: address; Type: TABLE DATA; Schema: public; Owner: postgres
--

COPY public.address ("createdAt", "updatedAt", "fullName", company, "streetLine1", "streetLine2", city, province, "postalCode", "phoneNumber", "defaultShippingAddress", "defaultBillingAddress", id, "customerId", "countryId") FROM stdin;
\.


--
-- Data for Name: administrator; Type: TABLE DATA; Schema: public; Owner: postgres
--

COPY public.administrator ("createdAt", "updatedAt", "deletedAt", "firstName", "lastName", "emailAddress", id, "userId") FROM stdin;
2023-12-13 22:22:13.015165	2023-12-13 22:22:13.015165	\N	Super	Admin	superadmin	1	1
\.


--
-- Data for Name: asset; Type: TABLE DATA; Schema: public; Owner: postgres
--

COPY public.asset ("createdAt", "updatedAt", name, type, "mimeType", width, height, "fileSize", source, preview, "focalPoint", id) FROM stdin;
2023-12-13 22:22:15.90381	2023-12-13 22:22:15.90381	derick-david-409858-unsplash.jpg	IMAGE	image/jpeg	1600	1200	44525	source/b6/derick-david-409858-unsplash.jpg	https://vendure-dev.aexol.com/assets/derick-david-409858-unsplash__preview.jpg	\N	1
2023-12-13 22:22:16.152024	2023-12-13 22:22:16.152024	kelly-sikkema-685291-unsplash.jpg	IMAGE	image/jpeg	1600	1067	47714	source/5a/kelly-sikkema-685291-unsplash.jpg	https://vendure-dev.aexol.com/assets/kelly-sikkema-685291-unsplash__preview.jpg	\N	2
2023-12-13 22:22:16.245234	2023-12-13 22:22:16.245234	oscar-ivan-esquivel-arteaga-687447-unsplash.jpg	IMAGE	image/jpeg	1600	1071	76870	source/0b/oscar-ivan-esquivel-arteaga-687447-unsplash.jpg	https://vendure-dev.aexol.com/assets/oscar-ivan-esquivel-arteaga-687447-unsplash__preview.jpg	\N	3
2023-12-13 22:22:16.337958	2023-12-13 22:22:16.337958	daniel-korpai-1302051-unsplash.jpg	IMAGE	image/jpeg	1280	1600	201064	source/28/daniel-korpai-1302051-unsplash.jpg	https://vendure-dev.aexol.com/assets/daniel-korpai-1302051-unsplash__preview.jpg	\N	4
2023-12-13 22:22:16.417808	2023-12-13 22:22:16.417808	alexandru-acea-686569-unsplash.jpg	IMAGE	image/jpeg	1067	1600	71196	source/e8/alexandru-acea-686569-unsplash.jpg	https://vendure-dev.aexol.com/assets/alexandru-acea-686569-unsplash__preview.jpg	\N	5
2023-12-13 22:22:16.506632	2023-12-13 22:22:16.506632	liam-briese-1128307-unsplash.jpg	IMAGE	image/jpeg	1600	1067	120523	source/2e/liam-briese-1128307-unsplash.jpg	https://vendure-dev.aexol.com/assets/liam-briese-1128307-unsplash__preview.jpg	\N	6
2023-12-13 22:22:16.651524	2023-12-13 22:22:16.651524	florian-olivo-1166419-unsplash.jpg	IMAGE	image/jpeg	1067	1600	73904	source/63/florian-olivo-1166419-unsplash.jpg	https://vendure-dev.aexol.com/assets/florian-olivo-1166419-unsplash__preview.jpg	\N	7
2023-12-13 22:22:16.793183	2023-12-13 22:22:16.793183	vincent-botta-736919-unsplash.jpg	IMAGE	image/jpeg	1600	1200	87075	source/59/vincent-botta-736919-unsplash.jpg	https://vendure-dev.aexol.com/assets/vincent-botta-736919-unsplash__preview.jpg	\N	8
2023-12-13 22:22:16.954303	2023-12-13 22:22:16.954303	juan-gomez-674574-unsplash.jpg	IMAGE	image/jpeg	1600	1060	60470	source/b8/juan-gomez-674574-unsplash.jpg	https://vendure-dev.aexol.com/assets/juan-gomez-674574-unsplash__preview.jpg	\N	9
2023-12-13 22:22:17.02162	2023-12-13 22:22:17.02162	thomas-q-1229169-unsplash.jpg	IMAGE	image/jpeg	1600	1600	94113	source/86/thomas-q-1229169-unsplash.jpg	https://vendure-dev.aexol.com/assets/thomas-q-1229169-unsplash__preview.jpg	\N	10
2023-12-13 22:22:17.080128	2023-12-13 22:22:17.080128	adam-birkett-239153-unsplash.jpg	IMAGE	image/jpeg	1067	1600	17676	source/3c/adam-birkett-239153-unsplash.jpg	https://vendure-dev.aexol.com/assets/adam-birkett-239153-unsplash__preview.jpg	\N	11
2023-12-13 22:22:17.129345	2023-12-13 22:22:17.129345	eniko-kis-663725-unsplash.jpg	IMAGE	image/jpeg	1600	1067	42943	source/1d/eniko-kis-663725-unsplash.jpg	https://vendure-dev.aexol.com/assets/eniko-kis-663725-unsplash__preview.jpg	\N	12
2023-12-13 22:22:17.204597	2023-12-13 22:22:17.204597	brandi-redd-104140-unsplash.jpg	IMAGE	image/jpeg	1600	1110	91458	source/21/brandi-redd-104140-unsplash.jpg	https://vendure-dev.aexol.com/assets/brandi-redd-104140-unsplash__preview.jpg	\N	13
2023-12-13 22:22:17.261605	2023-12-13 22:22:17.261605	jonathan-talbert-697262-unsplash.jpg	IMAGE	image/jpeg	1067	1600	103011	source/69/jonathan-talbert-697262-unsplash.jpg	https://vendure-dev.aexol.com/assets/jonathan-talbert-697262-unsplash__preview.jpg	\N	14
2023-12-13 22:22:17.318685	2023-12-13 22:22:17.318685	zoltan-tasi-423051-unsplash.jpg	IMAGE	image/jpeg	1067	1600	49099	source/92/zoltan-tasi-423051-unsplash.jpg	https://vendure-dev.aexol.com/assets/zoltan-tasi-423051-unsplash__preview.jpg	\N	15
2023-12-13 22:22:17.389446	2023-12-13 22:22:17.389446	jakob-owens-274337-unsplash.jpg	IMAGE	image/jpeg	1600	1067	213089	source/cf/jakob-owens-274337-unsplash.jpg	https://vendure-dev.aexol.com/assets/jakob-owens-274337-unsplash__preview.jpg	\N	16
2023-12-13 22:22:17.467891	2023-12-13 22:22:17.467891	patrick-brinksma-663044-unsplash.jpg	IMAGE	image/jpeg	1600	1067	190811	source/0f/patrick-brinksma-663044-unsplash.jpg	https://vendure-dev.aexol.com/assets/patrick-brinksma-663044-unsplash__preview.jpg	\N	17
2023-12-13 22:22:17.525395	2023-12-13 22:22:17.525395	chuttersnap-324234-unsplash.jpg	IMAGE	image/jpeg	1600	1068	118442	source/df/chuttersnap-324234-unsplash.jpg	https://vendure-dev.aexol.com/assets/chuttersnap-324234-unsplash__preview.jpg	\N	18
2023-12-13 22:22:17.59051	2023-12-13 22:22:17.59051	robert-shunev-528016-unsplash.jpg	IMAGE	image/jpeg	1600	1067	36204	source/9e/robert-shunev-528016-unsplash.jpg	https://vendure-dev.aexol.com/assets/robert-shunev-528016-unsplash__preview.jpg	\N	19
2023-12-13 22:22:17.642106	2023-12-13 22:22:17.642106	alexander-andrews-260988-unsplash.jpg	IMAGE	image/jpeg	1050	1600	65460	source/f8/alexander-andrews-260988-unsplash.jpg	https://vendure-dev.aexol.com/assets/alexander-andrews-260988-unsplash__preview.jpg	\N	20
2023-12-13 22:22:17.714369	2023-12-13 22:22:17.714369	mikkel-bech-748940-unsplash.jpg	IMAGE	image/jpeg	1600	1130	62785	source/29/mikkel-bech-748940-unsplash.jpg	https://vendure-dev.aexol.com/assets/mikkel-bech-748940-unsplash__preview.jpg	\N	21
2023-12-13 22:22:17.799343	2023-12-13 22:22:17.799343	stoica-ionela-530966-unsplash.jpg	IMAGE	image/jpeg	1600	1600	50995	source/b1/stoica-ionela-530966-unsplash.jpg	https://vendure-dev.aexol.com/assets/stoica-ionela-530966-unsplash__preview.jpg	\N	22
2023-12-13 22:22:17.868676	2023-12-13 22:22:17.868676	neonbrand-428982-unsplash.jpg	IMAGE	image/jpeg	1600	1332	169677	source/3c/neonbrand-428982-unsplash.jpg	https://vendure-dev.aexol.com/assets/neonbrand-428982-unsplash__preview.jpg	\N	23
2023-12-13 22:22:17.928232	2023-12-13 22:22:17.928232	michael-guite-571169-unsplash.jpg	IMAGE	image/jpeg	1600	1067	240247	source/ab/michael-guite-571169-unsplash.jpg	https://vendure-dev.aexol.com/assets/michael-guite-571169-unsplash__preview.jpg	\N	24
2023-12-13 22:22:17.985016	2023-12-13 22:22:17.985016	max-tarkhov-737999-unsplash.jpg	IMAGE	image/jpeg	1600	1280	192508	source/ed/max-tarkhov-737999-unsplash.jpg	https://vendure-dev.aexol.com/assets/max-tarkhov-737999-unsplash__preview.jpg	\N	25
2023-12-13 22:22:18.04306	2023-12-13 22:22:18.04306	nik-shuliahin-619349-unsplash.jpg	IMAGE	image/jpeg	1600	1020	130437	source/87/nik-shuliahin-619349-unsplash.jpg	https://vendure-dev.aexol.com/assets/nik-shuliahin-619349-unsplash__preview.jpg	\N	26
2023-12-13 22:22:18.10156	2023-12-13 22:22:18.10156	ben-hershey-574483-unsplash.jpg	IMAGE	image/jpeg	1600	1070	77118	source/f3/ben-hershey-574483-unsplash.jpg	https://vendure-dev.aexol.com/assets/ben-hershey-574483-unsplash__preview.jpg	\N	27
2023-12-13 22:22:18.170446	2023-12-13 22:22:18.170446	tommy-bebo-600358-unsplash.jpg	IMAGE	image/jpeg	1067	1600	262335	source/ac/tommy-bebo-600358-unsplash.jpg	https://vendure-dev.aexol.com/assets/tommy-bebo-600358-unsplash__preview.jpg	\N	28
2023-12-13 22:22:18.225423	2023-12-13 22:22:18.225423	chuttersnap-584518-unsplash.jpg	IMAGE	image/jpeg	1600	1068	76330	source/20/chuttersnap-584518-unsplash.jpg	https://vendure-dev.aexol.com/assets/chuttersnap-584518-unsplash__preview.jpg	\N	29
2023-12-13 22:22:18.398222	2023-12-13 22:22:18.398222	imani-clovis-234736-unsplash.jpg	IMAGE	image/jpeg	1600	1600	99111	source/de/imani-clovis-234736-unsplash.jpg	https://vendure-dev.aexol.com/assets/imani-clovis-234736-unsplash__preview.jpg	\N	30
2023-12-13 22:22:18.526843	2023-12-13 22:22:18.526843	xavier-teo-469050-unsplash.jpg	IMAGE	image/jpeg	1200	1600	167599	source/5c/xavier-teo-469050-unsplash.jpg	https://vendure-dev.aexol.com/assets/xavier-teo-469050-unsplash__preview.jpg	\N	31
2023-12-13 22:22:18.664322	2023-12-13 22:22:18.664322	thomas-serer-420833-unsplash.jpg	IMAGE	image/jpeg	1600	1223	78999	source/55/thomas-serer-420833-unsplash.jpg	https://vendure-dev.aexol.com/assets/thomas-serer-420833-unsplash__preview.jpg	\N	32
2023-12-13 22:22:18.797585	2023-12-13 22:22:18.797585	nikolai-chernichenko-1299748-unsplash.jpg	IMAGE	image/jpeg	1600	1067	56282	source/01/nikolai-chernichenko-1299748-unsplash.jpg	https://vendure-dev.aexol.com/assets/nikolai-chernichenko-1299748-unsplash__preview.jpg	\N	33
2023-12-13 22:22:18.920994	2023-12-13 22:22:18.920994	mitch-lensink-256007-unsplash.jpg	IMAGE	image/jpeg	1600	1067	154988	source/2b/mitch-lensink-256007-unsplash.jpg	https://vendure-dev.aexol.com/assets/mitch-lensink-256007-unsplash__preview.jpg	\N	34
2023-12-13 22:22:19.052372	2023-12-13 22:22:19.052372	charles-deluvio-695736-unsplash.jpg	IMAGE	image/jpeg	1600	1600	54419	source/92/charles-deluvio-695736-unsplash.jpg	https://vendure-dev.aexol.com/assets/charles-deluvio-695736-unsplash__preview.jpg	\N	35
2023-12-13 22:22:19.136389	2023-12-13 22:22:19.136389	natalia-y-345738-unsplash.jpg	IMAGE	image/jpeg	900	1600	97819	source/17/natalia-y-345738-unsplash.jpg	https://vendure-dev.aexol.com/assets/natalia-y-345738-unsplash__preview.jpg	\N	36
2023-12-13 22:22:19.201396	2023-12-13 22:22:19.201396	alex-rodriguez-santibanez-200278-unsplash.jpg	IMAGE	image/jpeg	1600	1067	176280	source/ff/alex-rodriguez-santibanez-200278-unsplash.jpg	https://vendure-dev.aexol.com/assets/alex-rodriguez-santibanez-200278-unsplash__preview.jpg	\N	37
2023-12-13 22:22:19.257573	2023-12-13 22:22:19.257573	silvia-agrasar-227575-unsplash.jpg	IMAGE	image/jpeg	1600	1063	119654	source/d5/silvia-agrasar-227575-unsplash.jpg	https://vendure-dev.aexol.com/assets/silvia-agrasar-227575-unsplash__preview.jpg	\N	38
2023-12-13 22:22:19.316859	2023-12-13 22:22:19.316859	caleb-george-536388-unsplash.jpg	IMAGE	image/jpeg	1200	1600	184968	source/f0/caleb-george-536388-unsplash.jpg	https://vendure-dev.aexol.com/assets/caleb-george-536388-unsplash__preview.jpg	\N	39
2023-12-13 22:22:19.380303	2023-12-13 22:22:19.380303	annie-spratt-78044-unsplash.jpg	IMAGE	image/jpeg	1115	1600	173536	source/f1/annie-spratt-78044-unsplash.jpg	https://vendure-dev.aexol.com/assets/annie-spratt-78044-unsplash__preview.jpg	\N	40
2023-12-13 22:22:19.432653	2023-12-13 22:22:19.432653	zoltan-kovacs-642412-unsplash.jpg	IMAGE	image/jpeg	1067	1600	72752	source/e3/zoltan-kovacs-642412-unsplash.jpg	https://vendure-dev.aexol.com/assets/zoltan-kovacs-642412-unsplash__preview.jpg	\N	41
2023-12-13 22:22:19.488404	2023-12-13 22:22:19.488404	mark-tegethoff-667351-unsplash.jpg	IMAGE	image/jpeg	1600	1200	79857	source/e6/mark-tegethoff-667351-unsplash.jpg	https://vendure-dev.aexol.com/assets/mark-tegethoff-667351-unsplash__preview.jpg	\N	42
2023-12-13 22:22:19.543552	2023-12-13 22:22:19.543552	vincent-liu-525429-unsplash.jpg	IMAGE	image/jpeg	1600	1067	77358	source/10/vincent-liu-525429-unsplash.jpg	https://vendure-dev.aexol.com/assets/vincent-liu-525429-unsplash__preview.jpg	\N	43
2023-12-13 22:22:19.610777	2023-12-13 22:22:19.610777	neslihan-gunaydin-3493-unsplash.jpg	IMAGE	image/jpeg	1600	1067	152486	source/01/neslihan-gunaydin-3493-unsplash.jpg	https://vendure-dev.aexol.com/assets/neslihan-gunaydin-3493-unsplash__preview.jpg	\N	44
2023-12-13 22:22:19.650176	2023-12-13 22:22:19.650176	florian-klauer-14840-unsplash.jpg	IMAGE	image/jpeg	800	1200	17149	source/a9/florian-klauer-14840-unsplash.jpg	https://vendure-dev.aexol.com/assets/florian-klauer-14840-unsplash__preview.jpg	\N	45
2023-12-13 22:22:19.706799	2023-12-13 22:22:19.706799	nathan-fertig-249917-unsplash.jpg	IMAGE	image/jpeg	1600	1067	113855	source/68/nathan-fertig-249917-unsplash.jpg	https://vendure-dev.aexol.com/assets/nathan-fertig-249917-unsplash__preview.jpg	\N	46
2023-12-13 22:22:19.762118	2023-12-13 22:22:19.762118	paul-weaver-1120584-unsplash.jpg	IMAGE	image/jpeg	1600	1067	65612	source/14/paul-weaver-1120584-unsplash.jpg	https://vendure-dev.aexol.com/assets/paul-weaver-1120584-unsplash__preview.jpg	\N	47
2023-12-13 22:22:19.821942	2023-12-13 22:22:19.821942	pierre-chatel-innocenti-483198-unsplash.jpg	IMAGE	image/jpeg	1600	1067	32036	source/39/pierre-chatel-innocenti-483198-unsplash.jpg	https://vendure-dev.aexol.com/assets/pierre-chatel-innocenti-483198-unsplash__preview.jpg	\N	48
2023-12-13 22:22:19.875589	2023-12-13 22:22:19.875589	abel-y-costa-716024-unsplash.jpg	IMAGE	image/jpeg	1600	1067	103392	source/46/abel-y-costa-716024-unsplash.jpg	https://vendure-dev.aexol.com/assets/abel-y-costa-716024-unsplash__preview.jpg	\N	49
2023-12-13 22:22:19.937339	2023-12-13 22:22:19.937339	kari-shea-398668-unsplash.jpg	IMAGE	image/jpeg	1048	1500	181352	source/4f/kari-shea-398668-unsplash.jpg	https://vendure-dev.aexol.com/assets/kari-shea-398668-unsplash__preview.jpg	\N	50
2023-12-13 22:22:19.996002	2023-12-13 22:22:19.996002	andres-jasso-220776-unsplash.jpg	IMAGE	image/jpeg	1600	1104	100927	source/f1/andres-jasso-220776-unsplash.jpg	https://vendure-dev.aexol.com/assets/andres-jasso-220776-unsplash__preview.jpg	\N	51
2023-12-13 22:22:20.051029	2023-12-13 22:22:20.051029	ruslan-bardash-351288-unsplash.jpg	IMAGE	image/jpeg	1067	1600	47113	source/95/ruslan-bardash-351288-unsplash.jpg	https://vendure-dev.aexol.com/assets/ruslan-bardash-351288-unsplash__preview.jpg	\N	52
2023-12-13 22:22:20.10675	2023-12-13 22:22:20.10675	benjamin-voros-310026-unsplash.jpg	IMAGE	image/jpeg	1200	1600	218391	source/7a/benjamin-voros-310026-unsplash.jpg	https://vendure-dev.aexol.com/assets/benjamin-voros-310026-unsplash__preview.jpg	\N	53
2023-12-13 22:22:20.160999	2023-12-13 22:22:20.160999	jean-philippe-delberghe-1400011-unsplash.jpg	IMAGE	image/jpeg	1067	1600	64529	source/94/jean-philippe-delberghe-1400011-unsplash.jpg	https://vendure-dev.aexol.com/assets/jean-philippe-delberghe-1400011-unsplash__preview.jpg	\N	54
\.


--
-- Data for Name: asset_channels_channel; Type: TABLE DATA; Schema: public; Owner: postgres
--

COPY public.asset_channels_channel ("assetId", "channelId") FROM stdin;
1	1
2	1
3	1
4	1
5	1
6	1
7	1
8	1
9	1
10	1
11	1
12	1
13	1
14	1
15	1
16	1
17	1
18	1
19	1
20	1
21	1
22	1
23	1
24	1
25	1
26	1
27	1
28	1
29	1
30	1
31	1
32	1
33	1
34	1
35	1
36	1
37	1
38	1
39	1
40	1
41	1
42	1
43	1
44	1
45	1
46	1
47	1
48	1
49	1
50	1
51	1
52	1
53	1
54	1
\.


--
-- Data for Name: asset_tags_tag; Type: TABLE DATA; Schema: public; Owner: postgres
--

COPY public.asset_tags_tag ("assetId", "tagId") FROM stdin;
\.


--
-- Data for Name: authentication_method; Type: TABLE DATA; Schema: public; Owner: postgres
--

COPY public.authentication_method ("createdAt", "updatedAt", identifier, "passwordHash", "verificationToken", "passwordResetToken", "identifierChangeToken", "pendingIdentifier", strategy, "externalIdentifier", metadata, id, type, "userId") FROM stdin;
2023-12-13 22:22:12.994946	2023-12-13 22:22:13.002874	superadmin	$2b$12$nzVovR/SfslkuAZAAdetZelreeQcQaLkBg0OxUxmc37IUsNsGepOC	\N	\N	\N	\N	\N	\N	\N	1	NativeAuthenticationMethod	1
2023-12-14 17:16:55.664169	2023-12-14 17:16:55.664169	johndoe123@gmail.com		MjAyMy0xMi0xNFQxNzoxNjo1NS42ODVa_JHE5EZAJNJXJM6R1	\N	\N	\N	\N	\N	\N	2	NativeAuthenticationMethod	2
2023-12-21 18:05:40.254873	2023-12-21 18:05:40.254873	user9@example.com	$2b$12$SOTUsyYWv/Zyte0fF8kutuLUEq7ODV9zyefoZRnl3NwGz5OyTVfAu	\N	\N	\N	\N	\N	\N	\N	13	NativeAuthenticationMethod	13
2023-12-14 17:24:59.303845	2023-12-14 17:24:59.303845	johndoe234@gmail.com		MjAyMy0xMi0xNFQxNzoyNDo1OS4zMjRa_5SZVLBEQ1G7T4MW4	\N	\N	\N	\N	\N	\N	3	NativeAuthenticationMethod	3
2023-12-14 17:33:24.855693	2023-12-14 17:33:24.855693	johndoe456@gmail.com		MjAyMy0xMi0xNFQxNzozMzoyNC44NzZa_HJ3N528TDSXUYRSL	\N	\N	\N	\N	\N	\N	4	NativeAuthenticationMethod	4
2023-12-15 19:49:05.059265	2023-12-15 19:49:05.059265	user1@example.com		MjAyMy0xMi0xNVQxOTo0OTowNS4wODBa_FADLTHDRRDGMLX5L	\N	\N	\N	\N	\N	\N	5	NativeAuthenticationMethod	5
2023-12-21 18:08:07.480769	2023-12-21 18:08:07.480769	user10@example.com		MjAyMy0xMi0yMVQxODowODowNy40OTJa_FSPFRM8PKBC4UUBH	\N	\N	\N	\N	\N	\N	14	NativeAuthenticationMethod	14
2023-12-21 17:55:15.308409	2023-12-21 17:55:15.308409	user2@example.com	$2b$12$LXH0rlXjhUDsWK5F7u785etbMziZSA3GqOVkOoxtniEmrS.Y9pLuy	\N	\N	\N	\N	\N	\N	\N	6	NativeAuthenticationMethod	6
2023-12-21 17:57:16.585507	2023-12-21 17:57:16.585507	user3@example.com	$2b$12$Ih2gzSMcKZxbJLAhjmiZYevKaOW0CbceusrbotNFHtt2f0T5KHMu.	\N	\N	\N	\N	\N	\N	\N	7	NativeAuthenticationMethod	7
2023-12-21 17:58:49.563668	2023-12-21 17:58:49.563668	user4@example.com	$2b$12$8HVZM7GLY6PoV2SyjBnIPuhypUqLubnU0/imwyoind5KBwkQmGw1y	\N	\N	\N	\N	\N	\N	\N	8	NativeAuthenticationMethod	8
2023-12-21 18:08:34.338319	2023-12-21 18:08:34.338319	user11@example.com		MjAyMy0xMi0yMVQxODowODozNC4zNTNa_WCE7J37SNE7521A2	\N	\N	\N	\N	\N	\N	15	NativeAuthenticationMethod	15
2023-12-21 18:00:16.405376	2023-12-21 18:00:16.405376	user5@example.com	$2b$12$q5ng1zKua1en0oON8Y/4lOcK6q40snI1xbYzxxrNus3XNCeaQNd32	\N	\N	\N	\N	\N	\N	\N	9	NativeAuthenticationMethod	9
2023-12-21 18:01:19.770899	2023-12-21 18:01:19.770899	user6@example.com		MjAyMy0xMi0yMVQxODowMToxOS43ODJa_KW331P5PF1A6YGXH	\N	\N	\N	\N	\N	\N	10	NativeAuthenticationMethod	10
2023-12-21 18:02:07.683894	2023-12-21 18:02:07.683894	user7@example.com		MjAyMy0xMi0yMVQxODowMjowNy42OTla_6BNV9WGYMQRE4UVT	\N	\N	\N	\N	\N	\N	11	NativeAuthenticationMethod	11
2023-12-21 18:04:13.772215	2023-12-21 18:04:13.772215	user8@example.com		MjAyMy0xMi0yMVQxODowNDoxMy43ODVa_XZH57BJETZE31H3Y	\N	\N	\N	\N	\N	\N	12	NativeAuthenticationMethod	12
\.


--
-- Data for Name: channel; Type: TABLE DATA; Schema: public; Owner: postgres
--

COPY public.channel ("createdAt", "updatedAt", code, token, description, "defaultLanguageCode", "availableLanguageCodes", "defaultCurrencyCode", "availableCurrencyCodes", "trackInventory", "outOfStockThreshold", "pricesIncludeTax", id, "sellerId", "defaultTaxZoneId", "defaultShippingZoneId") FROM stdin;
2023-12-13 22:22:12.645905	2023-12-15 17:45:58.856451	__default_channel__	dsluraxzobcpz3sq6y6a		en	pt_BR	USD	BRL,USD	t	0	f	1	1	2	2
\.


--
-- Data for Name: collection; Type: TABLE DATA; Schema: public; Owner: postgres
--

COPY public.collection ("createdAt", "updatedAt", "isRoot", "position", "isPrivate", filters, "inheritFilters", id, "parentId", "featuredAssetId") FROM stdin;
2023-12-13 22:22:20.291445	2023-12-13 22:22:20.291445	t	0	f	[]	t	1	\N	\N
2023-12-13 22:22:20.343882	2023-12-13 22:22:20.343882	f	1	f	[{"code":"facet-value-filter","args":[{"name":"facetValueIds","value":"[2]"},{"name":"containsAny","value":"false"}]}]	t	3	2	5
2023-12-13 22:22:20.370867	2023-12-13 22:22:20.370867	f	2	f	[{"code":"facet-value-filter","args":[{"name":"facetValueIds","value":"[9]"},{"name":"containsAny","value":"false"}]}]	t	4	2	12
2023-12-13 22:22:20.391231	2023-12-13 22:22:20.391231	f	2	f	[{"code":"facet-value-filter","args":[{"name":"facetValueIds","value":"[30]"},{"name":"containsAny","value":"false"}]}]	t	5	1	47
2023-12-13 22:22:20.410586	2023-12-13 22:22:20.410586	f	1	f	[{"code":"facet-value-filter","args":[{"name":"facetValueIds","value":"[34]"},{"name":"containsAny","value":"false"}]}]	t	6	5	46
2023-12-13 22:22:20.428782	2023-12-13 22:22:20.428782	f	2	f	[{"code":"facet-value-filter","args":[{"name":"facetValueIds","value":"[31]"},{"name":"containsAny","value":"false"}]}]	t	7	5	37
2023-12-13 22:22:20.455484	2023-12-13 22:22:20.455484	f	3	f	[{"code":"facet-value-filter","args":[{"name":"facetValueIds","value":"[17]"},{"name":"containsAny","value":"false"}]}]	t	8	1	24
2023-12-13 22:22:20.483033	2023-12-13 22:22:20.483033	f	1	f	[{"code":"facet-value-filter","args":[{"name":"facetValueIds","value":"[18]"},{"name":"containsAny","value":"false"}]}]	t	9	8	23
2023-12-13 22:22:20.507286	2023-12-13 22:22:20.507286	f	2	f	[{"code":"facet-value-filter","args":[{"name":"facetValueIds","value":"[23]"},{"name":"containsAny","value":"false"}]}]	t	10	8	32
2023-12-13 22:22:20.306359	2023-12-15 17:33:45.615619	f	1	f	[{"code":"facet-value-filter","args":[{"name":"facetValueIds","value":"[]"},{"name":"containsAny","value":"false"},{"name":"combineWithAnd","value":"true"}]}]	t	2	1	16
\.


--
-- Data for Name: collection_asset; Type: TABLE DATA; Schema: public; Owner: postgres
--

COPY public.collection_asset ("createdAt", "updatedAt", "assetId", "position", "collectionId", id) FROM stdin;
2023-12-13 22:22:20.317594	2023-12-13 22:22:20.317594	16	0	2	1
2023-12-13 22:22:20.352806	2023-12-13 22:22:20.352806	5	0	3	2
2023-12-13 22:22:20.376923	2023-12-13 22:22:20.376923	12	0	4	3
2023-12-13 22:22:20.39689	2023-12-13 22:22:20.39689	47	0	5	4
2023-12-13 22:22:20.415552	2023-12-13 22:22:20.415552	46	0	6	5
2023-12-13 22:22:20.43601	2023-12-13 22:22:20.43601	37	0	7	6
2023-12-13 22:22:20.466388	2023-12-13 22:22:20.466388	24	0	8	7
2023-12-13 22:22:20.488956	2023-12-13 22:22:20.488956	23	0	9	8
2023-12-13 22:22:20.515229	2023-12-13 22:22:20.515229	32	0	10	9
\.


--
-- Data for Name: collection_channels_channel; Type: TABLE DATA; Schema: public; Owner: postgres
--

COPY public.collection_channels_channel ("collectionId", "channelId") FROM stdin;
1	1
2	1
3	1
4	1
5	1
6	1
7	1
8	1
9	1
10	1
\.


--
-- Data for Name: collection_closure; Type: TABLE DATA; Schema: public; Owner: postgres
--

COPY public.collection_closure (id_ancestor, id_descendant) FROM stdin;
1	1
2	2
1	2
3	3
2	3
1	3
4	4
2	4
1	4
5	5
1	5
6	6
5	6
1	6
7	7
5	7
1	7
8	8
1	8
9	9
8	9
1	9
10	10
8	10
1	10
\.


--
-- Data for Name: collection_product_variants_product_variant; Type: TABLE DATA; Schema: public; Owner: postgres
--

COPY public.collection_product_variants_product_variant ("collectionId", "productVariantId") FROM stdin;
3	1
3	2
3	3
3	4
3	5
3	6
3	7
3	8
3	9
3	10
3	11
3	12
3	13
3	14
3	15
3	16
3	17
3	18
3	19
3	20
3	21
3	22
3	23
3	24
3	25
4	26
4	27
4	28
4	29
4	30
4	31
4	32
4	33
4	34
5	67
5	68
5	69
5	70
5	71
5	72
5	73
5	74
5	75
5	76
5	77
5	78
5	79
5	80
5	81
5	82
5	83
5	84
5	85
5	86
5	87
5	88
6	75
6	77
6	78
6	79
6	80
6	81
6	82
6	83
6	84
6	85
6	86
6	87
6	88
7	67
7	68
7	69
7	70
7	71
7	72
7	73
7	74
7	76
8	35
8	36
8	37
8	38
8	39
8	40
8	41
8	42
8	43
8	44
8	45
8	46
8	47
8	48
8	49
8	50
8	51
8	52
8	53
8	54
8	55
8	56
8	57
8	58
8	59
8	60
8	61
8	62
8	63
8	64
8	65
8	66
9	35
9	36
9	37
9	38
9	39
9	40
9	41
9	42
10	43
10	44
10	45
10	46
10	47
10	48
10	49
10	50
10	51
10	52
10	53
10	54
10	55
10	56
10	57
10	58
10	59
10	60
10	61
10	62
10	63
10	64
10	65
10	66
\.


--
-- Data for Name: collection_translation; Type: TABLE DATA; Schema: public; Owner: postgres
--

COPY public.collection_translation ("createdAt", "updatedAt", "languageCode", name, slug, description, id, "baseId") FROM stdin;
2023-12-13 22:22:20.287711	2023-12-13 22:22:20.291445	en	__root_collection__	__root_collection__	The root of the Collection tree.	2	1
2023-12-13 22:22:20.280507	2023-12-13 22:22:20.306359	en	Electronics	electronics		1	2
2023-12-13 22:22:20.338488	2023-12-13 22:22:20.343882	en	Computers	computers		3	3
2023-12-13 22:22:20.363697	2023-12-13 22:22:20.370867	en	Camera & Photo	camera-photo		4	4
2023-12-13 22:22:20.387294	2023-12-13 22:22:20.391231	en	Home & Garden	home-garden		5	5
2023-12-13 22:22:20.406489	2023-12-13 22:22:20.410586	en	Furniture	furniture		6	6
2023-12-13 22:22:20.424151	2023-12-13 22:22:20.428782	en	Plants	plants		7	7
2023-12-13 22:22:20.44898	2023-12-13 22:22:20.455484	en	Sports & Outdoor	sports-outdoor		8	8
2023-12-13 22:22:20.476999	2023-12-13 22:22:20.483033	en	Equipment	equipment		9	9
2023-12-13 22:22:20.501753	2023-12-13 22:22:20.507286	en	Footwear	footwear		10	10
2023-12-15 17:33:45.615619	2023-12-15 17:33:45.615619	pt_BR	formio	formio		11	2
\.


--
-- Data for Name: customer; Type: TABLE DATA; Schema: public; Owner: postgres
--

COPY public.customer ("createdAt", "updatedAt", "deletedAt", title, "firstName", "lastName", "phoneNumber", "emailAddress", id, "userId") FROM stdin;
2023-12-14 17:16:55.664169	2023-12-14 17:24:32.610086	2023-12-14 17:24:32.619		John	Doe		johndoe123@gmail.com	1	2
2023-12-14 17:24:59.303845	2023-12-14 17:30:32.586681	2023-12-14 17:30:32.595		John	Doe		johndoe234@gmail.com	2	3
2023-12-14 17:33:24.855693	2023-12-15 19:48:53.049094	\N		John	Doe		johndoe456@gmail.com	3	4
2023-12-15 19:49:05.059265	2023-12-20 15:19:07.547711	\N		User1	Example		user1@example.com	4	5
2023-12-21 17:57:16.585507	2023-12-21 17:58:36.757625	2023-12-21 17:58:36.767		User3	Example		user3@example.com	6	7
2023-12-21 17:55:15.308409	2023-12-21 17:58:36.757625	2023-12-21 17:58:36.768		User2	Example		user2@example.com	5	6
2023-12-21 17:58:49.563668	2023-12-21 18:00:03.998905	2023-12-21 18:00:04.009		user4	example		user4@example.com	7	8
2023-12-21 18:00:16.405376	2023-12-21 18:01:09.799863	2023-12-21 18:01:09.808		user5	example		user5@example.com	8	9
2023-12-21 18:01:19.770899	2023-12-21 18:01:55.55559	2023-12-21 18:01:55.561		user6	example		user6@example.com	9	10
2023-12-21 18:02:07.683894	2023-12-21 18:04:03.313376	2023-12-21 18:04:03.321		user7	example		user7@example.com	10	11
2023-12-21 18:04:13.772215	2023-12-21 18:05:28.171341	2023-12-21 18:05:28.181		user8	example		user8@example.com	11	12
2023-12-21 18:05:40.254873	2023-12-21 18:07:56.589033	2023-12-21 18:07:56.598		user9	example		user9@example.com	12	13
2023-12-21 18:08:07.480769	2023-12-21 18:08:23.271803	2023-12-21 18:08:23.281		user10	example		user10@example.com	13	14
2023-12-21 18:08:34.338319	2023-12-21 18:08:34.338319	\N		user11	example		user11@example.com	14	15
\.


--
-- Data for Name: customer_channels_channel; Type: TABLE DATA; Schema: public; Owner: postgres
--

COPY public.customer_channels_channel ("customerId", "channelId") FROM stdin;
1	1
2	1
3	1
4	1
5	1
6	1
7	1
8	1
9	1
10	1
11	1
12	1
13	1
14	1
\.


--
-- Data for Name: customer_group; Type: TABLE DATA; Schema: public; Owner: postgres
--

COPY public.customer_group ("createdAt", "updatedAt", name, id) FROM stdin;
2023-12-21 16:40:53.198841	2023-12-21 16:40:53.198841	basic	2
2023-12-21 16:40:59.583816	2023-12-21 16:40:59.583816	pro	3
2023-12-21 16:41:06.248642	2023-12-21 16:41:06.248642	family	4
\.


--
-- Data for Name: customer_groups_customer_group; Type: TABLE DATA; Schema: public; Owner: postgres
--

COPY public.customer_groups_customer_group ("customerId", "customerGroupId") FROM stdin;
14	3
\.


--
-- Data for Name: facet; Type: TABLE DATA; Schema: public; Owner: postgres
--

COPY public.facet ("createdAt", "updatedAt", "isPrivate", code, id) FROM stdin;
2023-12-13 22:22:15.918354	2023-12-13 22:22:15.918354	f	category	1
2023-12-13 22:22:15.961902	2023-12-13 22:22:15.961902	f	brand	2
2023-12-13 22:22:18.253144	2023-12-13 22:22:18.253144	f	color	3
2023-12-13 22:22:19.077266	2023-12-13 22:22:19.077266	f	plant-type	4
\.


--
-- Data for Name: facet_channels_channel; Type: TABLE DATA; Schema: public; Owner: postgres
--

COPY public.facet_channels_channel ("facetId", "channelId") FROM stdin;
1	1
2	1
3	1
4	1
\.


--
-- Data for Name: facet_translation; Type: TABLE DATA; Schema: public; Owner: postgres
--

COPY public.facet_translation ("createdAt", "updatedAt", "languageCode", name, id, "baseId") FROM stdin;
2023-12-13 22:22:15.914662	2023-12-13 22:22:15.918354	en	category	1	1
2023-12-13 22:22:15.958579	2023-12-13 22:22:15.961902	en	brand	2	2
2023-12-13 22:22:18.25018	2023-12-13 22:22:18.253144	en	color	3	3
2023-12-13 22:22:19.074718	2023-12-13 22:22:19.077266	en	plant type	4	4
\.


--
-- Data for Name: facet_value; Type: TABLE DATA; Schema: public; Owner: postgres
--

COPY public.facet_value ("createdAt", "updatedAt", code, id, "facetId") FROM stdin;
2023-12-13 22:22:15.933993	2023-12-13 22:22:15.933993	electronics	1	1
2023-12-13 22:22:15.947788	2023-12-13 22:22:15.947788	computers	2	1
2023-12-13 22:22:15.973823	2023-12-13 22:22:15.973823	apple	3	2
2023-12-13 22:22:16.250913	2023-12-13 22:22:16.250913	logitech	4	2
2023-12-13 22:22:16.346319	2023-12-13 22:22:16.346319	samsung	5	2
2023-12-13 22:22:16.513628	2023-12-13 22:22:16.513628	corsair	6	2
2023-12-13 22:22:16.656966	2023-12-13 22:22:16.656966	admi	7	2
2023-12-13 22:22:16.800078	2023-12-13 22:22:16.800078	seagate	8	2
2023-12-13 22:22:17.134842	2023-12-13 22:22:17.134842	photo	9	1
2023-12-13 22:22:17.145262	2023-12-13 22:22:17.145262	polaroid	10	2
2023-12-13 22:22:17.209677	2023-12-13 22:22:17.209677	nikkon	11	2
2023-12-13 22:22:17.266462	2023-12-13 22:22:17.266462	agfa	12	2
2023-12-13 22:22:17.32486	2023-12-13 22:22:17.32486	manfrotto	13	2
2023-12-13 22:22:17.399375	2023-12-13 22:22:17.399375	kodak	14	2
2023-12-13 22:22:17.473228	2023-12-13 22:22:17.473228	sony	15	2
2023-12-13 22:22:17.647147	2023-12-13 22:22:17.647147	rolleiflex	16	2
2023-12-13 22:22:17.720892	2023-12-13 22:22:17.720892	sports-outdoor	17	1
2023-12-13 22:22:17.728382	2023-12-13 22:22:17.728382	equipment	18	1
2023-12-13 22:22:17.735295	2023-12-13 22:22:17.735295	pinarello	19	2
2023-12-13 22:22:17.808815	2023-12-13 22:22:17.808815	everlast	20	2
2023-12-13 22:22:18.048384	2023-12-13 22:22:18.048384	nike	21	2
2023-12-13 22:22:18.106696	2023-12-13 22:22:18.106696	wilson	22	2
2023-12-13 22:22:18.231801	2023-12-13 22:22:18.231801	footwear	23	1
2023-12-13 22:22:18.240856	2023-12-13 22:22:18.240856	adidas	24	2
2023-12-13 22:22:18.264192	2023-12-13 22:22:18.264192	blue	25	3
2023-12-13 22:22:18.27178	2023-12-13 22:22:18.27178	pink	26	3
2023-12-13 22:22:18.403591	2023-12-13 22:22:18.403591	black	27	3
2023-12-13 22:22:18.531878	2023-12-13 22:22:18.531878	white	28	3
2023-12-13 22:22:18.926111	2023-12-13 22:22:18.926111	converse	29	2
2023-12-13 22:22:19.058051	2023-12-13 22:22:19.058051	home-garden	30	1
2023-12-13 22:22:19.066909	2023-12-13 22:22:19.066909	plants	31	1
2023-12-13 22:22:19.086049	2023-12-13 22:22:19.086049	indoor	32	4
2023-12-13 22:22:19.141117	2023-12-13 22:22:19.141117	outdoor	33	4
2023-12-13 22:22:19.549427	2023-12-13 22:22:19.549427	furniture	34	1
2023-12-13 22:22:19.559882	2023-12-13 22:22:19.559882	gray	35	3
2023-12-13 22:22:19.767404	2023-12-13 22:22:19.767404	brown	36	3
2023-12-13 22:22:19.881628	2023-12-13 22:22:19.881628	wood	37	3
2023-12-13 22:22:20.190941	2023-12-13 22:22:20.190941	yellow	38	3
2023-12-13 22:22:20.222392	2023-12-13 22:22:20.222392	green	39	3
\.


--
-- Data for Name: facet_value_channels_channel; Type: TABLE DATA; Schema: public; Owner: postgres
--

COPY public.facet_value_channels_channel ("facetValueId", "channelId") FROM stdin;
1	1
2	1
3	1
4	1
5	1
6	1
7	1
8	1
9	1
10	1
11	1
12	1
13	1
14	1
15	1
16	1
17	1
18	1
19	1
20	1
21	1
22	1
23	1
24	1
25	1
26	1
27	1
28	1
29	1
30	1
31	1
32	1
33	1
34	1
35	1
36	1
37	1
38	1
39	1
\.


--
-- Data for Name: facet_value_translation; Type: TABLE DATA; Schema: public; Owner: postgres
--

COPY public.facet_value_translation ("createdAt", "updatedAt", "languageCode", name, id, "baseId") FROM stdin;
2023-12-13 22:22:15.931098	2023-12-13 22:22:15.933993	en	Electronics	1	1
2023-12-13 22:22:15.945485	2023-12-13 22:22:15.947788	en	Computers	2	2
2023-12-13 22:22:15.971772	2023-12-13 22:22:15.973823	en	Apple	3	3
2023-12-13 22:22:16.248821	2023-12-13 22:22:16.250913	en	Logitech	4	4
2023-12-13 22:22:16.343162	2023-12-13 22:22:16.346319	en	Samsung	5	5
2023-12-13 22:22:16.511072	2023-12-13 22:22:16.513628	en	Corsair	6	6
2023-12-13 22:22:16.654934	2023-12-13 22:22:16.656966	en	ADMI	7	7
2023-12-13 22:22:16.79782	2023-12-13 22:22:16.800078	en	Seagate	8	8
2023-12-13 22:22:17.132875	2023-12-13 22:22:17.134842	en	Photo	9	9
2023-12-13 22:22:17.143387	2023-12-13 22:22:17.145262	en	Polaroid	10	10
2023-12-13 22:22:17.207584	2023-12-13 22:22:17.209677	en	Nikkon	11	11
2023-12-13 22:22:17.264742	2023-12-13 22:22:17.266462	en	Agfa	12	12
2023-12-13 22:22:17.322334	2023-12-13 22:22:17.32486	en	Manfrotto	13	13
2023-12-13 22:22:17.39686	2023-12-13 22:22:17.399375	en	Kodak	14	14
2023-12-13 22:22:17.471291	2023-12-13 22:22:17.473228	en	Sony	15	15
2023-12-13 22:22:17.645226	2023-12-13 22:22:17.647147	en	Rolleiflex	16	16
2023-12-13 22:22:17.718577	2023-12-13 22:22:17.720892	en	Sports & Outdoor	17	17
2023-12-13 22:22:17.726627	2023-12-13 22:22:17.728382	en	Equipment	18	18
2023-12-13 22:22:17.733669	2023-12-13 22:22:17.735295	en	Pinarello	19	19
2023-12-13 22:22:17.803961	2023-12-13 22:22:17.808815	en	Everlast	20	20
2023-12-13 22:22:18.045966	2023-12-13 22:22:18.048384	en	Nike	21	21
2023-12-13 22:22:18.104721	2023-12-13 22:22:18.106696	en	Wilson	22	22
2023-12-13 22:22:18.229295	2023-12-13 22:22:18.231801	en	Footwear	23	23
2023-12-13 22:22:18.238645	2023-12-13 22:22:18.240856	en	Adidas	24	24
2023-12-13 22:22:18.262219	2023-12-13 22:22:18.264192	en	blue	25	25
2023-12-13 22:22:18.270106	2023-12-13 22:22:18.27178	en	pink	26	26
2023-12-13 22:22:18.401454	2023-12-13 22:22:18.403591	en	black	27	27
2023-12-13 22:22:18.529869	2023-12-13 22:22:18.531878	en	white	28	28
2023-12-13 22:22:18.92412	2023-12-13 22:22:18.926111	en	Converse	29	29
2023-12-13 22:22:19.056009	2023-12-13 22:22:19.058051	en	Home & Garden	30	30
2023-12-13 22:22:19.065009	2023-12-13 22:22:19.066909	en	Plants	31	31
2023-12-13 22:22:19.084412	2023-12-13 22:22:19.086049	en	Indoor	32	32
2023-12-13 22:22:19.139211	2023-12-13 22:22:19.141117	en	Outdoor	33	33
2023-12-13 22:22:19.547498	2023-12-13 22:22:19.549427	en	Furniture	34	34
2023-12-13 22:22:19.55738	2023-12-13 22:22:19.559882	en	gray	35	35
2023-12-13 22:22:19.765441	2023-12-13 22:22:19.767404	en	brown	36	36
2023-12-13 22:22:19.879547	2023-12-13 22:22:19.881628	en	wood	37	37
2023-12-13 22:22:20.18912	2023-12-13 22:22:20.190941	en	yellow	38	38
2023-12-13 22:22:20.220171	2023-12-13 22:22:20.222392	en	green	39	39
\.


--
-- Data for Name: fulfillment; Type: TABLE DATA; Schema: public; Owner: postgres
--

COPY public.fulfillment ("createdAt", "updatedAt", state, "trackingCode", method, "handlerCode", id) FROM stdin;
\.


--
-- Data for Name: global_settings; Type: TABLE DATA; Schema: public; Owner: postgres
--

COPY public.global_settings ("createdAt", "updatedAt", "availableLanguages", "trackInventory", "outOfStockThreshold", id) FROM stdin;
2023-12-13 22:22:12.622758	2023-12-13 23:15:31.688801	en,pt_BR	t	0	1
\.


--
-- Data for Name: history_entry; Type: TABLE DATA; Schema: public; Owner: postgres
--

COPY public.history_entry ("createdAt", "updatedAt", type, "isPublic", data, id, discriminator, "administratorId", "customerId", "orderId") FROM stdin;
2023-12-13 23:41:10.930801	2023-12-13 23:41:10.930801	ORDER_STATE_TRANSITION	t	{"from":"Created","to":"Draft"}	1	OrderHistoryEntry	1	\N	1
2023-12-14 17:16:55.711	2023-12-14 17:16:55.664169	CUSTOMER_REGISTERED	f	{"strategy":"native"}	2	CustomerHistoryEntry	1	1	\N
2023-12-14 17:24:59.354	2023-12-14 17:24:59.303845	CUSTOMER_REGISTERED	f	{"strategy":"native"}	3	CustomerHistoryEntry	1	2	\N
2023-12-14 17:33:24.904	2023-12-14 17:33:24.855693	CUSTOMER_REGISTERED	f	{"strategy":"native"}	4	CustomerHistoryEntry	1	3	\N
2023-12-14 19:37:48.22731	2023-12-14 19:37:48.22731	ORDER_STATE_TRANSITION	t	{"from":"Created","to":"AddingItems"}	5	OrderHistoryEntry	\N	\N	2
2023-12-15 19:10:28.137	2023-12-15 19:10:28.117878	CUSTOMER_DETAIL_UPDATED	f	{"input":{"id":3,"title":"","firstName":"Johne","lastName":"Doe","phoneNumber":"","emailAddress":"johndoe456@gmail.com","customFields":{}}}	6	CustomerHistoryEntry	1	3	\N
2023-12-15 19:12:10.535	2023-12-15 19:12:10.521526	CUSTOMER_DETAIL_UPDATED	f	{"input":{"id":3,"title":"","firstName":"John","lastName":"Doe","phoneNumber":"","emailAddress":"johndoe456@gmail.com","customFields":{}}}	7	CustomerHistoryEntry	1	3	\N
2023-12-15 19:12:56.132	2023-12-15 19:12:56.119199	CUSTOMER_DETAIL_UPDATED	f	{"input":{"id":3,"title":"","firstName":"Johnd","lastName":"Doe","phoneNumber":"","emailAddress":"johndoe456@gmail.com","customFields":{}}}	8	CustomerHistoryEntry	1	3	\N
2023-12-15 19:13:48.353	2023-12-15 19:13:48.345521	CUSTOMER_DETAIL_UPDATED	f	{"input":{"id":3,"title":"","firstName":"John","lastName":"Doe","phoneNumber":"","emailAddress":"johndoe456@gmail.com","customFields":{}}}	9	CustomerHistoryEntry	1	3	\N
2023-12-15 19:14:33.244	2023-12-15 19:14:33.234482	CUSTOMER_DETAIL_UPDATED	f	{"input":{"id":3,"title":"","firstName":"Johnd","lastName":"Doe","phoneNumber":"","emailAddress":"johndoe456@gmail.com","customFields":{}}}	10	CustomerHistoryEntry	1	3	\N
2023-12-15 19:15:53.091	2023-12-15 19:15:53.082371	CUSTOMER_DETAIL_UPDATED	f	{"input":{"id":3,"title":"","firstName":"Johndd","lastName":"Doe","phoneNumber":"","emailAddress":"johndoe456@gmail.com","customFields":{}}}	11	CustomerHistoryEntry	1	3	\N
2023-12-15 19:19:17.039	2023-12-15 19:19:17.02432	CUSTOMER_DETAIL_UPDATED	f	{"input":{"id":3,"title":"","firstName":"Johndddf","lastName":"Doe","phoneNumber":"","emailAddress":"johndoe456@gmail.com","customFields":{}}}	12	CustomerHistoryEntry	1	3	\N
2023-12-15 19:20:16.996	2023-12-15 19:20:16.985358	CUSTOMER_DETAIL_UPDATED	f	{"input":{"id":3,"title":"","firstName":"Johndddfdf","lastName":"Doe","phoneNumber":"","emailAddress":"johndoe456@gmail.com","customFields":{}}}	13	CustomerHistoryEntry	1	3	\N
2023-12-15 19:20:55.196	2023-12-15 19:20:55.18854	CUSTOMER_DETAIL_UPDATED	f	{"input":{"id":3,"title":"","firstName":"John","lastName":"Doe","phoneNumber":"","emailAddress":"johndoe456@gmail.com","customFields":{}}}	14	CustomerHistoryEntry	1	3	\N
2023-12-15 19:21:04.076	2023-12-15 19:21:04.066926	CUSTOMER_DETAIL_UPDATED	f	{"input":{"id":3,"title":"","firstName":"Johnxcvb","lastName":"Doe","phoneNumber":"","emailAddress":"johndoe456@gmail.com","customFields":{}}}	15	CustomerHistoryEntry	1	3	\N
2023-12-15 19:21:23.022	2023-12-15 19:21:23.011262	CUSTOMER_DETAIL_UPDATED	f	{"input":{"id":3,"title":"","firstName":"John","lastName":"Doe","phoneNumber":"","emailAddress":"johndoe456@gmail.com","customFields":{}}}	16	CustomerHistoryEntry	1	3	\N
2023-12-15 19:23:05.137	2023-12-15 19:23:05.126238	CUSTOMER_DETAIL_UPDATED	f	{"input":{"id":3,"title":"","firstName":"Johner","lastName":"Doe","phoneNumber":"","emailAddress":"johndoe456@gmail.com","customFields":{}}}	17	CustomerHistoryEntry	1	3	\N
2023-12-15 19:26:06.236	2023-12-15 19:26:06.218562	CUSTOMER_DETAIL_UPDATED	f	{"input":{"id":3,"title":"","firstName":"Johnerdf","lastName":"Doe","phoneNumber":"","emailAddress":"johndoe456@gmail.com","customFields":{}}}	18	CustomerHistoryEntry	1	3	\N
2023-12-15 19:29:47.681	2023-12-15 19:29:47.667469	CUSTOMER_DETAIL_UPDATED	f	{"input":{"id":3,"title":"","firstName":"Johnerdfdfg","lastName":"Doe","phoneNumber":"","emailAddress":"johndoe456@gmail.com","customFields":{}}}	19	CustomerHistoryEntry	1	3	\N
2023-12-15 19:33:14.67	2023-12-15 19:33:14.655246	CUSTOMER_DETAIL_UPDATED	f	{"input":{"id":3,"title":"","firstName":"John","lastName":"Doe","phoneNumber":"","emailAddress":"johndoe456@gmail.com","customFields":{}}}	20	CustomerHistoryEntry	1	3	\N
2023-12-15 19:35:23.669	2023-12-15 19:35:23.653976	CUSTOMER_DETAIL_UPDATED	f	{"input":{"id":3,"title":"","firstName":"Johncvbcbv","lastName":"Doe","phoneNumber":"","emailAddress":"johndoe456@gmail.com","customFields":{}}}	21	CustomerHistoryEntry	1	3	\N
2023-12-15 19:36:14.298	2023-12-15 19:36:14.287336	CUSTOMER_DETAIL_UPDATED	f	{"input":{"id":3,"title":"","firstName":"Johncvbcbvcvbcvb","lastName":"Doe","phoneNumber":"","emailAddress":"johndoe456@gmail.com","customFields":{}}}	22	CustomerHistoryEntry	1	3	\N
2023-12-15 19:36:50.545	2023-12-15 19:36:50.531886	CUSTOMER_DETAIL_UPDATED	f	{"input":{"id":3,"title":"","firstName":"Johncvbcbvcvbcvbxcvb","lastName":"Doe","phoneNumber":"","emailAddress":"johndoe456@gmail.com","customFields":{}}}	23	CustomerHistoryEntry	1	3	\N
2023-12-15 19:37:57.355	2023-12-15 19:37:57.340447	CUSTOMER_DETAIL_UPDATED	f	{"input":{"id":3,"title":"","firstName":"Johncvbcbvcvbcvbxcvbsdf","lastName":"Doe","phoneNumber":"","emailAddress":"johndoe456@gmail.com","customFields":{}}}	24	CustomerHistoryEntry	1	3	\N
2023-12-15 19:38:25.881	2023-12-15 19:38:25.867649	CUSTOMER_DETAIL_UPDATED	f	{"input":{"id":3,"title":"","firstName":"Johncvbcbvcvbcvbxcvbsdfsdf","lastName":"Doe","phoneNumber":"","emailAddress":"johndoe456@gmail.com","customFields":{}}}	25	CustomerHistoryEntry	1	3	\N
2023-12-15 19:42:34.239	2023-12-15 19:42:34.223854	CUSTOMER_DETAIL_UPDATED	f	{"input":{"id":3,"title":"","firstName":"John","lastName":"Doe","phoneNumber":"","emailAddress":"johndoe456@gmail.com","customFields":{}}}	26	CustomerHistoryEntry	1	3	\N
2023-12-15 19:43:57.685	2023-12-15 19:43:57.662731	CUSTOMER_DETAIL_UPDATED	f	{"input":{"id":3,"title":"","firstName":"Johnxcvb","lastName":"Doe","phoneNumber":"","emailAddress":"johndoe456@gmail.com","customFields":{}}}	27	CustomerHistoryEntry	1	3	\N
2023-12-15 19:45:19.218	2023-12-15 19:45:19.207608	CUSTOMER_DETAIL_UPDATED	f	{"input":{"id":3,"title":"","firstName":"John","lastName":"Doe","phoneNumber":"","emailAddress":"johndoe456@gmail.com","customFields":{}}}	28	CustomerHistoryEntry	1	3	\N
2023-12-15 19:47:34.282	2023-12-15 19:47:34.269558	CUSTOMER_DETAIL_UPDATED	f	{"input":{"id":3,"title":"","firstName":"Johnasdfaf","lastName":"Doe","phoneNumber":"","emailAddress":"johndoe456@gmail.com","customFields":{}}}	29	CustomerHistoryEntry	1	3	\N
2023-12-15 19:48:53.059	2023-12-15 19:48:53.049094	CUSTOMER_DETAIL_UPDATED	f	{"input":{"id":3,"title":"","firstName":"John","lastName":"Doe","phoneNumber":"","emailAddress":"johndoe456@gmail.com","customFields":{}}}	30	CustomerHistoryEntry	1	3	\N
2023-12-15 19:49:05.103	2023-12-15 19:49:05.059265	CUSTOMER_REGISTERED	f	{"strategy":"native"}	31	CustomerHistoryEntry	1	4	\N
2023-12-20 14:35:29.883	2023-12-20 14:35:29.875151	CUSTOMER_ADDED_TO_GROUP	f	{"groupName":"Cube"}	32	CustomerHistoryEntry	1	4	\N
2023-12-20 14:35:57.374	2023-12-20 14:35:57.355069	CUSTOMER_DETAIL_UPDATED	f	{"input":{"id":4,"title":"Mr","firstName":"User1","lastName":"Example","phoneNumber":"","emailAddress":"user1@example.com","customFields":{}}}	33	CustomerHistoryEntry	1	4	\N
2023-12-20 15:19:07.566	2023-12-20 15:19:07.547711	CUSTOMER_DETAIL_UPDATED	f	{"input":{"id":4,"title":"","firstName":"User1","lastName":"Example","phoneNumber":"","emailAddress":"user1@example.com","customFields":{}}}	34	CustomerHistoryEntry	1	4	\N
2023-12-20 15:19:58.631	2023-12-20 15:19:58.621473	CUSTOMER_REMOVED_FROM_GROUP	f	{"groupName":"Cube"}	35	CustomerHistoryEntry	1	4	\N
2023-12-20 15:23:23.524	2023-12-20 15:23:23.51543	CUSTOMER_ADDED_TO_GROUP	f	{"groupName":"Cube"}	36	CustomerHistoryEntry	1	4	\N
2023-12-20 15:23:39.117	2023-12-20 15:23:39.106357	CUSTOMER_REMOVED_FROM_GROUP	f	{"groupName":"Cube"}	37	CustomerHistoryEntry	1	4	\N
2023-12-20 15:24:02.147	2023-12-20 15:24:02.137802	CUSTOMER_ADDED_TO_GROUP	f	{"groupName":"Cube"}	38	CustomerHistoryEntry	1	4	\N
2023-12-20 16:27:29.484	2023-12-20 16:27:29.462114	CUSTOMER_REMOVED_FROM_GROUP	f	{"groupName":"Cube"}	39	CustomerHistoryEntry	1	4	\N
2023-12-20 16:32:32.181	2023-12-20 16:32:32.172268	CUSTOMER_ADDED_TO_GROUP	f	{"groupName":"Cube"}	40	CustomerHistoryEntry	1	4	\N
2023-12-20 16:34:23.789	2023-12-20 16:34:23.780975	CUSTOMER_REMOVED_FROM_GROUP	f	{"groupName":"Cube"}	41	CustomerHistoryEntry	1	4	\N
2023-12-21 16:40:02.318	2023-12-21 16:40:02.31074	CUSTOMER_ADDED_TO_GROUP	f	{"groupName":"Cube"}	42	CustomerHistoryEntry	1	4	\N
2023-12-21 16:40:30.071	2023-12-21 16:40:30.064207	CUSTOMER_REMOVED_FROM_GROUP	f	{"groupName":"Cube"}	43	CustomerHistoryEntry	1	4	\N
2023-12-21 17:55:15.656	2023-12-21 17:55:15.308409	CUSTOMER_REGISTERED	f	{"strategy":"native"}	44	CustomerHistoryEntry	1	5	\N
2023-12-21 17:55:15.661	2023-12-21 17:55:15.308409	CUSTOMER_VERIFIED	f	{"strategy":"native"}	45	CustomerHistoryEntry	1	5	\N
2023-12-21 17:57:16.877	2023-12-21 17:57:16.585507	CUSTOMER_REGISTERED	f	{"strategy":"native"}	46	CustomerHistoryEntry	1	6	\N
2023-12-21 17:57:16.881	2023-12-21 17:57:16.585507	CUSTOMER_VERIFIED	f	{"strategy":"native"}	47	CustomerHistoryEntry	1	6	\N
2023-12-21 17:58:49.856	2023-12-21 17:58:49.563668	CUSTOMER_REGISTERED	f	{"strategy":"native"}	48	CustomerHistoryEntry	1	7	\N
2023-12-21 17:58:49.862	2023-12-21 17:58:49.563668	CUSTOMER_VERIFIED	f	{"strategy":"native"}	49	CustomerHistoryEntry	1	7	\N
2023-12-21 18:00:16.711	2023-12-21 18:00:16.405376	CUSTOMER_REGISTERED	f	{"strategy":"native"}	50	CustomerHistoryEntry	1	8	\N
2023-12-21 18:00:16.716	2023-12-21 18:00:16.405376	CUSTOMER_VERIFIED	f	{"strategy":"native"}	51	CustomerHistoryEntry	1	8	\N
2023-12-21 18:01:19.793	2023-12-21 18:01:19.770899	CUSTOMER_REGISTERED	f	{"strategy":"native"}	52	CustomerHistoryEntry	1	9	\N
2023-12-21 18:02:07.709	2023-12-21 18:02:07.683894	CUSTOMER_REGISTERED	f	{"strategy":"native"}	53	CustomerHistoryEntry	1	10	\N
2023-12-21 18:04:13.81	2023-12-21 18:04:13.772215	CUSTOMER_REGISTERED	f	{"strategy":"native"}	54	CustomerHistoryEntry	1	11	\N
2023-12-21 18:05:40.598	2023-12-21 18:05:40.254873	CUSTOMER_REGISTERED	f	{"strategy":"native"}	55	CustomerHistoryEntry	1	12	\N
2023-12-21 18:05:40.603	2023-12-21 18:05:40.254873	CUSTOMER_VERIFIED	f	{"strategy":"native"}	56	CustomerHistoryEntry	1	12	\N
2023-12-21 18:08:07.506	2023-12-21 18:08:07.480769	CUSTOMER_REGISTERED	f	{"strategy":"native"}	57	CustomerHistoryEntry	1	13	\N
2023-12-21 18:08:34.365	2023-12-21 18:08:34.338319	CUSTOMER_REGISTERED	f	{"strategy":"native"}	58	CustomerHistoryEntry	1	14	\N
2023-12-21 18:09:40.46	2023-12-21 18:09:40.451709	CUSTOMER_ADDED_TO_GROUP	f	{"groupName":"pro"}	59	CustomerHistoryEntry	1	14	\N
2023-12-21 18:10:39.646	2023-12-21 18:10:39.636798	CUSTOMER_REMOVED_FROM_GROUP	f	{"groupName":"pro"}	60	CustomerHistoryEntry	1	14	\N
2023-12-21 18:12:21.061	2023-12-21 18:12:21.052324	CUSTOMER_ADDED_TO_GROUP	f	{"groupName":"pro"}	61	CustomerHistoryEntry	1	14	\N
2023-12-21 18:14:22.101	2023-12-21 18:14:22.091568	CUSTOMER_REMOVED_FROM_GROUP	f	{"groupName":"pro"}	62	CustomerHistoryEntry	1	14	\N
2023-12-21 18:14:49.781	2023-12-21 18:14:49.772244	CUSTOMER_ADDED_TO_GROUP	f	{"groupName":"pro"}	63	CustomerHistoryEntry	1	14	\N
2023-12-21 18:15:44.774	2023-12-21 18:15:44.767052	CUSTOMER_REMOVED_FROM_GROUP	f	{"groupName":"pro"}	64	CustomerHistoryEntry	1	14	\N
2023-12-21 18:16:10.482	2023-12-21 18:16:10.473382	CUSTOMER_ADDED_TO_GROUP	f	{"groupName":"pro"}	65	CustomerHistoryEntry	1	14	\N
2023-12-21 18:19:20.162	2023-12-21 18:19:20.155068	CUSTOMER_REMOVED_FROM_GROUP	f	{"groupName":"pro"}	66	CustomerHistoryEntry	1	14	\N
2023-12-21 18:19:30.795	2023-12-21 18:19:30.78963	CUSTOMER_ADDED_TO_GROUP	f	{"groupName":"pro"}	67	CustomerHistoryEntry	1	14	\N
2023-12-21 18:21:31.697	2023-12-21 18:21:31.690374	CUSTOMER_REMOVED_FROM_GROUP	f	{"groupName":"pro"}	68	CustomerHistoryEntry	1	14	\N
2023-12-21 18:21:45.469	2023-12-21 18:21:45.460891	CUSTOMER_ADDED_TO_GROUP	f	{"groupName":"pro"}	69	CustomerHistoryEntry	1	14	\N
2023-12-21 19:14:01.606	2023-12-21 19:14:01.593792	CUSTOMER_REMOVED_FROM_GROUP	f	{"groupName":"pro"}	70	CustomerHistoryEntry	1	14	\N
2023-12-21 19:14:38.002	2023-12-21 19:14:37.992039	CUSTOMER_ADDED_TO_GROUP	f	{"groupName":"pro"}	71	CustomerHistoryEntry	1	14	\N
2023-12-21 19:15:06.417	2023-12-21 19:15:06.409346	CUSTOMER_REMOVED_FROM_GROUP	f	{"groupName":"pro"}	72	CustomerHistoryEntry	1	14	\N
2023-12-21 19:28:44.187	2023-12-21 19:28:44.176718	CUSTOMER_ADDED_TO_GROUP	f	{"groupName":"pro"}	73	CustomerHistoryEntry	1	14	\N
\.


--
-- Data for Name: job_record; Type: TABLE DATA; Schema: public; Owner: postgres
--

COPY public.job_record ("createdAt", "updatedAt", "queueName", data, state, progress, result, error, "startedAt", "settledAt", "isSettled", retries, attempts, id) FROM stdin;
2023-12-21 18:01:19.820037	2023-12-21 18:01:19.953099	send-email	{"ctx":{"_req":{"_readableState":{"objectMode":false,"highWaterMark":16384,"length":0,"pipes":[],"flowing":true,"ended":true,"endEmitted":true,"reading":false,"constructed":true,"sync":false,"needReadable":false,"emittedReadable":false,"readableListening":false,"resumeScheduled":false,"errorEmitted":false,"emitClose":true,"autoDestroy":true,"destroyed":true,"errored":null,"closed":true,"closeEmitted":true,"defaultEncoding":"utf8","awaitDrainWriters":null,"multiAwaitDrain":false,"readingMore":false,"dataEmitted":true,"decoder":null,"encoding":null},"_events":{},"_eventsCount":1,"socket":{"connecting":false,"_hadError":false,"_parent":null,"_host":null,"_eventsCount":8,"allowHalfOpen":true,"_sockname":null,"_pendingData":null,"_pendingEncoding":"","_paused":false,"timeout":0,"bytesRead":2585,"remoteAddress":"::ffff:118.70.126.70","remoteFamily":"IPv6","remotePort":56137,"localAddress":"::ffff:65.21.189.93","localPort":3000,"_bytesDispatched":483,"bytesWritten":483},"httpVersionMajor":1,"httpVersionMinor":1,"httpVersion":"1.1","complete":true,"rawHeaders":["Host","65.21.189.93:3000","Connection","keep-alive","Content-Length","1060","accept","*/*","apollo-require-preflight","true","vendure-token","dsluraxzobcpz3sq6y6a","User-Agent","Mozilla/5.0 (Windows NT 10.0; Win64; x64) AppleWebKit/537.36 (KHTML, like Gecko) Chrome/120.0.0.0 Safari/537.36","content-type","application/json","Origin","http://65.21.189.93:3000","Referer","http://65.21.189.93:3000/admin/customer/customers/create","Accept-Encoding","gzip, deflate","Accept-Language","en-US,en;q=0.9,vi;q=0.8","Cookie","session=eyJ0b2tlbiI6Ijc0ZDFhNTg1M2EwM2Q0YTczNmFiYjhiYTNkOTViZmMyM2ZlMTRkZWVhNzc1NThkYTRmN2RkNWZjZGM2NWEzM2EifQ==; session.sig=RfNxb6qOxJ_k-AXSeu0OsR5EQuw"],"rawTrailers":[],"aborted":false,"upgrade":false,"url":"/?languageCode=en","method":"POST","statusCode":null,"statusMessage":null,"client":{"connecting":false,"_hadError":false,"_parent":null,"_host":null,"_eventsCount":8,"allowHalfOpen":true,"_pendingData":null,"_pendingEncoding":"","_paused":false,"timeout":0,"bytesRead":2585,"remoteAddress":"::ffff:118.70.126.70","remoteFamily":"IPv6","remotePort":56137,"localAddress":"::ffff:65.21.189.93","localPort":3000,"_bytesDispatched":483,"bytesWritten":483},"_consuming":true,"_dumped":false,"next":{},"baseUrl":"/admin-api","originalUrl":"/admin-api?languageCode=en","_parsedUrl":{"protocol":null,"slashes":null,"auth":null,"host":null,"port":null,"hostname":null,"hash":null,"search":"?languageCode=en","query":"languageCode=en","pathname":"/admin-api","path":"/admin-api?languageCode=en","href":"/admin-api?languageCode=en","_raw":"/admin-api?languageCode=en"},"params":{},"query":{"languageCode":"en"},"res":{"_eventsCount":1,"outputData":[],"outputSize":0,"writable":true,"destroyed":false,"_last":false,"chunkedEncoding":false,"shouldKeepAlive":true,"maxRequestsOnConnectionReached":false,"_defaultKeepAlive":true,"useChunkedEncodingByDefault":true,"sendDate":true,"_removedConnection":false,"_removedContLen":false,"_removedTE":false,"_contentLength":null,"_hasBody":true,"_trailer":"","finished":false,"_headerSent":false,"_closed":false,"_header":null,"_keepAliveTimeout":5000,"_sent100":false,"_expect_continue":false,"statusCode":200,"headersSent":false},"sessionOptions":{"secret":"quzl8ee49x","httpOnly":true,"sameSite":"lax","overwrite":true,"signed":true},"session":{"token":"74d1a5853a03d4a736abb8ba3d95bfc23fe14deea77558da4f7dd5fcdc65a33a"},"body":{"operationName":"CreateCustomer","query":"mutation CreateCustomer($input: CreateCustomerInput!, $password: String) {\\n  createCustomer(input: $input, password: $password) {\\n    ...Customer\\n    ...ErrorResult\\n    __typename\\n  }\\n}\\n\\nfragment Customer on Customer {\\n  id\\n  createdAt\\n  updatedAt\\n  title\\n  firstName\\n  lastName\\n  phoneNumber\\n  emailAddress\\n  user {\\n    id\\n    identifier\\n    verified\\n    lastLogin\\n    __typename\\n  }\\n  addresses {\\n    ...Address\\n    __typename\\n  }\\n  __typename\\n}\\n\\nfragment Address on Address {\\n  id\\n  createdAt\\n  updatedAt\\n  fullName\\n  company\\n  streetLine1\\n  streetLine2\\n  city\\n  province\\n  postalCode\\n  country {\\n    id\\n    code\\n    name\\n    __typename\\n  }\\n  phoneNumber\\n  defaultShippingAddress\\n  defaultBillingAddress\\n  __typename\\n}\\n\\nfragment ErrorResult on ErrorResult {\\n  errorCode\\n  message\\n  __typename\\n}"},"_body":true,"i18nextLookupName":"querystring","lng":"en","locale":"en","language":"en","languages":["en"],"i18n":{"language":"en","languages":["en"],"resolvedLanguage":"en","isInitialized":true},"t":{},"vendureRequestContext":{"_apiType":"admin","_languageCode":"en","_currencyCode":"USD","_isAuthorized":true,"_authorizedAsOwnerOnly":false},"vendureRequestContextMap":{},"app":{"_eventsCount":1,"mountpath":"/"},"header":{},"get":{},"accepts":{},"acceptsEncodings":{},"acceptsEncoding":{},"acceptsCharsets":{},"acceptsCharset":{},"acceptsLanguages":{},"acceptsLanguage":{},"range":{},"param":{},"is":{},"protocol":"http","secure":false,"ip":"::ffff:118.70.126.70","ips":[],"subdomains":[],"path":"/","hostname":"65.21.189.93","fresh":false,"stale":true,"xhr":false,"setTimeout":{},"_read":{},"_destroy":{},"_addHeaderLines":{},"_addHeaderLine":{},"_dump":{},"destroy":{},"_undestroy":{},"push":{},"unshift":{},"isPaused":{},"setEncoding":{},"read":{},"pipe":{},"unpipe":{},"on":{},"addListener":{},"removeListener":{},"off":{},"removeAllListeners":{},"resume":{},"pause":{},"wrap":{},"iterator":{},"map":{},"filter":{},"setMaxListeners":{},"getMaxListeners":{},"emit":{},"prependListener":{},"once":{},"prependOnceListener":{},"listeners":{},"rawListeners":{},"listenerCount":{},"eventNames":{}},"_apiType":"admin","_channel":{"token":"dsluraxzobcpz3sq6y6a","createdAt":"2023-12-13T22:22:12.645Z","updatedAt":"2023-12-15T17:45:58.856Z","code":"__default_channel__","description":"","defaultLanguageCode":"en","availableLanguageCodes":["pt_BR"],"defaultCurrencyCode":"USD","availableCurrencyCodes":["BRL","USD"],"trackInventory":true,"outOfStockThreshold":0,"pricesIncludeTax":false,"id":1,"sellerId":1,"defaultShippingZone":{"createdAt":"2023-12-13T22:22:13.507Z","updatedAt":"2023-12-13T23:20:31.450Z","name":"Acre","id":2},"defaultTaxZone":{"createdAt":"2023-12-13T22:22:13.507Z","updatedAt":"2023-12-13T23:20:31.450Z","name":"Acre","id":2}},"_session":{"cacheExpiry":1703181946,"id":18,"token":"74d1a5853a03d4a736abb8ba3d95bfc23fe14deea77558da4f7dd5fcdc65a33a","expires":"2024-12-19T17:26:53.071Z","activeOrderId":null,"activeChannelId":1,"authenticationStrategy":"native","user":{"id":1,"identifier":"superadmin","verified":true,"channelPermissions":[{"id":1,"token":"dsluraxzobcpz3sq6y6a","code":"__default_channel__","permissions":["Authenticated","SuperAdmin","UpdateGlobalSettings","CreateCatalog","ReadCatalog","UpdateCatalog","DeleteCatalog","CreateSettings","ReadSettings","UpdateSettings","DeleteSettings","CreateAdministrator","ReadAdministrator","UpdateAdministrator","DeleteAdministrator","CreateAsset","ReadAsset","UpdateAsset","DeleteAsset","CreateChannel","ReadChannel","UpdateChannel","DeleteChannel","CreateCollection","ReadCollection","UpdateCollection","DeleteCollection","CreateCountry","ReadCountry","UpdateCountry","DeleteCountry","CreateCustomer","ReadCustomer","UpdateCustomer","DeleteCustomer","CreateCustomerGroup","ReadCustomerGroup","UpdateCustomerGroup","DeleteCustomerGroup","CreateFacet","ReadFacet","UpdateFacet","DeleteFacet","CreateOrder","ReadOrder","UpdateOrder","DeleteOrder","CreatePaymentMethod","ReadPaymentMethod","UpdatePaymentMethod","DeletePaymentMethod","CreateProduct","ReadProduct","UpdateProduct","DeleteProduct","CreatePromotion","ReadPromotion","UpdatePromotion","DeletePromotion","CreateShippingMethod","ReadShippingMethod","UpdateShippingMethod","DeleteShippingMethod","CreateTag","ReadTag","UpdateTag","DeleteTag","CreateTaxCategory","ReadTaxCategory","UpdateTaxCategory","DeleteTaxCategory","CreateTaxRate","ReadTaxRate","UpdateTaxRate","DeleteTaxRate","CreateSeller","ReadSeller","UpdateSeller","DeleteSeller","CreateStockLocation","ReadStockLocation","UpdateStockLocation","DeleteStockLocation","CreateSystem","ReadSystem","UpdateSystem","DeleteSystem","CreateZone","ReadZone","UpdateZone","DeleteZone","SetWebhook"]}]}},"_languageCode":"en","_currencyCode":"USD","_isAuthorized":true,"_authorizedAsOwnerOnly":false},"type":"email-verification","recipient":"user6@example.com","from":"{{ fromAddress }}","templateVars":{"fromAddress":"\\"example\\" <noreply@example.com>","verifyEmailAddressUrl":"http://localhost:8080/verify","passwordResetUrl":"http://localhost:8080/password-reset","changeEmailAddressUrl":"http://localhost:8080/verify-email-address-change","verificationToken":"MjAyMy0xMi0yMVQxODowMToxOS43ODJa_KW331P5PF1A6YGXH"},"subject":"Please verify your email address","templateFile":"body.hbs","attachments":[]}	COMPLETED	100	true	\N	2023-12-21 18:01:19.934	2023-12-21 18:01:19.951	t	5	1	30
2023-12-13 22:22:20.379135	2023-12-13 22:22:20.970068	apply-collection-filters	{"ctx":{"_apiType":"admin","_channel":{"token":"dsluraxzobcpz3sq6y6a","createdAt":"2023-12-13T22:22:12.645Z","updatedAt":"2023-12-13T22:22:15.767Z","code":"__default_channel__","description":"","defaultLanguageCode":"en","availableLanguageCodes":["en"],"defaultCurrencyCode":"USD","availableCurrencyCodes":["USD"],"trackInventory":true,"outOfStockThreshold":0,"pricesIncludeTax":false,"id":1,"sellerId":1,"defaultShippingZone":{"createdAt":"2023-12-13T22:22:13.507Z","updatedAt":"2023-12-13T22:22:13.507Z","name":"Europe","id":2},"defaultTaxZone":{"createdAt":"2023-12-13T22:22:13.507Z","updatedAt":"2023-12-13T22:22:13.507Z","name":"Europe","id":2}},"_session":{"user":{"id":1,"identifier":"superadmin","verified":true,"channelPermissions":[]},"id":"__dummy_session_id__","token":"__dummy_session_token__","expires":"2024-12-13T04:22:20.266Z","cacheExpiry":31557600000},"_languageCode":"en","_currencyCode":"USD","_isAuthorized":true,"_authorizedAsOwnerOnly":false},"collectionIds":[4]}	COMPLETED	100	\N	\N	2023-12-13 22:22:20.949	2023-12-13 22:22:20.969	t	0	1	3
2023-12-13 22:22:20.398775	2023-12-13 22:22:21.184593	apply-collection-filters	{"ctx":{"_apiType":"admin","_channel":{"token":"dsluraxzobcpz3sq6y6a","createdAt":"2023-12-13T22:22:12.645Z","updatedAt":"2023-12-13T22:22:15.767Z","code":"__default_channel__","description":"","defaultLanguageCode":"en","availableLanguageCodes":["en"],"defaultCurrencyCode":"USD","availableCurrencyCodes":["USD"],"trackInventory":true,"outOfStockThreshold":0,"pricesIncludeTax":false,"id":1,"sellerId":1,"defaultShippingZone":{"createdAt":"2023-12-13T22:22:13.507Z","updatedAt":"2023-12-13T22:22:13.507Z","name":"Europe","id":2},"defaultTaxZone":{"createdAt":"2023-12-13T22:22:13.507Z","updatedAt":"2023-12-13T22:22:13.507Z","name":"Europe","id":2}},"_session":{"user":{"id":1,"identifier":"superadmin","verified":true,"channelPermissions":[]},"id":"__dummy_session_id__","token":"__dummy_session_token__","expires":"2024-12-13T04:22:20.266Z","cacheExpiry":31557600000},"_languageCode":"en","_currencyCode":"USD","_isAuthorized":true,"_authorizedAsOwnerOnly":false},"collectionIds":[5]}	COMPLETED	100	\N	\N	2023-12-13 22:22:21.158	2023-12-13 22:22:21.184	t	0	1	4
2023-12-13 22:22:20.417081	2023-12-13 22:22:21.391136	apply-collection-filters	{"ctx":{"_apiType":"admin","_channel":{"token":"dsluraxzobcpz3sq6y6a","createdAt":"2023-12-13T22:22:12.645Z","updatedAt":"2023-12-13T22:22:15.767Z","code":"__default_channel__","description":"","defaultLanguageCode":"en","availableLanguageCodes":["en"],"defaultCurrencyCode":"USD","availableCurrencyCodes":["USD"],"trackInventory":true,"outOfStockThreshold":0,"pricesIncludeTax":false,"id":1,"sellerId":1,"defaultShippingZone":{"createdAt":"2023-12-13T22:22:13.507Z","updatedAt":"2023-12-13T22:22:13.507Z","name":"Europe","id":2},"defaultTaxZone":{"createdAt":"2023-12-13T22:22:13.507Z","updatedAt":"2023-12-13T22:22:13.507Z","name":"Europe","id":2}},"_session":{"user":{"id":1,"identifier":"superadmin","verified":true,"channelPermissions":[]},"id":"__dummy_session_id__","token":"__dummy_session_token__","expires":"2024-12-13T04:22:20.266Z","cacheExpiry":31557600000},"_languageCode":"en","_currencyCode":"USD","_isAuthorized":true,"_authorizedAsOwnerOnly":false},"collectionIds":[6]}	COMPLETED	100	\N	\N	2023-12-13 22:22:21.371	2023-12-13 22:22:21.39	t	0	1	5
2023-12-13 22:22:20.439461	2023-12-13 22:22:21.629271	apply-collection-filters	{"ctx":{"_apiType":"admin","_channel":{"token":"dsluraxzobcpz3sq6y6a","createdAt":"2023-12-13T22:22:12.645Z","updatedAt":"2023-12-13T22:22:15.767Z","code":"__default_channel__","description":"","defaultLanguageCode":"en","availableLanguageCodes":["en"],"defaultCurrencyCode":"USD","availableCurrencyCodes":["USD"],"trackInventory":true,"outOfStockThreshold":0,"pricesIncludeTax":false,"id":1,"sellerId":1,"defaultShippingZone":{"createdAt":"2023-12-13T22:22:13.507Z","updatedAt":"2023-12-13T22:22:13.507Z","name":"Europe","id":2},"defaultTaxZone":{"createdAt":"2023-12-13T22:22:13.507Z","updatedAt":"2023-12-13T22:22:13.507Z","name":"Europe","id":2}},"_session":{"user":{"id":1,"identifier":"superadmin","verified":true,"channelPermissions":[]},"id":"__dummy_session_id__","token":"__dummy_session_token__","expires":"2024-12-13T04:22:20.266Z","cacheExpiry":31557600000},"_languageCode":"en","_currencyCode":"USD","_isAuthorized":true,"_authorizedAsOwnerOnly":false},"collectionIds":[7]}	COMPLETED	100	\N	\N	2023-12-13 22:22:21.602	2023-12-13 22:22:21.628	t	0	1	6
2023-12-13 22:22:20.468597	2023-12-13 22:22:21.837139	apply-collection-filters	{"ctx":{"_apiType":"admin","_channel":{"token":"dsluraxzobcpz3sq6y6a","createdAt":"2023-12-13T22:22:12.645Z","updatedAt":"2023-12-13T22:22:15.767Z","code":"__default_channel__","description":"","defaultLanguageCode":"en","availableLanguageCodes":["en"],"defaultCurrencyCode":"USD","availableCurrencyCodes":["USD"],"trackInventory":true,"outOfStockThreshold":0,"pricesIncludeTax":false,"id":1,"sellerId":1,"defaultShippingZone":{"createdAt":"2023-12-13T22:22:13.507Z","updatedAt":"2023-12-13T22:22:13.507Z","name":"Europe","id":2},"defaultTaxZone":{"createdAt":"2023-12-13T22:22:13.507Z","updatedAt":"2023-12-13T22:22:13.507Z","name":"Europe","id":2}},"_session":{"user":{"id":1,"identifier":"superadmin","verified":true,"channelPermissions":[]},"id":"__dummy_session_id__","token":"__dummy_session_token__","expires":"2024-12-13T04:22:20.266Z","cacheExpiry":31557600000},"_languageCode":"en","_currencyCode":"USD","_isAuthorized":true,"_authorizedAsOwnerOnly":false},"collectionIds":[8]}	COMPLETED	100	\N	\N	2023-12-13 22:22:21.819	2023-12-13 22:22:21.836	t	0	1	7
2023-12-21 18:08:34.386627	2023-12-21 18:08:34.516071	send-email	{"ctx":{"_req":{"_readableState":{"objectMode":false,"highWaterMark":16384,"length":0,"pipes":[],"flowing":true,"ended":true,"endEmitted":true,"reading":false,"constructed":true,"sync":false,"needReadable":false,"emittedReadable":false,"readableListening":false,"resumeScheduled":false,"errorEmitted":false,"emitClose":true,"autoDestroy":true,"destroyed":true,"errored":null,"closed":true,"closeEmitted":true,"defaultEncoding":"utf8","awaitDrainWriters":null,"multiAwaitDrain":false,"readingMore":false,"dataEmitted":true,"decoder":null,"encoding":null},"_events":{},"_eventsCount":1,"socket":{"connecting":false,"_hadError":false,"_parent":null,"_host":null,"_eventsCount":8,"allowHalfOpen":true,"_sockname":null,"_pendingData":null,"_pendingEncoding":"","_paused":false,"bytesRead":1754,"remoteAddress":"::ffff:118.70.126.70","remoteFamily":"IPv6","remotePort":56283,"localAddress":"::ffff:65.21.189.93","localPort":3000,"_bytesDispatched":0,"bytesWritten":0},"httpVersionMajor":1,"httpVersionMinor":1,"httpVersion":"1.1","complete":true,"rawHeaders":["Host","65.21.189.93:3000","Connection","keep-alive","Content-Length","1062","accept","*/*","apollo-require-preflight","true","vendure-token","dsluraxzobcpz3sq6y6a","User-Agent","Mozilla/5.0 (Windows NT 10.0; Win64; x64) AppleWebKit/537.36 (KHTML, like Gecko) Chrome/120.0.0.0 Safari/537.36","content-type","application/json","Origin","http://65.21.189.93:3000","Referer","http://65.21.189.93:3000/admin/customer/customers/create","Accept-Encoding","gzip, deflate","Accept-Language","en-US,en;q=0.9,vi;q=0.8","Cookie","session=eyJ0b2tlbiI6Ijc0ZDFhNTg1M2EwM2Q0YTczNmFiYjhiYTNkOTViZmMyM2ZlMTRkZWVhNzc1NThkYTRmN2RkNWZjZGM2NWEzM2EifQ==; session.sig=RfNxb6qOxJ_k-AXSeu0OsR5EQuw"],"rawTrailers":[],"aborted":false,"upgrade":false,"url":"/?languageCode=en","method":"POST","statusCode":null,"statusMessage":null,"client":{"connecting":false,"_hadError":false,"_parent":null,"_host":null,"_eventsCount":8,"allowHalfOpen":true,"_pendingData":null,"_pendingEncoding":"","_paused":false,"bytesRead":1754,"remoteAddress":"::ffff:118.70.126.70","remoteFamily":"IPv6","remotePort":56283,"localAddress":"::ffff:65.21.189.93","localPort":3000,"_bytesDispatched":0,"bytesWritten":0},"_consuming":true,"_dumped":false,"next":{},"baseUrl":"/admin-api","originalUrl":"/admin-api?languageCode=en","_parsedUrl":{"protocol":null,"slashes":null,"auth":null,"host":null,"port":null,"hostname":null,"hash":null,"search":"?languageCode=en","query":"languageCode=en","pathname":"/admin-api","path":"/admin-api?languageCode=en","href":"/admin-api?languageCode=en","_raw":"/admin-api?languageCode=en"},"params":{},"query":{"languageCode":"en"},"res":{"_eventsCount":1,"outputData":[],"outputSize":0,"writable":true,"destroyed":false,"_last":false,"chunkedEncoding":false,"shouldKeepAlive":true,"maxRequestsOnConnectionReached":false,"_defaultKeepAlive":true,"useChunkedEncodingByDefault":true,"sendDate":true,"_removedConnection":false,"_removedContLen":false,"_removedTE":false,"_contentLength":null,"_hasBody":true,"_trailer":"","finished":false,"_headerSent":false,"_closed":false,"_header":null,"_keepAliveTimeout":5000,"_sent100":false,"_expect_continue":false,"statusCode":200,"headersSent":false},"sessionOptions":{"secret":"quzl8ee49x","httpOnly":true,"sameSite":"lax","overwrite":true,"signed":true},"session":{"token":"74d1a5853a03d4a736abb8ba3d95bfc23fe14deea77558da4f7dd5fcdc65a33a"},"body":{"operationName":"CreateCustomer","query":"mutation CreateCustomer($input: CreateCustomerInput!, $password: String) {\\n  createCustomer(input: $input, password: $password) {\\n    ...Customer\\n    ...ErrorResult\\n    __typename\\n  }\\n}\\n\\nfragment Customer on Customer {\\n  id\\n  createdAt\\n  updatedAt\\n  title\\n  firstName\\n  lastName\\n  phoneNumber\\n  emailAddress\\n  user {\\n    id\\n    identifier\\n    verified\\n    lastLogin\\n    __typename\\n  }\\n  addresses {\\n    ...Address\\n    __typename\\n  }\\n  __typename\\n}\\n\\nfragment Address on Address {\\n  id\\n  createdAt\\n  updatedAt\\n  fullName\\n  company\\n  streetLine1\\n  streetLine2\\n  city\\n  province\\n  postalCode\\n  country {\\n    id\\n    code\\n    name\\n    __typename\\n  }\\n  phoneNumber\\n  defaultShippingAddress\\n  defaultBillingAddress\\n  __typename\\n}\\n\\nfragment ErrorResult on ErrorResult {\\n  errorCode\\n  message\\n  __typename\\n}"},"_body":true,"i18nextLookupName":"querystring","lng":"en","locale":"en","language":"en","languages":["en"],"i18n":{"language":"en","languages":["en"],"resolvedLanguage":"en","isInitialized":true},"t":{},"vendureRequestContext":{"_apiType":"admin","_languageCode":"en","_currencyCode":"USD","_isAuthorized":true,"_authorizedAsOwnerOnly":false},"vendureRequestContextMap":{},"app":{"_eventsCount":1,"mountpath":"/"},"header":{},"get":{},"accepts":{},"acceptsEncodings":{},"acceptsEncoding":{},"acceptsCharsets":{},"acceptsCharset":{},"acceptsLanguages":{},"acceptsLanguage":{},"range":{},"param":{},"is":{},"protocol":"http","secure":false,"ip":"::ffff:118.70.126.70","ips":[],"subdomains":[],"path":"/","hostname":"65.21.189.93","fresh":false,"stale":true,"xhr":false,"setTimeout":{},"_read":{},"_destroy":{},"_addHeaderLines":{},"_addHeaderLine":{},"_dump":{},"destroy":{},"_undestroy":{},"push":{},"unshift":{},"isPaused":{},"setEncoding":{},"read":{},"pipe":{},"unpipe":{},"on":{},"addListener":{},"removeListener":{},"off":{},"removeAllListeners":{},"resume":{},"pause":{},"wrap":{},"iterator":{},"map":{},"filter":{},"setMaxListeners":{},"getMaxListeners":{},"emit":{},"prependListener":{},"once":{},"prependOnceListener":{},"listeners":{},"rawListeners":{},"listenerCount":{},"eventNames":{}},"_apiType":"admin","_channel":{"token":"dsluraxzobcpz3sq6y6a","createdAt":"2023-12-13T22:22:12.645Z","updatedAt":"2023-12-15T17:45:58.856Z","code":"__default_channel__","description":"","defaultLanguageCode":"en","availableLanguageCodes":["pt_BR"],"defaultCurrencyCode":"USD","availableCurrencyCodes":["BRL","USD"],"trackInventory":true,"outOfStockThreshold":0,"pricesIncludeTax":false,"id":1,"sellerId":1,"defaultShippingZone":{"createdAt":"2023-12-13T22:22:13.507Z","updatedAt":"2023-12-13T23:20:31.450Z","name":"Acre","id":2},"defaultTaxZone":{"createdAt":"2023-12-13T22:22:13.507Z","updatedAt":"2023-12-13T23:20:31.450Z","name":"Acre","id":2}},"_session":{"cacheExpiry":1703182126,"id":18,"token":"74d1a5853a03d4a736abb8ba3d95bfc23fe14deea77558da4f7dd5fcdc65a33a","expires":"2024-12-19T17:26:53.071Z","activeOrderId":null,"activeChannelId":1,"authenticationStrategy":"native","user":{"id":1,"identifier":"superadmin","verified":true,"channelPermissions":[{"id":1,"token":"dsluraxzobcpz3sq6y6a","code":"__default_channel__","permissions":["Authenticated","SuperAdmin","UpdateGlobalSettings","CreateCatalog","ReadCatalog","UpdateCatalog","DeleteCatalog","CreateSettings","ReadSettings","UpdateSettings","DeleteSettings","CreateAdministrator","ReadAdministrator","UpdateAdministrator","DeleteAdministrator","CreateAsset","ReadAsset","UpdateAsset","DeleteAsset","CreateChannel","ReadChannel","UpdateChannel","DeleteChannel","CreateCollection","ReadCollection","UpdateCollection","DeleteCollection","CreateCountry","ReadCountry","UpdateCountry","DeleteCountry","CreateCustomer","ReadCustomer","UpdateCustomer","DeleteCustomer","CreateCustomerGroup","ReadCustomerGroup","UpdateCustomerGroup","DeleteCustomerGroup","CreateFacet","ReadFacet","UpdateFacet","DeleteFacet","CreateOrder","ReadOrder","UpdateOrder","DeleteOrder","CreatePaymentMethod","ReadPaymentMethod","UpdatePaymentMethod","DeletePaymentMethod","CreateProduct","ReadProduct","UpdateProduct","DeleteProduct","CreatePromotion","ReadPromotion","UpdatePromotion","DeletePromotion","CreateShippingMethod","ReadShippingMethod","UpdateShippingMethod","DeleteShippingMethod","CreateTag","ReadTag","UpdateTag","DeleteTag","CreateTaxCategory","ReadTaxCategory","UpdateTaxCategory","DeleteTaxCategory","CreateTaxRate","ReadTaxRate","UpdateTaxRate","DeleteTaxRate","CreateSeller","ReadSeller","UpdateSeller","DeleteSeller","CreateStockLocation","ReadStockLocation","UpdateStockLocation","DeleteStockLocation","CreateSystem","ReadSystem","UpdateSystem","DeleteSystem","CreateZone","ReadZone","UpdateZone","DeleteZone","SetWebhook"]}]}},"_languageCode":"en","_currencyCode":"USD","_isAuthorized":true,"_authorizedAsOwnerOnly":false},"type":"email-verification","recipient":"user11@example.com","from":"{{ fromAddress }}","templateVars":{"fromAddress":"\\"example\\" <noreply@example.com>","verifyEmailAddressUrl":"http://localhost:8080/verify","passwordResetUrl":"http://localhost:8080/password-reset","changeEmailAddressUrl":"http://localhost:8080/verify-email-address-change","verificationToken":"MjAyMy0xMi0yMVQxODowODozNC4zNTNa_WCE7J37SNE7521A2"},"subject":"Please verify your email address","templateFile":"body.hbs","attachments":[]}	COMPLETED	100	true	\N	2023-12-21 18:08:34.496	2023-12-21 18:08:34.515	t	5	1	35
2023-12-13 22:22:20.491076	2023-12-13 22:22:22.052466	apply-collection-filters	{"ctx":{"_apiType":"admin","_channel":{"token":"dsluraxzobcpz3sq6y6a","createdAt":"2023-12-13T22:22:12.645Z","updatedAt":"2023-12-13T22:22:15.767Z","code":"__default_channel__","description":"","defaultLanguageCode":"en","availableLanguageCodes":["en"],"defaultCurrencyCode":"USD","availableCurrencyCodes":["USD"],"trackInventory":true,"outOfStockThreshold":0,"pricesIncludeTax":false,"id":1,"sellerId":1,"defaultShippingZone":{"createdAt":"2023-12-13T22:22:13.507Z","updatedAt":"2023-12-13T22:22:13.507Z","name":"Europe","id":2},"defaultTaxZone":{"createdAt":"2023-12-13T22:22:13.507Z","updatedAt":"2023-12-13T22:22:13.507Z","name":"Europe","id":2}},"_session":{"user":{"id":1,"identifier":"superadmin","verified":true,"channelPermissions":[]},"id":"__dummy_session_id__","token":"__dummy_session_token__","expires":"2024-12-13T04:22:20.266Z","cacheExpiry":31557600000},"_languageCode":"en","_currencyCode":"USD","_isAuthorized":true,"_authorizedAsOwnerOnly":false},"collectionIds":[9]}	COMPLETED	100	\N	\N	2023-12-13 22:22:22.025	2023-12-13 22:22:22.051	t	0	1	8
2023-12-13 22:22:20.321978	2023-12-13 22:22:20.552114	apply-collection-filters	{"ctx":{"_apiType":"admin","_channel":{"token":"dsluraxzobcpz3sq6y6a","createdAt":"2023-12-13T22:22:12.645Z","updatedAt":"2023-12-13T22:22:15.767Z","code":"__default_channel__","description":"","defaultLanguageCode":"en","availableLanguageCodes":["en"],"defaultCurrencyCode":"USD","availableCurrencyCodes":["USD"],"trackInventory":true,"outOfStockThreshold":0,"pricesIncludeTax":false,"id":1,"sellerId":1,"defaultShippingZone":{"createdAt":"2023-12-13T22:22:13.507Z","updatedAt":"2023-12-13T22:22:13.507Z","name":"Europe","id":2},"defaultTaxZone":{"createdAt":"2023-12-13T22:22:13.507Z","updatedAt":"2023-12-13T22:22:13.507Z","name":"Europe","id":2}},"_session":{"user":{"id":1,"identifier":"superadmin","verified":true,"channelPermissions":[]},"id":"__dummy_session_id__","token":"__dummy_session_token__","expires":"2024-12-13T04:22:20.266Z","cacheExpiry":31557600000},"_languageCode":"en","_currencyCode":"USD","_isAuthorized":true,"_authorizedAsOwnerOnly":false},"collectionIds":[2]}	COMPLETED	100	\N	\N	2023-12-13 22:22:20.523	2023-12-13 22:22:20.551	t	0	1	1
2023-12-13 22:22:20.355088	2023-12-13 22:22:20.770855	apply-collection-filters	{"ctx":{"_apiType":"admin","_channel":{"token":"dsluraxzobcpz3sq6y6a","createdAt":"2023-12-13T22:22:12.645Z","updatedAt":"2023-12-13T22:22:15.767Z","code":"__default_channel__","description":"","defaultLanguageCode":"en","availableLanguageCodes":["en"],"defaultCurrencyCode":"USD","availableCurrencyCodes":["USD"],"trackInventory":true,"outOfStockThreshold":0,"pricesIncludeTax":false,"id":1,"sellerId":1,"defaultShippingZone":{"createdAt":"2023-12-13T22:22:13.507Z","updatedAt":"2023-12-13T22:22:13.507Z","name":"Europe","id":2},"defaultTaxZone":{"createdAt":"2023-12-13T22:22:13.507Z","updatedAt":"2023-12-13T22:22:13.507Z","name":"Europe","id":2}},"_session":{"user":{"id":1,"identifier":"superadmin","verified":true,"channelPermissions":[]},"id":"__dummy_session_id__","token":"__dummy_session_token__","expires":"2024-12-13T04:22:20.266Z","cacheExpiry":31557600000},"_languageCode":"en","_currencyCode":"USD","_isAuthorized":true,"_authorizedAsOwnerOnly":false},"collectionIds":[3]}	COMPLETED	100	\N	\N	2023-12-13 22:22:20.736	2023-12-13 22:22:20.77	t	0	1	2
2023-12-13 22:22:20.517691	2023-12-13 22:22:22.266444	apply-collection-filters	{"ctx":{"_apiType":"admin","_channel":{"token":"dsluraxzobcpz3sq6y6a","createdAt":"2023-12-13T22:22:12.645Z","updatedAt":"2023-12-13T22:22:15.767Z","code":"__default_channel__","description":"","defaultLanguageCode":"en","availableLanguageCodes":["en"],"defaultCurrencyCode":"USD","availableCurrencyCodes":["USD"],"trackInventory":true,"outOfStockThreshold":0,"pricesIncludeTax":false,"id":1,"sellerId":1,"defaultShippingZone":{"createdAt":"2023-12-13T22:22:13.507Z","updatedAt":"2023-12-13T22:22:13.507Z","name":"Europe","id":2},"defaultTaxZone":{"createdAt":"2023-12-13T22:22:13.507Z","updatedAt":"2023-12-13T22:22:13.507Z","name":"Europe","id":2}},"_session":{"user":{"id":1,"identifier":"superadmin","verified":true,"channelPermissions":[]},"id":"__dummy_session_id__","token":"__dummy_session_token__","expires":"2024-12-13T04:22:20.266Z","cacheExpiry":31557600000},"_languageCode":"en","_currencyCode":"USD","_isAuthorized":true,"_authorizedAsOwnerOnly":false},"collectionIds":[10]}	COMPLETED	100	\N	\N	2023-12-13 22:22:22.236	2023-12-13 22:22:22.265	t	0	1	9
2023-12-21 18:02:07.732366	2023-12-21 18:02:07.96474	send-email	{"ctx":{"_req":{"_readableState":{"objectMode":false,"highWaterMark":16384,"length":0,"pipes":[],"flowing":true,"ended":true,"endEmitted":true,"reading":false,"constructed":true,"sync":false,"needReadable":false,"emittedReadable":false,"readableListening":false,"resumeScheduled":false,"errorEmitted":false,"emitClose":true,"autoDestroy":true,"destroyed":true,"errored":null,"closed":true,"closeEmitted":true,"defaultEncoding":"utf8","awaitDrainWriters":null,"multiAwaitDrain":false,"readingMore":false,"dataEmitted":true,"decoder":null,"encoding":null},"_events":{},"_eventsCount":1,"socket":{"connecting":false,"_hadError":false,"_parent":null,"_host":null,"_eventsCount":8,"allowHalfOpen":true,"_sockname":null,"_pendingData":null,"_pendingEncoding":"","_paused":false,"bytesRead":1752,"remoteAddress":"::ffff:118.70.126.70","remoteFamily":"IPv6","remotePort":56148,"localAddress":"::ffff:65.21.189.93","localPort":3000,"_bytesDispatched":0,"bytesWritten":0},"httpVersionMajor":1,"httpVersionMinor":1,"httpVersion":"1.1","complete":true,"rawHeaders":["Host","65.21.189.93:3000","Connection","keep-alive","Content-Length","1060","accept","*/*","apollo-require-preflight","true","vendure-token","dsluraxzobcpz3sq6y6a","User-Agent","Mozilla/5.0 (Windows NT 10.0; Win64; x64) AppleWebKit/537.36 (KHTML, like Gecko) Chrome/120.0.0.0 Safari/537.36","content-type","application/json","Origin","http://65.21.189.93:3000","Referer","http://65.21.189.93:3000/admin/customer/customers/create","Accept-Encoding","gzip, deflate","Accept-Language","en-US,en;q=0.9,vi;q=0.8","Cookie","session=eyJ0b2tlbiI6Ijc0ZDFhNTg1M2EwM2Q0YTczNmFiYjhiYTNkOTViZmMyM2ZlMTRkZWVhNzc1NThkYTRmN2RkNWZjZGM2NWEzM2EifQ==; session.sig=RfNxb6qOxJ_k-AXSeu0OsR5EQuw"],"rawTrailers":[],"aborted":false,"upgrade":false,"url":"/?languageCode=en","method":"POST","statusCode":null,"statusMessage":null,"client":{"connecting":false,"_hadError":false,"_parent":null,"_host":null,"_eventsCount":8,"allowHalfOpen":true,"_pendingData":null,"_pendingEncoding":"","_paused":false,"bytesRead":1752,"remoteAddress":"::ffff:118.70.126.70","remoteFamily":"IPv6","remotePort":56148,"localAddress":"::ffff:65.21.189.93","localPort":3000,"_bytesDispatched":0,"bytesWritten":0},"_consuming":true,"_dumped":false,"next":{},"baseUrl":"/admin-api","originalUrl":"/admin-api?languageCode=en","_parsedUrl":{"protocol":null,"slashes":null,"auth":null,"host":null,"port":null,"hostname":null,"hash":null,"search":"?languageCode=en","query":"languageCode=en","pathname":"/admin-api","path":"/admin-api?languageCode=en","href":"/admin-api?languageCode=en","_raw":"/admin-api?languageCode=en"},"params":{},"query":{"languageCode":"en"},"res":{"_eventsCount":1,"outputData":[],"outputSize":0,"writable":true,"destroyed":false,"_last":false,"chunkedEncoding":false,"shouldKeepAlive":true,"maxRequestsOnConnectionReached":false,"_defaultKeepAlive":true,"useChunkedEncodingByDefault":true,"sendDate":true,"_removedConnection":false,"_removedContLen":false,"_removedTE":false,"_contentLength":null,"_hasBody":true,"_trailer":"","finished":false,"_headerSent":false,"_closed":false,"_header":null,"_keepAliveTimeout":5000,"_sent100":false,"_expect_continue":false,"statusCode":200,"headersSent":false},"sessionOptions":{"secret":"quzl8ee49x","httpOnly":true,"sameSite":"lax","overwrite":true,"signed":true},"session":{"token":"74d1a5853a03d4a736abb8ba3d95bfc23fe14deea77558da4f7dd5fcdc65a33a"},"body":{"operationName":"CreateCustomer","query":"mutation CreateCustomer($input: CreateCustomerInput!, $password: String) {\\n  createCustomer(input: $input, password: $password) {\\n    ...Customer\\n    ...ErrorResult\\n    __typename\\n  }\\n}\\n\\nfragment Customer on Customer {\\n  id\\n  createdAt\\n  updatedAt\\n  title\\n  firstName\\n  lastName\\n  phoneNumber\\n  emailAddress\\n  user {\\n    id\\n    identifier\\n    verified\\n    lastLogin\\n    __typename\\n  }\\n  addresses {\\n    ...Address\\n    __typename\\n  }\\n  __typename\\n}\\n\\nfragment Address on Address {\\n  id\\n  createdAt\\n  updatedAt\\n  fullName\\n  company\\n  streetLine1\\n  streetLine2\\n  city\\n  province\\n  postalCode\\n  country {\\n    id\\n    code\\n    name\\n    __typename\\n  }\\n  phoneNumber\\n  defaultShippingAddress\\n  defaultBillingAddress\\n  __typename\\n}\\n\\nfragment ErrorResult on ErrorResult {\\n  errorCode\\n  message\\n  __typename\\n}"},"_body":true,"i18nextLookupName":"querystring","lng":"en","locale":"en","language":"en","languages":["en"],"i18n":{"language":"en","languages":["en"],"resolvedLanguage":"en","isInitialized":true},"t":{},"vendureRequestContext":{"_apiType":"admin","_languageCode":"en","_currencyCode":"USD","_isAuthorized":true,"_authorizedAsOwnerOnly":false},"vendureRequestContextMap":{},"app":{"_eventsCount":1,"mountpath":"/"},"header":{},"get":{},"accepts":{},"acceptsEncodings":{},"acceptsEncoding":{},"acceptsCharsets":{},"acceptsCharset":{},"acceptsLanguages":{},"acceptsLanguage":{},"range":{},"param":{},"is":{},"protocol":"http","secure":false,"ip":"::ffff:118.70.126.70","ips":[],"subdomains":[],"path":"/","hostname":"65.21.189.93","fresh":false,"stale":true,"xhr":false,"setTimeout":{},"_read":{},"_destroy":{},"_addHeaderLines":{},"_addHeaderLine":{},"_dump":{},"destroy":{},"_undestroy":{},"push":{},"unshift":{},"isPaused":{},"setEncoding":{},"read":{},"pipe":{},"unpipe":{},"on":{},"addListener":{},"removeListener":{},"off":{},"removeAllListeners":{},"resume":{},"pause":{},"wrap":{},"iterator":{},"map":{},"filter":{},"setMaxListeners":{},"getMaxListeners":{},"emit":{},"prependListener":{},"once":{},"prependOnceListener":{},"listeners":{},"rawListeners":{},"listenerCount":{},"eventNames":{}},"_apiType":"admin","_channel":{"token":"dsluraxzobcpz3sq6y6a","createdAt":"2023-12-13T22:22:12.645Z","updatedAt":"2023-12-15T17:45:58.856Z","code":"__default_channel__","description":"","defaultLanguageCode":"en","availableLanguageCodes":["pt_BR"],"defaultCurrencyCode":"USD","availableCurrencyCodes":["BRL","USD"],"trackInventory":true,"outOfStockThreshold":0,"pricesIncludeTax":false,"id":1,"sellerId":1,"defaultShippingZone":{"createdAt":"2023-12-13T22:22:13.507Z","updatedAt":"2023-12-13T23:20:31.450Z","name":"Acre","id":2},"defaultTaxZone":{"createdAt":"2023-12-13T22:22:13.507Z","updatedAt":"2023-12-13T23:20:31.450Z","name":"Acre","id":2}},"_session":{"cacheExpiry":1703181946,"id":18,"token":"74d1a5853a03d4a736abb8ba3d95bfc23fe14deea77558da4f7dd5fcdc65a33a","expires":"2024-12-19T17:26:53.071Z","activeOrderId":null,"activeChannelId":1,"authenticationStrategy":"native","user":{"id":1,"identifier":"superadmin","verified":true,"channelPermissions":[{"id":1,"token":"dsluraxzobcpz3sq6y6a","code":"__default_channel__","permissions":["Authenticated","SuperAdmin","UpdateGlobalSettings","CreateCatalog","ReadCatalog","UpdateCatalog","DeleteCatalog","CreateSettings","ReadSettings","UpdateSettings","DeleteSettings","CreateAdministrator","ReadAdministrator","UpdateAdministrator","DeleteAdministrator","CreateAsset","ReadAsset","UpdateAsset","DeleteAsset","CreateChannel","ReadChannel","UpdateChannel","DeleteChannel","CreateCollection","ReadCollection","UpdateCollection","DeleteCollection","CreateCountry","ReadCountry","UpdateCountry","DeleteCountry","CreateCustomer","ReadCustomer","UpdateCustomer","DeleteCustomer","CreateCustomerGroup","ReadCustomerGroup","UpdateCustomerGroup","DeleteCustomerGroup","CreateFacet","ReadFacet","UpdateFacet","DeleteFacet","CreateOrder","ReadOrder","UpdateOrder","DeleteOrder","CreatePaymentMethod","ReadPaymentMethod","UpdatePaymentMethod","DeletePaymentMethod","CreateProduct","ReadProduct","UpdateProduct","DeleteProduct","CreatePromotion","ReadPromotion","UpdatePromotion","DeletePromotion","CreateShippingMethod","ReadShippingMethod","UpdateShippingMethod","DeleteShippingMethod","CreateTag","ReadTag","UpdateTag","DeleteTag","CreateTaxCategory","ReadTaxCategory","UpdateTaxCategory","DeleteTaxCategory","CreateTaxRate","ReadTaxRate","UpdateTaxRate","DeleteTaxRate","CreateSeller","ReadSeller","UpdateSeller","DeleteSeller","CreateStockLocation","ReadStockLocation","UpdateStockLocation","DeleteStockLocation","CreateSystem","ReadSystem","UpdateSystem","DeleteSystem","CreateZone","ReadZone","UpdateZone","DeleteZone","SetWebhook"]}]}},"_languageCode":"en","_currencyCode":"USD","_isAuthorized":true,"_authorizedAsOwnerOnly":false},"type":"email-verification","recipient":"user7@example.com","from":"{{ fromAddress }}","templateVars":{"fromAddress":"\\"example\\" <noreply@example.com>","verifyEmailAddressUrl":"http://localhost:8080/verify","passwordResetUrl":"http://localhost:8080/password-reset","changeEmailAddressUrl":"http://localhost:8080/verify-email-address-change","verificationToken":"MjAyMy0xMi0yMVQxODowMjowNy42OTla_6BNV9WGYMQRE4UVT"},"subject":"Please verify your email address","templateFile":"body.hbs","attachments":[]}	COMPLETED	100	true	\N	2023-12-21 18:02:07.942	2023-12-21 18:02:07.963	t	5	1	31
2023-12-13 22:22:20.57887	2023-12-13 22:22:21.610344	update-search-index	{"type":"reindex","ctx":{"_apiType":"admin","_channel":{"token":"dsluraxzobcpz3sq6y6a","createdAt":"2023-12-13T22:22:12.645Z","updatedAt":"2023-12-13T22:22:15.767Z","code":"__default_channel__","description":"","defaultLanguageCode":"en","availableLanguageCodes":["en"],"defaultCurrencyCode":"USD","availableCurrencyCodes":["USD"],"trackInventory":true,"outOfStockThreshold":0,"pricesIncludeTax":false,"id":1,"sellerId":1,"defaultShippingZone":{"createdAt":"2023-12-13T22:22:13.507Z","updatedAt":"2023-12-13T22:22:13.507Z","name":"Europe","id":2},"defaultTaxZone":{"createdAt":"2023-12-13T22:22:13.507Z","updatedAt":"2023-12-13T22:22:13.507Z","name":"Europe","id":2}},"_session":{"user":{"id":1,"identifier":"superadmin","verified":true,"channelPermissions":[]},"id":"__dummy_session_id__","token":"__dummy_session_token__","expires":"2024-12-13T04:22:20.266Z","cacheExpiry":31557600000},"_languageCode":"en","_currencyCode":"USD","_isAuthorized":true,"_authorizedAsOwnerOnly":false}}	COMPLETED	100	{"success":true,"indexedItemCount":88,"timeTaken":863}	\N	2023-12-13 22:22:20.74	2023-12-13 22:22:21.609	t	0	1	10
2023-12-13 22:22:21.020202	2023-12-13 22:23:20.393074	update-search-index	{"type":"update-variants-by-id","ctx":{"_apiType":"admin","_channel":{"token":"dsluraxzobcpz3sq6y6a","createdAt":"2023-12-13T22:22:12.645Z","updatedAt":"2023-12-13T22:22:15.767Z","code":"__default_channel__","description":"","defaultLanguageCode":"en","availableLanguageCodes":["en"],"defaultCurrencyCode":"USD","availableCurrencyCodes":["USD"],"trackInventory":true,"outOfStockThreshold":0,"pricesIncludeTax":false,"id":1,"sellerId":1,"defaultShippingZone":{"createdAt":"2023-12-13T22:22:13.507Z","updatedAt":"2023-12-13T22:22:13.507Z","name":"Europe","id":2},"defaultTaxZone":{"createdAt":"2023-12-13T22:22:13.507Z","updatedAt":"2023-12-13T22:22:13.507Z","name":"Europe","id":2}},"_session":{"user":{"id":1,"identifier":"superadmin","verified":true,"channelPermissions":[]},"id":"__dummy_session_id__","token":"__dummy_session_token__","expires":"2024-12-13T04:22:20.266Z","cacheExpiry":31557600000},"_languageCode":"en","_currencyCode":"USD","_isAuthorized":true,"_authorizedAsOwnerOnly":false},"ids":[26,27,28,29,30,31,32,33,34]}	COMPLETED	100	{"success":true,"indexedItemCount":9,"timeTaken":215}	\N	2023-12-13 22:23:20.164	2023-12-13 22:23:20.39	t	0	1	13
2023-12-13 22:22:21.440604	2023-12-13 22:23:21.252809	update-search-index	{"type":"update-variants-by-id","ctx":{"_apiType":"admin","_channel":{"token":"dsluraxzobcpz3sq6y6a","createdAt":"2023-12-13T22:22:12.645Z","updatedAt":"2023-12-13T22:22:15.767Z","code":"__default_channel__","description":"","defaultLanguageCode":"en","availableLanguageCodes":["en"],"defaultCurrencyCode":"USD","availableCurrencyCodes":["USD"],"trackInventory":true,"outOfStockThreshold":0,"pricesIncludeTax":false,"id":1,"sellerId":1,"defaultShippingZone":{"createdAt":"2023-12-13T22:22:13.507Z","updatedAt":"2023-12-13T22:22:13.507Z","name":"Europe","id":2},"defaultTaxZone":{"createdAt":"2023-12-13T22:22:13.507Z","updatedAt":"2023-12-13T22:22:13.507Z","name":"Europe","id":2}},"_session":{"user":{"id":1,"identifier":"superadmin","verified":true,"channelPermissions":[]},"id":"__dummy_session_id__","token":"__dummy_session_token__","expires":"2024-12-13T04:22:20.266Z","cacheExpiry":31557600000},"_languageCode":"en","_currencyCode":"USD","_isAuthorized":true,"_authorizedAsOwnerOnly":false},"ids":[75,77,78,79,80,81,82,83,84,85,86,87,88]}	COMPLETED	100	{"success":true,"indexedItemCount":13,"timeTaken":230}	\N	2023-12-13 22:23:21.011	2023-12-13 22:23:21.25	t	0	1	15
2023-12-13 22:22:21.678987	2023-12-13 22:23:21.609059	update-search-index	{"type":"update-variants-by-id","ctx":{"_apiType":"admin","_channel":{"token":"dsluraxzobcpz3sq6y6a","createdAt":"2023-12-13T22:22:12.645Z","updatedAt":"2023-12-13T22:22:15.767Z","code":"__default_channel__","description":"","defaultLanguageCode":"en","availableLanguageCodes":["en"],"defaultCurrencyCode":"USD","availableCurrencyCodes":["USD"],"trackInventory":true,"outOfStockThreshold":0,"pricesIncludeTax":false,"id":1,"sellerId":1,"defaultShippingZone":{"createdAt":"2023-12-13T22:22:13.507Z","updatedAt":"2023-12-13T22:22:13.507Z","name":"Europe","id":2},"defaultTaxZone":{"createdAt":"2023-12-13T22:22:13.507Z","updatedAt":"2023-12-13T22:22:13.507Z","name":"Europe","id":2}},"_session":{"user":{"id":1,"identifier":"superadmin","verified":true,"channelPermissions":[]},"id":"__dummy_session_id__","token":"__dummy_session_token__","expires":"2024-12-13T04:22:20.266Z","cacheExpiry":31557600000},"_languageCode":"en","_currencyCode":"USD","_isAuthorized":true,"_authorizedAsOwnerOnly":false},"ids":[67,68,69,70,71,72,73,74,76]}	COMPLETED	100	{"success":true,"indexedItemCount":9,"timeTaken":168}	\N	2023-12-13 22:23:21.432	2023-12-13 22:23:21.607	t	0	1	16
2023-12-21 18:04:13.842371	2023-12-21 18:04:14.102183	send-email	{"ctx":{"_req":{"_readableState":{"objectMode":false,"highWaterMark":16384,"length":0,"pipes":[],"flowing":true,"ended":true,"endEmitted":true,"reading":false,"constructed":true,"sync":false,"needReadable":false,"emittedReadable":false,"readableListening":false,"resumeScheduled":false,"errorEmitted":false,"emitClose":true,"autoDestroy":true,"destroyed":true,"errored":null,"closed":true,"closeEmitted":true,"defaultEncoding":"utf8","awaitDrainWriters":null,"multiAwaitDrain":false,"readingMore":false,"dataEmitted":true,"decoder":null,"encoding":null},"_events":{},"_eventsCount":1,"socket":{"connecting":false,"_hadError":false,"_parent":null,"_host":null,"_eventsCount":8,"allowHalfOpen":true,"_sockname":null,"_pendingData":null,"_pendingEncoding":"","_paused":false,"bytesRead":1752,"remoteAddress":"::ffff:118.70.126.70","remoteFamily":"IPv6","remotePort":56172,"localAddress":"::ffff:65.21.189.93","localPort":3000,"_bytesDispatched":0,"bytesWritten":0},"httpVersionMajor":1,"httpVersionMinor":1,"httpVersion":"1.1","complete":true,"rawHeaders":["Host","65.21.189.93:3000","Connection","keep-alive","Content-Length","1060","accept","*/*","apollo-require-preflight","true","vendure-token","dsluraxzobcpz3sq6y6a","User-Agent","Mozilla/5.0 (Windows NT 10.0; Win64; x64) AppleWebKit/537.36 (KHTML, like Gecko) Chrome/120.0.0.0 Safari/537.36","content-type","application/json","Origin","http://65.21.189.93:3000","Referer","http://65.21.189.93:3000/admin/customer/customers/create","Accept-Encoding","gzip, deflate","Accept-Language","en-US,en;q=0.9,vi;q=0.8","Cookie","session=eyJ0b2tlbiI6Ijc0ZDFhNTg1M2EwM2Q0YTczNmFiYjhiYTNkOTViZmMyM2ZlMTRkZWVhNzc1NThkYTRmN2RkNWZjZGM2NWEzM2EifQ==; session.sig=RfNxb6qOxJ_k-AXSeu0OsR5EQuw"],"rawTrailers":[],"aborted":false,"upgrade":false,"url":"/?languageCode=en","method":"POST","statusCode":null,"statusMessage":null,"client":{"connecting":false,"_hadError":false,"_parent":null,"_host":null,"_eventsCount":8,"allowHalfOpen":true,"_pendingData":null,"_pendingEncoding":"","_paused":false,"bytesRead":1752,"remoteAddress":"::ffff:118.70.126.70","remoteFamily":"IPv6","remotePort":56172,"localAddress":"::ffff:65.21.189.93","localPort":3000,"_bytesDispatched":0,"bytesWritten":0},"_consuming":true,"_dumped":false,"next":{},"baseUrl":"/admin-api","originalUrl":"/admin-api?languageCode=en","_parsedUrl":{"protocol":null,"slashes":null,"auth":null,"host":null,"port":null,"hostname":null,"hash":null,"search":"?languageCode=en","query":"languageCode=en","pathname":"/admin-api","path":"/admin-api?languageCode=en","href":"/admin-api?languageCode=en","_raw":"/admin-api?languageCode=en"},"params":{},"query":{"languageCode":"en"},"res":{"_eventsCount":1,"outputData":[],"outputSize":0,"writable":true,"destroyed":false,"_last":false,"chunkedEncoding":false,"shouldKeepAlive":true,"maxRequestsOnConnectionReached":false,"_defaultKeepAlive":true,"useChunkedEncodingByDefault":true,"sendDate":true,"_removedConnection":false,"_removedContLen":false,"_removedTE":false,"_contentLength":null,"_hasBody":true,"_trailer":"","finished":false,"_headerSent":false,"_closed":false,"_header":null,"_keepAliveTimeout":5000,"_sent100":false,"_expect_continue":false,"statusCode":200,"headersSent":false},"sessionOptions":{"secret":"quzl8ee49x","httpOnly":true,"sameSite":"lax","overwrite":true,"signed":true},"session":{"token":"74d1a5853a03d4a736abb8ba3d95bfc23fe14deea77558da4f7dd5fcdc65a33a"},"body":{"operationName":"CreateCustomer","query":"mutation CreateCustomer($input: CreateCustomerInput!, $password: String) {\\n  createCustomer(input: $input, password: $password) {\\n    ...Customer\\n    ...ErrorResult\\n    __typename\\n  }\\n}\\n\\nfragment Customer on Customer {\\n  id\\n  createdAt\\n  updatedAt\\n  title\\n  firstName\\n  lastName\\n  phoneNumber\\n  emailAddress\\n  user {\\n    id\\n    identifier\\n    verified\\n    lastLogin\\n    __typename\\n  }\\n  addresses {\\n    ...Address\\n    __typename\\n  }\\n  __typename\\n}\\n\\nfragment Address on Address {\\n  id\\n  createdAt\\n  updatedAt\\n  fullName\\n  company\\n  streetLine1\\n  streetLine2\\n  city\\n  province\\n  postalCode\\n  country {\\n    id\\n    code\\n    name\\n    __typename\\n  }\\n  phoneNumber\\n  defaultShippingAddress\\n  defaultBillingAddress\\n  __typename\\n}\\n\\nfragment ErrorResult on ErrorResult {\\n  errorCode\\n  message\\n  __typename\\n}"},"_body":true,"i18nextLookupName":"querystring","lng":"en","locale":"en","language":"en","languages":["en"],"i18n":{"language":"en","languages":["en"],"resolvedLanguage":"en","isInitialized":true},"t":{},"vendureRequestContext":{"_apiType":"admin","_languageCode":"en","_currencyCode":"USD","_isAuthorized":true,"_authorizedAsOwnerOnly":false},"vendureRequestContextMap":{},"app":{"_eventsCount":1,"mountpath":"/"},"header":{},"get":{},"accepts":{},"acceptsEncodings":{},"acceptsEncoding":{},"acceptsCharsets":{},"acceptsCharset":{},"acceptsLanguages":{},"acceptsLanguage":{},"range":{},"param":{},"is":{},"protocol":"http","secure":false,"ip":"::ffff:118.70.126.70","ips":[],"subdomains":[],"path":"/","hostname":"65.21.189.93","fresh":false,"stale":true,"xhr":false,"setTimeout":{},"_read":{},"_destroy":{},"_addHeaderLines":{},"_addHeaderLine":{},"_dump":{},"destroy":{},"_undestroy":{},"push":{},"unshift":{},"isPaused":{},"setEncoding":{},"read":{},"pipe":{},"unpipe":{},"on":{},"addListener":{},"removeListener":{},"off":{},"removeAllListeners":{},"resume":{},"pause":{},"wrap":{},"iterator":{},"map":{},"filter":{},"setMaxListeners":{},"getMaxListeners":{},"emit":{},"prependListener":{},"once":{},"prependOnceListener":{},"listeners":{},"rawListeners":{},"listenerCount":{},"eventNames":{}},"_apiType":"admin","_channel":{"token":"dsluraxzobcpz3sq6y6a","createdAt":"2023-12-13T22:22:12.645Z","updatedAt":"2023-12-15T17:45:58.856Z","code":"__default_channel__","description":"","defaultLanguageCode":"en","availableLanguageCodes":["pt_BR"],"defaultCurrencyCode":"USD","availableCurrencyCodes":["BRL","USD"],"trackInventory":true,"outOfStockThreshold":0,"pricesIncludeTax":false,"id":1,"sellerId":1,"defaultShippingZone":{"createdAt":"2023-12-13T22:22:13.507Z","updatedAt":"2023-12-13T23:20:31.450Z","name":"Acre","id":2},"defaultTaxZone":{"createdAt":"2023-12-13T22:22:13.507Z","updatedAt":"2023-12-13T23:20:31.450Z","name":"Acre","id":2}},"_session":{"cacheExpiry":1703182126,"id":18,"token":"74d1a5853a03d4a736abb8ba3d95bfc23fe14deea77558da4f7dd5fcdc65a33a","expires":"2024-12-19T17:26:53.071Z","activeOrderId":null,"activeChannelId":1,"authenticationStrategy":"native","user":{"id":1,"identifier":"superadmin","verified":true,"channelPermissions":[{"id":1,"token":"dsluraxzobcpz3sq6y6a","code":"__default_channel__","permissions":["Authenticated","SuperAdmin","UpdateGlobalSettings","CreateCatalog","ReadCatalog","UpdateCatalog","DeleteCatalog","CreateSettings","ReadSettings","UpdateSettings","DeleteSettings","CreateAdministrator","ReadAdministrator","UpdateAdministrator","DeleteAdministrator","CreateAsset","ReadAsset","UpdateAsset","DeleteAsset","CreateChannel","ReadChannel","UpdateChannel","DeleteChannel","CreateCollection","ReadCollection","UpdateCollection","DeleteCollection","CreateCountry","ReadCountry","UpdateCountry","DeleteCountry","CreateCustomer","ReadCustomer","UpdateCustomer","DeleteCustomer","CreateCustomerGroup","ReadCustomerGroup","UpdateCustomerGroup","DeleteCustomerGroup","CreateFacet","ReadFacet","UpdateFacet","DeleteFacet","CreateOrder","ReadOrder","UpdateOrder","DeleteOrder","CreatePaymentMethod","ReadPaymentMethod","UpdatePaymentMethod","DeletePaymentMethod","CreateProduct","ReadProduct","UpdateProduct","DeleteProduct","CreatePromotion","ReadPromotion","UpdatePromotion","DeletePromotion","CreateShippingMethod","ReadShippingMethod","UpdateShippingMethod","DeleteShippingMethod","CreateTag","ReadTag","UpdateTag","DeleteTag","CreateTaxCategory","ReadTaxCategory","UpdateTaxCategory","DeleteTaxCategory","CreateTaxRate","ReadTaxRate","UpdateTaxRate","DeleteTaxRate","CreateSeller","ReadSeller","UpdateSeller","DeleteSeller","CreateStockLocation","ReadStockLocation","UpdateStockLocation","DeleteStockLocation","CreateSystem","ReadSystem","UpdateSystem","DeleteSystem","CreateZone","ReadZone","UpdateZone","DeleteZone","SetWebhook"]}]}},"_languageCode":"en","_currencyCode":"USD","_isAuthorized":true,"_authorizedAsOwnerOnly":false},"type":"email-verification","recipient":"user8@example.com","from":"{{ fromAddress }}","templateVars":{"fromAddress":"\\"example\\" <noreply@example.com>","verifyEmailAddressUrl":"http://localhost:8080/verify","passwordResetUrl":"http://localhost:8080/password-reset","changeEmailAddressUrl":"http://localhost:8080/verify-email-address-change","verificationToken":"MjAyMy0xMi0yMVQxODowNDoxMy43ODVa_XZH57BJETZE31H3Y"},"subject":"Please verify your email address","templateFile":"body.hbs","attachments":[]}	COMPLETED	100	true	\N	2023-12-21 18:04:14.017	2023-12-21 18:04:14.1	t	5	1	32
2023-12-21 18:05:40.62159	2023-12-21 18:05:40.79993	send-email	{"ctx":{"_req":{"_readableState":{"objectMode":false,"highWaterMark":16384,"length":0,"pipes":[],"flowing":true,"ended":true,"endEmitted":true,"reading":false,"constructed":true,"sync":false,"needReadable":false,"emittedReadable":false,"readableListening":false,"resumeScheduled":false,"errorEmitted":false,"emitClose":true,"autoDestroy":true,"destroyed":true,"errored":null,"closed":true,"closeEmitted":true,"defaultEncoding":"utf8","awaitDrainWriters":null,"multiAwaitDrain":false,"readingMore":false,"dataEmitted":true,"decoder":null,"encoding":null},"_events":{},"_eventsCount":1,"socket":{"connecting":false,"_hadError":false,"_parent":null,"_host":null,"_eventsCount":8,"allowHalfOpen":true,"_sockname":null,"_pendingData":null,"_pendingEncoding":"","_paused":false,"bytesRead":1756,"remoteAddress":"::ffff:118.70.126.70","remoteFamily":"IPv6","remotePort":56235,"localAddress":"::ffff:65.21.189.93","localPort":3000,"_bytesDispatched":0,"bytesWritten":0},"httpVersionMajor":1,"httpVersionMinor":1,"httpVersion":"1.1","complete":true,"rawHeaders":["Host","65.21.189.93:3000","Connection","keep-alive","Content-Length","1064","accept","*/*","apollo-require-preflight","true","vendure-token","dsluraxzobcpz3sq6y6a","User-Agent","Mozilla/5.0 (Windows NT 10.0; Win64; x64) AppleWebKit/537.36 (KHTML, like Gecko) Chrome/120.0.0.0 Safari/537.36","content-type","application/json","Origin","http://65.21.189.93:3000","Referer","http://65.21.189.93:3000/admin/customer/customers/create","Accept-Encoding","gzip, deflate","Accept-Language","en-US,en;q=0.9,vi;q=0.8","Cookie","session=eyJ0b2tlbiI6Ijc0ZDFhNTg1M2EwM2Q0YTczNmFiYjhiYTNkOTViZmMyM2ZlMTRkZWVhNzc1NThkYTRmN2RkNWZjZGM2NWEzM2EifQ==; session.sig=RfNxb6qOxJ_k-AXSeu0OsR5EQuw"],"rawTrailers":[],"aborted":false,"upgrade":false,"url":"/?languageCode=en","method":"POST","statusCode":null,"statusMessage":null,"client":{"connecting":false,"_hadError":false,"_parent":null,"_host":null,"_eventsCount":8,"allowHalfOpen":true,"_pendingData":null,"_pendingEncoding":"","_paused":false,"bytesRead":1756,"remoteAddress":"::ffff:118.70.126.70","remoteFamily":"IPv6","remotePort":56235,"localAddress":"::ffff:65.21.189.93","localPort":3000,"_bytesDispatched":0,"bytesWritten":0},"_consuming":true,"_dumped":false,"next":{},"baseUrl":"/admin-api","originalUrl":"/admin-api?languageCode=en","_parsedUrl":{"protocol":null,"slashes":null,"auth":null,"host":null,"port":null,"hostname":null,"hash":null,"search":"?languageCode=en","query":"languageCode=en","pathname":"/admin-api","path":"/admin-api?languageCode=en","href":"/admin-api?languageCode=en","_raw":"/admin-api?languageCode=en"},"params":{},"query":{"languageCode":"en"},"res":{"_eventsCount":1,"outputData":[],"outputSize":0,"writable":true,"destroyed":false,"_last":false,"chunkedEncoding":false,"shouldKeepAlive":true,"maxRequestsOnConnectionReached":false,"_defaultKeepAlive":true,"useChunkedEncodingByDefault":true,"sendDate":true,"_removedConnection":false,"_removedContLen":false,"_removedTE":false,"_contentLength":null,"_hasBody":true,"_trailer":"","finished":false,"_headerSent":false,"_closed":false,"_header":null,"_keepAliveTimeout":5000,"_sent100":false,"_expect_continue":false,"statusCode":200,"headersSent":false},"sessionOptions":{"secret":"quzl8ee49x","httpOnly":true,"sameSite":"lax","overwrite":true,"signed":true},"session":{"token":"74d1a5853a03d4a736abb8ba3d95bfc23fe14deea77558da4f7dd5fcdc65a33a"},"body":{"operationName":"CreateCustomer","query":"mutation CreateCustomer($input: CreateCustomerInput!, $password: String) {\\n  createCustomer(input: $input, password: $password) {\\n    ...Customer\\n    ...ErrorResult\\n    __typename\\n  }\\n}\\n\\nfragment Customer on Customer {\\n  id\\n  createdAt\\n  updatedAt\\n  title\\n  firstName\\n  lastName\\n  phoneNumber\\n  emailAddress\\n  user {\\n    id\\n    identifier\\n    verified\\n    lastLogin\\n    __typename\\n  }\\n  addresses {\\n    ...Address\\n    __typename\\n  }\\n  __typename\\n}\\n\\nfragment Address on Address {\\n  id\\n  createdAt\\n  updatedAt\\n  fullName\\n  company\\n  streetLine1\\n  streetLine2\\n  city\\n  province\\n  postalCode\\n  country {\\n    id\\n    code\\n    name\\n    __typename\\n  }\\n  phoneNumber\\n  defaultShippingAddress\\n  defaultBillingAddress\\n  __typename\\n}\\n\\nfragment ErrorResult on ErrorResult {\\n  errorCode\\n  message\\n  __typename\\n}"},"_body":true,"i18nextLookupName":"querystring","lng":"en","locale":"en","language":"en","languages":["en"],"i18n":{"language":"en","languages":["en"],"resolvedLanguage":"en","isInitialized":true},"t":{},"vendureRequestContext":{"_apiType":"admin","_languageCode":"en","_currencyCode":"USD","_isAuthorized":true,"_authorizedAsOwnerOnly":false},"vendureRequestContextMap":{},"app":{"_eventsCount":1,"mountpath":"/"},"header":{},"get":{},"accepts":{},"acceptsEncodings":{},"acceptsEncoding":{},"acceptsCharsets":{},"acceptsCharset":{},"acceptsLanguages":{},"acceptsLanguage":{},"range":{},"param":{},"is":{},"protocol":"http","secure":false,"ip":"::ffff:118.70.126.70","ips":[],"subdomains":[],"path":"/","hostname":"65.21.189.93","fresh":false,"stale":true,"xhr":false,"setTimeout":{},"_read":{},"_destroy":{},"_addHeaderLines":{},"_addHeaderLine":{},"_dump":{},"destroy":{},"_undestroy":{},"push":{},"unshift":{},"isPaused":{},"setEncoding":{},"read":{},"pipe":{},"unpipe":{},"on":{},"addListener":{},"removeListener":{},"off":{},"removeAllListeners":{},"resume":{},"pause":{},"wrap":{},"iterator":{},"map":{},"filter":{},"setMaxListeners":{},"getMaxListeners":{},"emit":{},"prependListener":{},"once":{},"prependOnceListener":{},"listeners":{},"rawListeners":{},"listenerCount":{},"eventNames":{}},"_apiType":"admin","_channel":{"token":"dsluraxzobcpz3sq6y6a","createdAt":"2023-12-13T22:22:12.645Z","updatedAt":"2023-12-15T17:45:58.856Z","code":"__default_channel__","description":"","defaultLanguageCode":"en","availableLanguageCodes":["pt_BR"],"defaultCurrencyCode":"USD","availableCurrencyCodes":["BRL","USD"],"trackInventory":true,"outOfStockThreshold":0,"pricesIncludeTax":false,"id":1,"sellerId":1,"defaultShippingZone":{"createdAt":"2023-12-13T22:22:13.507Z","updatedAt":"2023-12-13T23:20:31.450Z","name":"Acre","id":2},"defaultTaxZone":{"createdAt":"2023-12-13T22:22:13.507Z","updatedAt":"2023-12-13T23:20:31.450Z","name":"Acre","id":2}},"_session":{"cacheExpiry":1703182126,"id":18,"token":"74d1a5853a03d4a736abb8ba3d95bfc23fe14deea77558da4f7dd5fcdc65a33a","expires":"2024-12-19T17:26:53.071Z","activeOrderId":null,"activeChannelId":1,"authenticationStrategy":"native","user":{"id":1,"identifier":"superadmin","verified":true,"channelPermissions":[{"id":1,"token":"dsluraxzobcpz3sq6y6a","code":"__default_channel__","permissions":["Authenticated","SuperAdmin","UpdateGlobalSettings","CreateCatalog","ReadCatalog","UpdateCatalog","DeleteCatalog","CreateSettings","ReadSettings","UpdateSettings","DeleteSettings","CreateAdministrator","ReadAdministrator","UpdateAdministrator","DeleteAdministrator","CreateAsset","ReadAsset","UpdateAsset","DeleteAsset","CreateChannel","ReadChannel","UpdateChannel","DeleteChannel","CreateCollection","ReadCollection","UpdateCollection","DeleteCollection","CreateCountry","ReadCountry","UpdateCountry","DeleteCountry","CreateCustomer","ReadCustomer","UpdateCustomer","DeleteCustomer","CreateCustomerGroup","ReadCustomerGroup","UpdateCustomerGroup","DeleteCustomerGroup","CreateFacet","ReadFacet","UpdateFacet","DeleteFacet","CreateOrder","ReadOrder","UpdateOrder","DeleteOrder","CreatePaymentMethod","ReadPaymentMethod","UpdatePaymentMethod","DeletePaymentMethod","CreateProduct","ReadProduct","UpdateProduct","DeleteProduct","CreatePromotion","ReadPromotion","UpdatePromotion","DeletePromotion","CreateShippingMethod","ReadShippingMethod","UpdateShippingMethod","DeleteShippingMethod","CreateTag","ReadTag","UpdateTag","DeleteTag","CreateTaxCategory","ReadTaxCategory","UpdateTaxCategory","DeleteTaxCategory","CreateTaxRate","ReadTaxRate","UpdateTaxRate","DeleteTaxRate","CreateSeller","ReadSeller","UpdateSeller","DeleteSeller","CreateStockLocation","ReadStockLocation","UpdateStockLocation","DeleteStockLocation","CreateSystem","ReadSystem","UpdateSystem","DeleteSystem","CreateZone","ReadZone","UpdateZone","DeleteZone","SetWebhook"]}]}},"_languageCode":"en","_currencyCode":"USD","_isAuthorized":true,"_authorizedAsOwnerOnly":false},"type":"email-verification","recipient":"user9@example.com","from":"{{ fromAddress }}","templateVars":{"fromAddress":"\\"example\\" <noreply@example.com>","verifyEmailAddressUrl":"http://localhost:8080/verify","passwordResetUrl":"http://localhost:8080/password-reset","changeEmailAddressUrl":"http://localhost:8080/verify-email-address-change","verificationToken":null},"subject":"Please verify your email address","templateFile":"body.hbs","attachments":[]}	COMPLETED	100	true	\N	2023-12-21 18:05:40.768	2023-12-21 18:05:40.799	t	5	1	33
2023-12-21 18:08:07.52805	2023-12-21 18:08:07.574135	send-email	{"ctx":{"_req":{"_readableState":{"objectMode":false,"highWaterMark":16384,"length":0,"pipes":[],"flowing":true,"ended":true,"endEmitted":true,"reading":false,"constructed":true,"sync":false,"needReadable":false,"emittedReadable":false,"readableListening":false,"resumeScheduled":false,"errorEmitted":false,"emitClose":true,"autoDestroy":true,"destroyed":true,"errored":null,"closed":true,"closeEmitted":true,"defaultEncoding":"utf8","awaitDrainWriters":null,"multiAwaitDrain":false,"readingMore":false,"dataEmitted":true,"decoder":null,"encoding":null},"_events":{},"_eventsCount":1,"socket":{"connecting":false,"_hadError":false,"_parent":null,"_host":null,"_eventsCount":8,"allowHalfOpen":true,"_sockname":null,"_pendingData":null,"_pendingEncoding":"","_paused":false,"bytesRead":1754,"remoteAddress":"::ffff:118.70.126.70","remoteFamily":"IPv6","remotePort":56279,"localAddress":"::ffff:65.21.189.93","localPort":3000,"_bytesDispatched":0,"bytesWritten":0},"httpVersionMajor":1,"httpVersionMinor":1,"httpVersion":"1.1","complete":true,"rawHeaders":["Host","65.21.189.93:3000","Connection","keep-alive","Content-Length","1062","accept","*/*","apollo-require-preflight","true","vendure-token","dsluraxzobcpz3sq6y6a","User-Agent","Mozilla/5.0 (Windows NT 10.0; Win64; x64) AppleWebKit/537.36 (KHTML, like Gecko) Chrome/120.0.0.0 Safari/537.36","content-type","application/json","Origin","http://65.21.189.93:3000","Referer","http://65.21.189.93:3000/admin/customer/customers/create","Accept-Encoding","gzip, deflate","Accept-Language","en-US,en;q=0.9,vi;q=0.8","Cookie","session=eyJ0b2tlbiI6Ijc0ZDFhNTg1M2EwM2Q0YTczNmFiYjhiYTNkOTViZmMyM2ZlMTRkZWVhNzc1NThkYTRmN2RkNWZjZGM2NWEzM2EifQ==; session.sig=RfNxb6qOxJ_k-AXSeu0OsR5EQuw"],"rawTrailers":[],"aborted":false,"upgrade":false,"url":"/?languageCode=en","method":"POST","statusCode":null,"statusMessage":null,"client":{"connecting":false,"_hadError":false,"_parent":null,"_host":null,"_eventsCount":8,"allowHalfOpen":true,"_pendingData":null,"_pendingEncoding":"","_paused":false,"bytesRead":1754,"remoteAddress":"::ffff:118.70.126.70","remoteFamily":"IPv6","remotePort":56279,"localAddress":"::ffff:65.21.189.93","localPort":3000,"_bytesDispatched":0,"bytesWritten":0},"_consuming":true,"_dumped":false,"next":{},"baseUrl":"/admin-api","originalUrl":"/admin-api?languageCode=en","_parsedUrl":{"protocol":null,"slashes":null,"auth":null,"host":null,"port":null,"hostname":null,"hash":null,"search":"?languageCode=en","query":"languageCode=en","pathname":"/admin-api","path":"/admin-api?languageCode=en","href":"/admin-api?languageCode=en","_raw":"/admin-api?languageCode=en"},"params":{},"query":{"languageCode":"en"},"res":{"_eventsCount":1,"outputData":[],"outputSize":0,"writable":true,"destroyed":false,"_last":false,"chunkedEncoding":false,"shouldKeepAlive":true,"maxRequestsOnConnectionReached":false,"_defaultKeepAlive":true,"useChunkedEncodingByDefault":true,"sendDate":true,"_removedConnection":false,"_removedContLen":false,"_removedTE":false,"_contentLength":null,"_hasBody":true,"_trailer":"","finished":false,"_headerSent":false,"_closed":false,"_header":null,"_keepAliveTimeout":5000,"_sent100":false,"_expect_continue":false,"statusCode":200,"headersSent":false},"sessionOptions":{"secret":"quzl8ee49x","httpOnly":true,"sameSite":"lax","overwrite":true,"signed":true},"session":{"token":"74d1a5853a03d4a736abb8ba3d95bfc23fe14deea77558da4f7dd5fcdc65a33a"},"body":{"operationName":"CreateCustomer","query":"mutation CreateCustomer($input: CreateCustomerInput!, $password: String) {\\n  createCustomer(input: $input, password: $password) {\\n    ...Customer\\n    ...ErrorResult\\n    __typename\\n  }\\n}\\n\\nfragment Customer on Customer {\\n  id\\n  createdAt\\n  updatedAt\\n  title\\n  firstName\\n  lastName\\n  phoneNumber\\n  emailAddress\\n  user {\\n    id\\n    identifier\\n    verified\\n    lastLogin\\n    __typename\\n  }\\n  addresses {\\n    ...Address\\n    __typename\\n  }\\n  __typename\\n}\\n\\nfragment Address on Address {\\n  id\\n  createdAt\\n  updatedAt\\n  fullName\\n  company\\n  streetLine1\\n  streetLine2\\n  city\\n  province\\n  postalCode\\n  country {\\n    id\\n    code\\n    name\\n    __typename\\n  }\\n  phoneNumber\\n  defaultShippingAddress\\n  defaultBillingAddress\\n  __typename\\n}\\n\\nfragment ErrorResult on ErrorResult {\\n  errorCode\\n  message\\n  __typename\\n}"},"_body":true,"i18nextLookupName":"querystring","lng":"en","locale":"en","language":"en","languages":["en"],"i18n":{"language":"en","languages":["en"],"resolvedLanguage":"en","isInitialized":true},"t":{},"vendureRequestContext":{"_apiType":"admin","_languageCode":"en","_currencyCode":"USD","_isAuthorized":true,"_authorizedAsOwnerOnly":false},"vendureRequestContextMap":{},"app":{"_eventsCount":1,"mountpath":"/"},"header":{},"get":{},"accepts":{},"acceptsEncodings":{},"acceptsEncoding":{},"acceptsCharsets":{},"acceptsCharset":{},"acceptsLanguages":{},"acceptsLanguage":{},"range":{},"param":{},"is":{},"protocol":"http","secure":false,"ip":"::ffff:118.70.126.70","ips":[],"subdomains":[],"path":"/","hostname":"65.21.189.93","fresh":false,"stale":true,"xhr":false,"setTimeout":{},"_read":{},"_destroy":{},"_addHeaderLines":{},"_addHeaderLine":{},"_dump":{},"destroy":{},"_undestroy":{},"push":{},"unshift":{},"isPaused":{},"setEncoding":{},"read":{},"pipe":{},"unpipe":{},"on":{},"addListener":{},"removeListener":{},"off":{},"removeAllListeners":{},"resume":{},"pause":{},"wrap":{},"iterator":{},"map":{},"filter":{},"setMaxListeners":{},"getMaxListeners":{},"emit":{},"prependListener":{},"once":{},"prependOnceListener":{},"listeners":{},"rawListeners":{},"listenerCount":{},"eventNames":{}},"_apiType":"admin","_channel":{"token":"dsluraxzobcpz3sq6y6a","createdAt":"2023-12-13T22:22:12.645Z","updatedAt":"2023-12-15T17:45:58.856Z","code":"__default_channel__","description":"","defaultLanguageCode":"en","availableLanguageCodes":["pt_BR"],"defaultCurrencyCode":"USD","availableCurrencyCodes":["BRL","USD"],"trackInventory":true,"outOfStockThreshold":0,"pricesIncludeTax":false,"id":1,"sellerId":1,"defaultShippingZone":{"createdAt":"2023-12-13T22:22:13.507Z","updatedAt":"2023-12-13T23:20:31.450Z","name":"Acre","id":2},"defaultTaxZone":{"createdAt":"2023-12-13T22:22:13.507Z","updatedAt":"2023-12-13T23:20:31.450Z","name":"Acre","id":2}},"_session":{"cacheExpiry":1703182126,"id":18,"token":"74d1a5853a03d4a736abb8ba3d95bfc23fe14deea77558da4f7dd5fcdc65a33a","expires":"2024-12-19T17:26:53.071Z","activeOrderId":null,"activeChannelId":1,"authenticationStrategy":"native","user":{"id":1,"identifier":"superadmin","verified":true,"channelPermissions":[{"id":1,"token":"dsluraxzobcpz3sq6y6a","code":"__default_channel__","permissions":["Authenticated","SuperAdmin","UpdateGlobalSettings","CreateCatalog","ReadCatalog","UpdateCatalog","DeleteCatalog","CreateSettings","ReadSettings","UpdateSettings","DeleteSettings","CreateAdministrator","ReadAdministrator","UpdateAdministrator","DeleteAdministrator","CreateAsset","ReadAsset","UpdateAsset","DeleteAsset","CreateChannel","ReadChannel","UpdateChannel","DeleteChannel","CreateCollection","ReadCollection","UpdateCollection","DeleteCollection","CreateCountry","ReadCountry","UpdateCountry","DeleteCountry","CreateCustomer","ReadCustomer","UpdateCustomer","DeleteCustomer","CreateCustomerGroup","ReadCustomerGroup","UpdateCustomerGroup","DeleteCustomerGroup","CreateFacet","ReadFacet","UpdateFacet","DeleteFacet","CreateOrder","ReadOrder","UpdateOrder","DeleteOrder","CreatePaymentMethod","ReadPaymentMethod","UpdatePaymentMethod","DeletePaymentMethod","CreateProduct","ReadProduct","UpdateProduct","DeleteProduct","CreatePromotion","ReadPromotion","UpdatePromotion","DeletePromotion","CreateShippingMethod","ReadShippingMethod","UpdateShippingMethod","DeleteShippingMethod","CreateTag","ReadTag","UpdateTag","DeleteTag","CreateTaxCategory","ReadTaxCategory","UpdateTaxCategory","DeleteTaxCategory","CreateTaxRate","ReadTaxRate","UpdateTaxRate","DeleteTaxRate","CreateSeller","ReadSeller","UpdateSeller","DeleteSeller","CreateStockLocation","ReadStockLocation","UpdateStockLocation","DeleteStockLocation","CreateSystem","ReadSystem","UpdateSystem","DeleteSystem","CreateZone","ReadZone","UpdateZone","DeleteZone","SetWebhook"]}]}},"_languageCode":"en","_currencyCode":"USD","_isAuthorized":true,"_authorizedAsOwnerOnly":false},"type":"email-verification","recipient":"user10@example.com","from":"{{ fromAddress }}","templateVars":{"fromAddress":"\\"example\\" <noreply@example.com>","verifyEmailAddressUrl":"http://localhost:8080/verify","passwordResetUrl":"http://localhost:8080/password-reset","changeEmailAddressUrl":"http://localhost:8080/verify-email-address-change","verificationToken":"MjAyMy0xMi0yMVQxODowODowNy40OTJa_FSPFRM8PKBC4UUBH"},"subject":"Please verify your email address","templateFile":"body.hbs","attachments":[]}	COMPLETED	100	true	\N	2023-12-21 18:08:07.552	2023-12-21 18:08:07.573	t	5	1	34
2023-12-13 22:22:20.878941	2023-12-13 22:22:22.406405	update-search-index	{"type":"update-variants-by-id","ctx":{"_apiType":"admin","_channel":{"token":"dsluraxzobcpz3sq6y6a","createdAt":"2023-12-13T22:22:12.645Z","updatedAt":"2023-12-13T22:22:15.767Z","code":"__default_channel__","description":"","defaultLanguageCode":"en","availableLanguageCodes":["en"],"defaultCurrencyCode":"USD","availableCurrencyCodes":["USD"],"trackInventory":true,"outOfStockThreshold":0,"pricesIncludeTax":false,"id":1,"sellerId":1,"defaultShippingZone":{"createdAt":"2023-12-13T22:22:13.507Z","updatedAt":"2023-12-13T22:22:13.507Z","name":"Europe","id":2},"defaultTaxZone":{"createdAt":"2023-12-13T22:22:13.507Z","updatedAt":"2023-12-13T22:22:13.507Z","name":"Europe","id":2}},"_session":{"user":{"id":1,"identifier":"superadmin","verified":true,"channelPermissions":[]},"id":"__dummy_session_id__","token":"__dummy_session_token__","expires":"2024-12-13T04:22:20.266Z","cacheExpiry":31557600000},"_languageCode":"en","_currencyCode":"USD","_isAuthorized":true,"_authorizedAsOwnerOnly":false},"ids":[1,2,3,4,5,6,7,8,9,10,11,12,13,14,15,16,17,18,19,20,21,22,23,24,25]}	COMPLETED	100	{"success":true,"indexedItemCount":25,"timeTaken":222}	\N	2023-12-13 22:22:22.177	2023-12-13 22:22:22.405	t	0	1	12
2023-12-13 22:22:20.602524	2023-12-13 22:22:22.133693	update-search-index	{"type":"update-variants-by-id","ctx":{"_apiType":"admin","_channel":{"token":"dsluraxzobcpz3sq6y6a","createdAt":"2023-12-13T22:22:12.645Z","updatedAt":"2023-12-13T22:22:15.767Z","code":"__default_channel__","description":"","defaultLanguageCode":"en","availableLanguageCodes":["en"],"defaultCurrencyCode":"USD","availableCurrencyCodes":["USD"],"trackInventory":true,"outOfStockThreshold":0,"pricesIncludeTax":false,"id":1,"sellerId":1,"defaultShippingZone":{"createdAt":"2023-12-13T22:22:13.507Z","updatedAt":"2023-12-13T22:22:13.507Z","name":"Europe","id":2},"defaultTaxZone":{"createdAt":"2023-12-13T22:22:13.507Z","updatedAt":"2023-12-13T22:22:13.507Z","name":"Europe","id":2}},"_session":{"user":{"id":1,"identifier":"superadmin","verified":true,"channelPermissions":[]},"id":"__dummy_session_id__","token":"__dummy_session_token__","expires":"2024-12-13T04:22:20.266Z","cacheExpiry":31557600000},"_languageCode":"en","_currencyCode":"USD","_isAuthorized":true,"_authorizedAsOwnerOnly":false},"ids":[1,2,3,4,5,6,7,8,9,10,11,12,13,14,15,16,17,18,19,20,21,22,23,24,25,26,27,28,29,30,31,32,33,34]}	COMPLETED	100	{"success":true,"indexedItemCount":34,"timeTaken":366}	\N	2023-12-13 22:22:21.759	2023-12-13 22:22:22.132	t	0	1	11
2023-12-13 22:22:21.235687	2023-12-13 22:23:20.985852	update-search-index	{"type":"update-variants-by-id","ctx":{"_apiType":"admin","_channel":{"token":"dsluraxzobcpz3sq6y6a","createdAt":"2023-12-13T22:22:12.645Z","updatedAt":"2023-12-13T22:22:15.767Z","code":"__default_channel__","description":"","defaultLanguageCode":"en","availableLanguageCodes":["en"],"defaultCurrencyCode":"USD","availableCurrencyCodes":["USD"],"trackInventory":true,"outOfStockThreshold":0,"pricesIncludeTax":false,"id":1,"sellerId":1,"defaultShippingZone":{"createdAt":"2023-12-13T22:22:13.507Z","updatedAt":"2023-12-13T22:22:13.507Z","name":"Europe","id":2},"defaultTaxZone":{"createdAt":"2023-12-13T22:22:13.507Z","updatedAt":"2023-12-13T22:22:13.507Z","name":"Europe","id":2}},"_session":{"user":{"id":1,"identifier":"superadmin","verified":true,"channelPermissions":[]},"id":"__dummy_session_id__","token":"__dummy_session_token__","expires":"2024-12-13T04:22:20.266Z","cacheExpiry":31557600000},"_languageCode":"en","_currencyCode":"USD","_isAuthorized":true,"_authorizedAsOwnerOnly":false},"ids":[67,68,69,70,71,72,73,74,75,76,77,78,79,80,81,82,83,84,85,86,87,88]}	COMPLETED	100	{"success":true,"indexedItemCount":22,"timeTaken":380}	\N	2023-12-13 22:23:20.597	2023-12-13 22:23:20.984	t	0	1	14
2023-12-13 22:22:22.112259	2023-12-13 22:23:22.233881	update-search-index	{"type":"update-variants-by-id","ctx":{"_apiType":"admin","_channel":{"token":"dsluraxzobcpz3sq6y6a","createdAt":"2023-12-13T22:22:12.645Z","updatedAt":"2023-12-13T22:22:15.767Z","code":"__default_channel__","description":"","defaultLanguageCode":"en","availableLanguageCodes":["en"],"defaultCurrencyCode":"USD","availableCurrencyCodes":["USD"],"trackInventory":true,"outOfStockThreshold":0,"pricesIncludeTax":false,"id":1,"sellerId":1,"defaultShippingZone":{"createdAt":"2023-12-13T22:22:13.507Z","updatedAt":"2023-12-13T22:22:13.507Z","name":"Europe","id":2},"defaultTaxZone":{"createdAt":"2023-12-13T22:22:13.507Z","updatedAt":"2023-12-13T22:22:13.507Z","name":"Europe","id":2}},"_session":{"user":{"id":1,"identifier":"superadmin","verified":true,"channelPermissions":[]},"id":"__dummy_session_id__","token":"__dummy_session_token__","expires":"2024-12-13T04:22:20.266Z","cacheExpiry":31557600000},"_languageCode":"en","_currencyCode":"USD","_isAuthorized":true,"_authorizedAsOwnerOnly":false},"ids":[35,36,37,38,39,40,41,42]}	COMPLETED	100	{"success":true,"indexedItemCount":8,"timeTaken":169}	\N	2023-12-13 22:23:22.057	2023-12-13 22:23:22.233	t	0	1	18
2023-12-13 22:22:22.317055	2023-12-13 22:23:22.452717	update-search-index	{"type":"update-variants-by-id","ctx":{"_apiType":"admin","_channel":{"token":"dsluraxzobcpz3sq6y6a","createdAt":"2023-12-13T22:22:12.645Z","updatedAt":"2023-12-13T22:22:15.767Z","code":"__default_channel__","description":"","defaultLanguageCode":"en","availableLanguageCodes":["en"],"defaultCurrencyCode":"USD","availableCurrencyCodes":["USD"],"trackInventory":true,"outOfStockThreshold":0,"pricesIncludeTax":false,"id":1,"sellerId":1,"defaultShippingZone":{"createdAt":"2023-12-13T22:22:13.507Z","updatedAt":"2023-12-13T22:22:13.507Z","name":"Europe","id":2},"defaultTaxZone":{"createdAt":"2023-12-13T22:22:13.507Z","updatedAt":"2023-12-13T22:22:13.507Z","name":"Europe","id":2}},"_session":{"user":{"id":1,"identifier":"superadmin","verified":true,"channelPermissions":[]},"id":"__dummy_session_id__","token":"__dummy_session_token__","expires":"2024-12-13T04:22:20.266Z","cacheExpiry":31557600000},"_languageCode":"en","_currencyCode":"USD","_isAuthorized":true,"_authorizedAsOwnerOnly":false},"ids":[43,44,45,46,47,48,49,50,51,52,53,54,55,56,57,58,59,60,61,62,63,64,65,66]}	COMPLETED	100	{"success":true,"indexedItemCount":24,"timeTaken":168}	\N	2023-12-13 22:23:22.276	2023-12-13 22:23:22.451	t	0	1	19
2023-12-13 22:22:21.887423	2023-12-13 22:23:21.981237	update-search-index	{"type":"update-variants-by-id","ctx":{"_apiType":"admin","_channel":{"token":"dsluraxzobcpz3sq6y6a","createdAt":"2023-12-13T22:22:12.645Z","updatedAt":"2023-12-13T22:22:15.767Z","code":"__default_channel__","description":"","defaultLanguageCode":"en","availableLanguageCodes":["en"],"defaultCurrencyCode":"USD","availableCurrencyCodes":["USD"],"trackInventory":true,"outOfStockThreshold":0,"pricesIncludeTax":false,"id":1,"sellerId":1,"defaultShippingZone":{"createdAt":"2023-12-13T22:22:13.507Z","updatedAt":"2023-12-13T22:22:13.507Z","name":"Europe","id":2},"defaultTaxZone":{"createdAt":"2023-12-13T22:22:13.507Z","updatedAt":"2023-12-13T22:22:13.507Z","name":"Europe","id":2}},"_session":{"user":{"id":1,"identifier":"superadmin","verified":true,"channelPermissions":[]},"id":"__dummy_session_id__","token":"__dummy_session_token__","expires":"2024-12-13T04:22:20.266Z","cacheExpiry":31557600000},"_languageCode":"en","_currencyCode":"USD","_isAuthorized":true,"_authorizedAsOwnerOnly":false},"ids":[35,36,37,38,39,40,41,42,43,44,45,46,47,48,49,50,51,52,53,54,55,56,57,58,59,60,61,62,63,64,65,66]}	COMPLETED	100	{"success":true,"indexedItemCount":32,"timeTaken":328}	\N	2023-12-13 22:23:21.643	2023-12-13 22:23:21.978	t	0	1	17
2023-12-15 17:33:45.656013	2023-12-15 17:33:45.853406	apply-collection-filters	{"ctx":{"_req":{"_readableState":{"objectMode":false,"highWaterMark":16384,"length":0,"pipes":[],"flowing":true,"ended":true,"endEmitted":true,"reading":false,"constructed":true,"sync":false,"needReadable":false,"emittedReadable":false,"readableListening":false,"resumeScheduled":false,"errorEmitted":false,"emitClose":true,"autoDestroy":true,"destroyed":true,"errored":null,"closed":true,"closeEmitted":true,"defaultEncoding":"utf8","awaitDrainWriters":null,"multiAwaitDrain":false,"readingMore":false,"dataEmitted":true,"decoder":null,"encoding":null},"_events":{},"_eventsCount":1,"socket":{"connecting":false,"_hadError":false,"_parent":null,"_host":null,"_eventsCount":8,"allowHalfOpen":true,"_sockname":null,"_pendingData":null,"_pendingEncoding":"","_paused":false,"bytesRead":3854,"remoteAddress":"::1","remoteFamily":"IPv6","remotePort":44454,"localAddress":"::1","localPort":3000,"_bytesDispatched":0,"bytesWritten":0},"httpVersionMajor":1,"httpVersionMinor":1,"httpVersion":"1.1","complete":true,"rawHeaders":["Host","localhost:3000","Connection","keep-alive","Content-Length","1600","sec-ch-ua","\\"Not_A Brand\\";v=\\"8\\", \\"Chromium\\";v=\\"120\\", \\"Google Chrome\\";v=\\"120\\"","sec-ch-ua-mobile","?0","User-Agent","Mozilla/5.0 (Macintosh; Intel Mac OS X 10_15_7) AppleWebKit/537.36 (KHTML, like Gecko) Chrome/120.0.0.0 Safari/537.36","content-type","application/json","accept","*/*","apollo-require-preflight","true","vendure-token","dsluraxzobcpz3sq6y6a","sec-ch-ua-platform","\\"macOS\\"","Origin","http://localhost:3000","Sec-Fetch-Site","same-origin","Sec-Fetch-Mode","cors","Sec-Fetch-Dest","empty","Referer","http://localhost:3000/admin/catalog/collections/2?contentsPage=1","Accept-Encoding","gzip, deflate, br","Accept-Language","en-US,en;q=0.9,es;q=0.8","Cookie","_ga=GA1.1.980353395.1690474456; _ga_6D15P5YQYL=GS1.1.1691868471.7.0.1691868471.60.0.0; playground_anonymous=844bf1d2-3b6c-43c5-a395-8a1250b4d9d6; cubedev_anonymous=61314830-ac8a-4249-9cb2-df0ea588609a; _zammad_session_a138cfd0f37=0b060221c03c24304890c3e380fdb441; _zammad_session_ab83095ff03=a31a8f6409d51c34579d793edef1a345; ajs_user_id=usr_01HGNV9SXZZ36A8GAVN4VWRQTD; ajs_anonymous_id=97bc2143-2ed2-4831-90b1-07b42620b3ab; refreshToken=eyJhbGciOiJSUzI1NiIsImtpZCI6IlJOcjJzNzVadl81WFFjTFdkeUpBcEtwMmU5cFZMU3VrS2VFYko0MFdrU0EiLCJ0eXAiOiJKV1QifQ.eyJpYXQiOjE3MDE3MDc4MDYsIm93bmVyIjoic2FsZW9yIiwiaXNzIjoiaHR0cDovL2xvY2FsaG9zdDo4MDAwL2dyYXBocWwvIiwiZXhwIjoxNzA0Mjk5ODA2LCJ0b2tlbiI6InpibnM0aHc1RnpjeiIsImVtYWlsIjoiYWRtaW5AZXhhbXBsZS5jb20iLCJ0eXBlIjoicmVmcmVzaCIsInVzZXJfaWQiOiJWWE5sY2pveCIsImlzX3N0YWZmIjp0cnVlLCJjc3JmVG9rZW4iOiJRblZtZmZ2TVJlcnp6RERXNjVPcUN2OHNzUGVzeWFKYnlReVVFVmdoWkRXTUVJaXI2QjJrV29xTTBPQTdXNEZZIn0.P5bbwv1ouVkzUX95yblqRR9m2y8rZ4hX5vj6g7Zhxj5tOd9quNUjveYxXHIkO4y72uJDWr2qUiphlgeDRS0FzpAgl_fvjxMboko1PmczDAvXOwz1AQe7QjzcHugnNgYVLWABCf40q0_v8VbdbI3q9GfLcT9tx1Zdp9GWmpsOtg13AaikgJZDYPiCUTLv7Cjt6duK-TuWaa6tJNMzpeS7WIx6PpljYJH2pSvC8kOKyjxy86dAmEq1lX6YkFoUHvU4bt31VfbPipHkbasw-0fWXvCzyQPqMx5mKYQUyBsfQ9dkakzTRyRJZDXQ03v1tonx17a_NM_X4AjVPsKFXs1Omw; sessionid=njunhbiilbe2n99rjwcl04u96bun73oz; csrftoken=4TEwN29uF20NVQGwm361lwskuOQIr6PJ; session=eyJ0b2tlbiI6Ijk4MzljOTBhYzFjYzc3ODNlNDQ5N2JhYzIwYzk1Y2I5MzdkOTY2MGNmODBlMWZjYzhiOTI5MzQ3YTI0MWVlOTcifQ==; session.sig=Ew6we_-fViOfjqImpt5ecbCys2o"],"rawTrailers":[],"aborted":false,"upgrade":false,"url":"/?languageCode=pt_BR","method":"POST","statusCode":null,"statusMessage":null,"client":{"connecting":false,"_hadError":false,"_parent":null,"_host":null,"_eventsCount":8,"allowHalfOpen":true,"_pendingData":null,"_pendingEncoding":"","_paused":false,"bytesRead":3854,"remoteAddress":"::1","remoteFamily":"IPv6","remotePort":44454,"localAddress":"::1","localPort":3000,"_bytesDispatched":0,"bytesWritten":0},"_consuming":true,"_dumped":false,"next":{},"baseUrl":"/admin-api","originalUrl":"/admin-api?languageCode=pt_BR","_parsedUrl":{"protocol":null,"slashes":null,"auth":null,"host":null,"port":null,"hostname":null,"hash":null,"search":"?languageCode=pt_BR","query":"languageCode=pt_BR","pathname":"/admin-api","path":"/admin-api?languageCode=pt_BR","href":"/admin-api?languageCode=pt_BR","_raw":"/admin-api?languageCode=pt_BR"},"params":{},"query":{"languageCode":"pt_BR"},"res":{"_eventsCount":1,"outputData":[],"outputSize":0,"writable":true,"destroyed":false,"_last":false,"chunkedEncoding":false,"shouldKeepAlive":true,"maxRequestsOnConnectionReached":false,"_defaultKeepAlive":true,"useChunkedEncodingByDefault":true,"sendDate":true,"_removedConnection":false,"_removedContLen":false,"_removedTE":false,"_contentLength":null,"_hasBody":true,"_trailer":"","finished":false,"_headerSent":false,"_closed":false,"_header":null,"_keepAliveTimeout":5000,"_sent100":false,"_expect_continue":false,"statusCode":200,"headersSent":false},"sessionOptions":{"secret":"quzl8ee49x","httpOnly":true,"sameSite":"lax","overwrite":true,"signed":true},"session":{"token":"9839c90ac1cc7783e4497bac20c95cb937d9660cf80e1fcc8b929347a241ee97"},"body":{"operationName":"UpdateCollection","query":"mutation UpdateCollection($input: UpdateCollectionInput!) {\\n  updateCollection(input: $input) {\\n    ...Collection\\n    __typename\\n  }\\n}\\n\\nfragment Collection on Collection {\\n  id\\n  createdAt\\n  updatedAt\\n  name\\n  slug\\n  description\\n  isPrivate\\n  languageCode\\n  breadcrumbs {\\n    id\\n    name\\n    slug\\n    __typename\\n  }\\n  featuredAsset {\\n    ...Asset\\n    __typename\\n  }\\n  assets {\\n    ...Asset\\n    __typename\\n  }\\n  inheritFilters\\n  filters {\\n    ...ConfigurableOperation\\n    __typename\\n  }\\n  translations {\\n    id\\n    languageCode\\n    name\\n    slug\\n    description\\n    __typename\\n  }\\n  parent {\\n    id\\n    name\\n    __typename\\n  }\\n  children {\\n    id\\n    name\\n    __typename\\n  }\\n  __typename\\n}\\n\\nfragment Asset on Asset {\\n  id\\n  createdAt\\n  updatedAt\\n  name\\n  fileSize\\n  mimeType\\n  type\\n  preview\\n  source\\n  width\\n  height\\n  focalPoint {\\n    x\\n    y\\n    __typename\\n  }\\n  __typename\\n}\\n\\nfragment ConfigurableOperation on ConfigurableOperation {\\n  args {\\n    name\\n    value\\n    __typename\\n  }\\n  code\\n  __typename\\n}"},"_body":true,"i18nextLookupName":"querystring","lng":"pt_BR","locale":"pt_BR","language":"pt_BR","languages":["pt_BR","pt","en"],"i18n":{"language":"pt_BR","languages":["pt_BR","pt","en"],"resolvedLanguage":"pt_BR","isInitialized":true},"t":{},"vendureRequestContext":{"_apiType":"admin","_languageCode":"pt_BR","_currencyCode":"USD","_isAuthorized":true,"_authorizedAsOwnerOnly":false},"vendureRequestContextMap":{},"app":{"_eventsCount":1,"mountpath":"/"},"header":{},"get":{},"accepts":{},"acceptsEncodings":{},"acceptsEncoding":{},"acceptsCharsets":{},"acceptsCharset":{},"acceptsLanguages":{},"acceptsLanguage":{},"range":{},"param":{},"is":{},"protocol":"http","secure":false,"ip":"::1","ips":[],"subdomains":[],"path":"/","hostname":"localhost","fresh":false,"stale":true,"xhr":false,"setTimeout":{},"_read":{},"_destroy":{},"_addHeaderLines":{},"_addHeaderLine":{},"_dump":{},"destroy":{},"_undestroy":{},"push":{},"unshift":{},"isPaused":{},"setEncoding":{},"read":{},"pipe":{},"unpipe":{},"on":{},"addListener":{},"removeListener":{},"off":{},"removeAllListeners":{},"resume":{},"pause":{},"wrap":{},"iterator":{},"map":{},"filter":{},"setMaxListeners":{},"getMaxListeners":{},"emit":{},"prependListener":{},"once":{},"prependOnceListener":{},"listeners":{},"rawListeners":{},"listenerCount":{},"eventNames":{}},"_apiType":"admin","_channel":{"token":"dsluraxzobcpz3sq6y6a","createdAt":"2023-12-13T22:22:12.645Z","updatedAt":"2023-12-13T22:22:15.767Z","code":"__default_channel__","description":"","defaultLanguageCode":"en","availableLanguageCodes":["en"],"defaultCurrencyCode":"USD","availableCurrencyCodes":["USD"],"trackInventory":true,"outOfStockThreshold":0,"pricesIncludeTax":false,"id":1,"sellerId":1,"defaultShippingZone":{"createdAt":"2023-12-13T22:22:13.507Z","updatedAt":"2023-12-13T23:20:31.450Z","name":"Acre","id":2},"defaultTaxZone":{"createdAt":"2023-12-13T22:22:13.507Z","updatedAt":"2023-12-13T23:20:31.450Z","name":"Acre","id":2}},"_session":{"cacheExpiry":1702661808,"id":11,"token":"9839c90ac1cc7783e4497bac20c95cb937d9660cf80e1fcc8b929347a241ee97","expires":"2024-12-14T00:10:51.479Z","activeOrderId":null,"activeChannelId":1,"authenticationStrategy":"native","user":{"id":1,"identifier":"superadmin","verified":true,"channelPermissions":[{"id":1,"token":"dsluraxzobcpz3sq6y6a","code":"__default_channel__","permissions":["Authenticated","SuperAdmin","UpdateGlobalSettings","CreateCatalog","ReadCatalog","UpdateCatalog","DeleteCatalog","CreateSettings","ReadSettings","UpdateSettings","DeleteSettings","CreateAdministrator","ReadAdministrator","UpdateAdministrator","DeleteAdministrator","CreateAsset","ReadAsset","UpdateAsset","DeleteAsset","CreateChannel","ReadChannel","UpdateChannel","DeleteChannel","CreateCollection","ReadCollection","UpdateCollection","DeleteCollection","CreateCountry","ReadCountry","UpdateCountry","DeleteCountry","CreateCustomer","ReadCustomer","UpdateCustomer","DeleteCustomer","CreateCustomerGroup","ReadCustomerGroup","UpdateCustomerGroup","DeleteCustomerGroup","CreateFacet","ReadFacet","UpdateFacet","DeleteFacet","CreateOrder","ReadOrder","UpdateOrder","DeleteOrder","CreatePaymentMethod","ReadPaymentMethod","UpdatePaymentMethod","DeletePaymentMethod","CreateProduct","ReadProduct","UpdateProduct","DeleteProduct","CreatePromotion","ReadPromotion","UpdatePromotion","DeletePromotion","CreateShippingMethod","ReadShippingMethod","UpdateShippingMethod","DeleteShippingMethod","CreateTag","ReadTag","UpdateTag","DeleteTag","CreateTaxCategory","ReadTaxCategory","UpdateTaxCategory","DeleteTaxCategory","CreateTaxRate","ReadTaxRate","UpdateTaxRate","DeleteTaxRate","CreateSeller","ReadSeller","UpdateSeller","DeleteSeller","CreateStockLocation","ReadStockLocation","UpdateStockLocation","DeleteStockLocation","CreateSystem","ReadSystem","UpdateSystem","DeleteSystem","CreateZone","ReadZone","UpdateZone","DeleteZone","SetWebhook"]}]}},"_languageCode":"pt_BR","_currencyCode":"USD","_isAuthorized":true,"_authorizedAsOwnerOnly":false},"collectionIds":[2],"applyToChangedVariantsOnly":false}	COMPLETED	100	\N	\N	2023-12-15 17:33:45.802	2023-12-15 17:33:45.851	t	0	1	23
2023-12-14 17:16:55.752333	2023-12-14 17:16:55.914824	send-email	{"ctx":{"_req":{"_readableState":{"objectMode":false,"highWaterMark":16384,"length":0,"pipes":[],"flowing":true,"ended":true,"endEmitted":true,"reading":false,"constructed":true,"sync":false,"needReadable":false,"emittedReadable":false,"readableListening":false,"resumeScheduled":false,"errorEmitted":false,"emitClose":true,"autoDestroy":true,"destroyed":true,"errored":null,"closed":true,"closeEmitted":true,"defaultEncoding":"utf8","awaitDrainWriters":null,"multiAwaitDrain":false,"readingMore":false,"dataEmitted":true,"decoder":null,"encoding":null},"_events":{},"_eventsCount":1,"socket":{"connecting":false,"_hadError":false,"_parent":null,"_host":null,"_eventsCount":8,"allowHalfOpen":true,"_sockname":null,"_pendingData":null,"_pendingEncoding":"","_paused":false,"bytesRead":2801,"remoteAddress":"::1","remoteFamily":"IPv6","remotePort":40772,"localAddress":"::1","localPort":3000,"_bytesDispatched":0,"bytesWritten":0},"httpVersionMajor":1,"httpVersionMinor":1,"httpVersion":"1.1","complete":true,"rawHeaders":["Host","localhost:3000","Connection","keep-alive","Content-Length","1058","sec-ch-ua","\\"Not_A Brand\\";v=\\"8\\", \\"Chromium\\";v=\\"120\\", \\"Google Chrome\\";v=\\"120\\"","sec-ch-ua-mobile","?0","User-Agent","Mozilla/5.0 (Windows NT 10.0; Win64; x64) AppleWebKit/537.36 (KHTML, like Gecko) Chrome/120.0.0.0 Safari/537.36","content-type","application/json","accept","*/*","apollo-require-preflight","true","vendure-token","dsluraxzobcpz3sq6y6a","sec-ch-ua-platform","\\"Windows\\"","Origin","http://localhost:3000","Sec-Fetch-Site","same-origin","Sec-Fetch-Mode","cors","Sec-Fetch-Dest","empty","Referer","http://localhost:3000/admin/customer/customers/create","Accept-Encoding","gzip, deflate, br","Accept-Language","en-US,en;q=0.9,vi;q=0.8","Cookie","_ga=GA1.1.2120935562.1701694835; _rdt_uuid=1701694835010.2fd606ab-980c-4c30-b56a-deeb6efe066d; _tt_enable_cookie=1; _ttp=jOnM9JZRIJRlxlkW-h6aqAGW8rT; _ga_MQS9DFH40V=GS1.1.1701700431.2.1.1701700992.60.0.0; _ga_MZBXX3HP5Q=GS1.1.1701700431.2.1.1701702727.60.0.0; _zammad_session_ab83095ff03=36310a4adb9d0bae90ab6a8dd9c27f6c; __client_uat=0; _zammad_session_a138cfd0f37=d426f49233439045c773a0d68e71858d; __clerk_db_jwt=eyJhbGciOiJSUzI1NiIsInR5cCI6IkpXVCJ9.eyJkZXYiOiJkdmJfMlpHNUE5UU5mYnRTYWZFbmY5QXRVSlpKcklwIn0.apNO5VdJe87BMa7oKgfGQbKcdPVzN_q6qZwEA0qoEwUZ12BMjIZ55OSKkg2_TUFxvtJxXglHI0uMuPf0Yzn14QglNZBbm02Vutn_bj9uIlah6_DsEufmyqNu4WI0eWEwUfU0pEosjHTm8V6UbSHStblZfivN7shAGeirFM9kO4POj6pb-lI05s-ChP0UIQyAhFLy-ValMSDP5u6d-XoW8A5h8DhfDrA6513U-k1863s3PKKNA6T1MTmdbdDp8wP04NqPjQVqvJ8qfd5nt99kRReWO_yGTN03QBjnoNicEgsnOO_Qvbb1cE7GsUkrDUKtaT_BSUQMSZZaT1a_MTTSdg; session=eyJ0b2tlbiI6ImE3M2ZlZmZlODVkYzhiNTY2ZjI3MWVkNjVmYTYxOTg4Y2EwM2Q1Y2FmYWViOGZlNTUxNDkwYjdlMmE1ZDAxMGMifQ==; session.sig=FHD0sBC-DE35RFgnslZeY9cSDvY"],"rawTrailers":[],"aborted":false,"upgrade":false,"url":"/?languageCode=en","method":"POST","statusCode":null,"statusMessage":null,"client":{"connecting":false,"_hadError":false,"_parent":null,"_host":null,"_eventsCount":8,"allowHalfOpen":true,"_pendingData":null,"_pendingEncoding":"","_paused":false,"bytesRead":2801,"remoteAddress":"::1","remoteFamily":"IPv6","remotePort":40772,"localAddress":"::1","localPort":3000,"_bytesDispatched":0,"bytesWritten":0},"_consuming":true,"_dumped":false,"next":{},"baseUrl":"/admin-api","originalUrl":"/admin-api?languageCode=en","_parsedUrl":{"protocol":null,"slashes":null,"auth":null,"host":null,"port":null,"hostname":null,"hash":null,"search":"?languageCode=en","query":"languageCode=en","pathname":"/admin-api","path":"/admin-api?languageCode=en","href":"/admin-api?languageCode=en","_raw":"/admin-api?languageCode=en"},"params":{},"query":{"languageCode":"en"},"res":{"_eventsCount":1,"outputData":[],"outputSize":0,"writable":true,"destroyed":false,"_last":false,"chunkedEncoding":false,"shouldKeepAlive":true,"maxRequestsOnConnectionReached":false,"_defaultKeepAlive":true,"useChunkedEncodingByDefault":true,"sendDate":true,"_removedConnection":false,"_removedContLen":false,"_removedTE":false,"_contentLength":null,"_hasBody":true,"_trailer":"","finished":false,"_headerSent":false,"_closed":false,"_header":null,"_keepAliveTimeout":5000,"_sent100":false,"_expect_continue":false,"statusCode":200,"headersSent":false},"sessionOptions":{"secret":"quzl8ee49x","httpOnly":true,"sameSite":"lax","overwrite":true,"signed":true},"session":{"token":"a73feffe85dc8b566f271ed65fa61988ca03d5cafaeb8fe551490b7e2a5d010c"},"body":{"operationName":"CreateCustomer","query":"mutation CreateCustomer($input: CreateCustomerInput!, $password: String) {\\n  createCustomer(input: $input, password: $password) {\\n    ...Customer\\n    ...ErrorResult\\n    __typename\\n  }\\n}\\n\\nfragment Customer on Customer {\\n  id\\n  createdAt\\n  updatedAt\\n  title\\n  firstName\\n  lastName\\n  phoneNumber\\n  emailAddress\\n  user {\\n    id\\n    identifier\\n    verified\\n    lastLogin\\n    __typename\\n  }\\n  addresses {\\n    ...Address\\n    __typename\\n  }\\n  __typename\\n}\\n\\nfragment Address on Address {\\n  id\\n  createdAt\\n  updatedAt\\n  fullName\\n  company\\n  streetLine1\\n  streetLine2\\n  city\\n  province\\n  postalCode\\n  country {\\n    id\\n    code\\n    name\\n    __typename\\n  }\\n  phoneNumber\\n  defaultShippingAddress\\n  defaultBillingAddress\\n  __typename\\n}\\n\\nfragment ErrorResult on ErrorResult {\\n  errorCode\\n  message\\n  __typename\\n}"},"_body":true,"i18nextLookupName":"querystring","lng":"en","locale":"en","language":"en","languages":["en"],"i18n":{"language":"en","languages":["en"],"resolvedLanguage":"en","isInitialized":true},"t":{},"vendureRequestContext":{"_apiType":"admin","_languageCode":"en","_currencyCode":"USD","_isAuthorized":true,"_authorizedAsOwnerOnly":false},"vendureRequestContextMap":{},"app":{"_eventsCount":1,"mountpath":"/"},"header":{},"get":{},"accepts":{},"acceptsEncodings":{},"acceptsEncoding":{},"acceptsCharsets":{},"acceptsCharset":{},"acceptsLanguages":{},"acceptsLanguage":{},"range":{},"param":{},"is":{},"protocol":"http","secure":false,"ip":"::1","ips":[],"subdomains":[],"path":"/","hostname":"localhost","fresh":false,"stale":true,"xhr":false,"setTimeout":{},"_read":{},"_destroy":{},"_addHeaderLines":{},"_addHeaderLine":{},"_dump":{},"destroy":{},"_undestroy":{},"push":{},"unshift":{},"isPaused":{},"setEncoding":{},"read":{},"pipe":{},"unpipe":{},"on":{},"addListener":{},"removeListener":{},"off":{},"removeAllListeners":{},"resume":{},"pause":{},"wrap":{},"iterator":{},"map":{},"filter":{},"setMaxListeners":{},"getMaxListeners":{},"emit":{},"prependListener":{},"once":{},"prependOnceListener":{},"listeners":{},"rawListeners":{},"listenerCount":{},"eventNames":{}},"_apiType":"admin","_channel":{"token":"dsluraxzobcpz3sq6y6a","createdAt":"2023-12-13T22:22:12.645Z","updatedAt":"2023-12-13T22:22:15.767Z","code":"__default_channel__","description":"","defaultLanguageCode":"en","availableLanguageCodes":["en"],"defaultCurrencyCode":"USD","availableCurrencyCodes":["USD"],"trackInventory":true,"outOfStockThreshold":0,"pricesIncludeTax":false,"id":1,"sellerId":1,"defaultShippingZone":{"createdAt":"2023-12-13T22:22:13.507Z","updatedAt":"2023-12-13T23:20:31.450Z","name":"Acre","id":2},"defaultTaxZone":{"createdAt":"2023-12-13T22:22:13.507Z","updatedAt":"2023-12-13T23:20:31.450Z","name":"Acre","id":2}},"_session":{"cacheExpiry":1702574458,"id":9,"token":"a73feffe85dc8b566f271ed65fa61988ca03d5cafaeb8fe551490b7e2a5d010c","expires":"2024-12-13T19:05:03.884Z","activeOrderId":null,"activeChannelId":1,"authenticationStrategy":"native","user":{"id":1,"identifier":"superadmin","verified":true,"channelPermissions":[{"id":1,"token":"dsluraxzobcpz3sq6y6a","code":"__default_channel__","permissions":["Authenticated","SuperAdmin","UpdateGlobalSettings","CreateCatalog","ReadCatalog","UpdateCatalog","DeleteCatalog","CreateSettings","ReadSettings","UpdateSettings","DeleteSettings","CreateAdministrator","ReadAdministrator","UpdateAdministrator","DeleteAdministrator","CreateAsset","ReadAsset","UpdateAsset","DeleteAsset","CreateChannel","ReadChannel","UpdateChannel","DeleteChannel","CreateCollection","ReadCollection","UpdateCollection","DeleteCollection","CreateCountry","ReadCountry","UpdateCountry","DeleteCountry","CreateCustomer","ReadCustomer","UpdateCustomer","DeleteCustomer","CreateCustomerGroup","ReadCustomerGroup","UpdateCustomerGroup","DeleteCustomerGroup","CreateFacet","ReadFacet","UpdateFacet","DeleteFacet","CreateOrder","ReadOrder","UpdateOrder","DeleteOrder","CreatePaymentMethod","ReadPaymentMethod","UpdatePaymentMethod","DeletePaymentMethod","CreateProduct","ReadProduct","UpdateProduct","DeleteProduct","CreatePromotion","ReadPromotion","UpdatePromotion","DeletePromotion","CreateShippingMethod","ReadShippingMethod","UpdateShippingMethod","DeleteShippingMethod","CreateTag","ReadTag","UpdateTag","DeleteTag","CreateTaxCategory","ReadTaxCategory","UpdateTaxCategory","DeleteTaxCategory","CreateTaxRate","ReadTaxRate","UpdateTaxRate","DeleteTaxRate","CreateSeller","ReadSeller","UpdateSeller","DeleteSeller","CreateStockLocation","ReadStockLocation","UpdateStockLocation","DeleteStockLocation","CreateSystem","ReadSystem","UpdateSystem","DeleteSystem","CreateZone","ReadZone","UpdateZone","DeleteZone","SetWebhook"]}]}},"_languageCode":"en","_currencyCode":"USD","_isAuthorized":true,"_authorizedAsOwnerOnly":false},"type":"email-verification","recipient":"johndoe123@gmail.com","from":"{{ fromAddress }}","templateVars":{"fromAddress":"\\"example\\" <noreply@example.com>","verifyEmailAddressUrl":"http://localhost:8080/verify","passwordResetUrl":"http://localhost:8080/password-reset","changeEmailAddressUrl":"http://localhost:8080/verify-email-address-change","verificationToken":"MjAyMy0xMi0xNFQxNzoxNjo1NS42ODVa_JHE5EZAJNJXJM6R1"},"subject":"Please verify your email address","templateFile":"body.hbs","attachments":[]}	COMPLETED	100	true	\N	2023-12-14 17:16:55.834	2023-12-14 17:16:55.913	t	5	1	20
2023-12-14 17:33:24.932977	2023-12-14 17:33:25.204933	send-email	{"ctx":{"_req":{"_readableState":{"objectMode":false,"highWaterMark":16384,"length":0,"pipes":[],"flowing":true,"ended":true,"endEmitted":true,"reading":false,"constructed":true,"sync":false,"needReadable":false,"emittedReadable":false,"readableListening":false,"resumeScheduled":false,"errorEmitted":false,"emitClose":true,"autoDestroy":true,"destroyed":true,"errored":null,"closed":true,"closeEmitted":true,"defaultEncoding":"utf8","awaitDrainWriters":null,"multiAwaitDrain":false,"readingMore":false,"dataEmitted":true,"decoder":null,"encoding":null},"_events":{},"_eventsCount":1,"socket":{"connecting":false,"_hadError":false,"_parent":null,"_host":null,"_eventsCount":8,"allowHalfOpen":true,"_sockname":null,"_pendingData":null,"_pendingEncoding":"","_paused":false,"bytesRead":2801,"remoteAddress":"::1","remoteFamily":"IPv6","remotePort":36200,"localAddress":"::1","localPort":3000,"_bytesDispatched":0,"bytesWritten":0},"httpVersionMajor":1,"httpVersionMinor":1,"httpVersion":"1.1","complete":true,"rawHeaders":["Host","localhost:3000","Connection","keep-alive","Content-Length","1058","sec-ch-ua","\\"Not_A Brand\\";v=\\"8\\", \\"Chromium\\";v=\\"120\\", \\"Google Chrome\\";v=\\"120\\"","sec-ch-ua-mobile","?0","User-Agent","Mozilla/5.0 (Windows NT 10.0; Win64; x64) AppleWebKit/537.36 (KHTML, like Gecko) Chrome/120.0.0.0 Safari/537.36","content-type","application/json","accept","*/*","apollo-require-preflight","true","vendure-token","dsluraxzobcpz3sq6y6a","sec-ch-ua-platform","\\"Windows\\"","Origin","http://localhost:3000","Sec-Fetch-Site","same-origin","Sec-Fetch-Mode","cors","Sec-Fetch-Dest","empty","Referer","http://localhost:3000/admin/customer/customers/create","Accept-Encoding","gzip, deflate, br","Accept-Language","en-US,en;q=0.9,vi;q=0.8","Cookie","_ga=GA1.1.2120935562.1701694835; _rdt_uuid=1701694835010.2fd606ab-980c-4c30-b56a-deeb6efe066d; _tt_enable_cookie=1; _ttp=jOnM9JZRIJRlxlkW-h6aqAGW8rT; _ga_MQS9DFH40V=GS1.1.1701700431.2.1.1701700992.60.0.0; _ga_MZBXX3HP5Q=GS1.1.1701700431.2.1.1701702727.60.0.0; _zammad_session_ab83095ff03=36310a4adb9d0bae90ab6a8dd9c27f6c; __client_uat=0; _zammad_session_a138cfd0f37=d426f49233439045c773a0d68e71858d; __clerk_db_jwt=eyJhbGciOiJSUzI1NiIsInR5cCI6IkpXVCJ9.eyJkZXYiOiJkdmJfMlpHNUE5UU5mYnRTYWZFbmY5QXRVSlpKcklwIn0.apNO5VdJe87BMa7oKgfGQbKcdPVzN_q6qZwEA0qoEwUZ12BMjIZ55OSKkg2_TUFxvtJxXglHI0uMuPf0Yzn14QglNZBbm02Vutn_bj9uIlah6_DsEufmyqNu4WI0eWEwUfU0pEosjHTm8V6UbSHStblZfivN7shAGeirFM9kO4POj6pb-lI05s-ChP0UIQyAhFLy-ValMSDP5u6d-XoW8A5h8DhfDrA6513U-k1863s3PKKNA6T1MTmdbdDp8wP04NqPjQVqvJ8qfd5nt99kRReWO_yGTN03QBjnoNicEgsnOO_Qvbb1cE7GsUkrDUKtaT_BSUQMSZZaT1a_MTTSdg; session=eyJ0b2tlbiI6ImE3M2ZlZmZlODVkYzhiNTY2ZjI3MWVkNjVmYTYxOTg4Y2EwM2Q1Y2FmYWViOGZlNTUxNDkwYjdlMmE1ZDAxMGMifQ==; session.sig=FHD0sBC-DE35RFgnslZeY9cSDvY"],"rawTrailers":[],"aborted":false,"upgrade":false,"url":"/?languageCode=en","method":"POST","statusCode":null,"statusMessage":null,"client":{"connecting":false,"_hadError":false,"_parent":null,"_host":null,"_eventsCount":8,"allowHalfOpen":true,"_pendingData":null,"_pendingEncoding":"","_paused":false,"bytesRead":2801,"remoteAddress":"::1","remoteFamily":"IPv6","remotePort":36200,"localAddress":"::1","localPort":3000,"_bytesDispatched":0,"bytesWritten":0},"_consuming":true,"_dumped":false,"next":{},"baseUrl":"/admin-api","originalUrl":"/admin-api?languageCode=en","_parsedUrl":{"protocol":null,"slashes":null,"auth":null,"host":null,"port":null,"hostname":null,"hash":null,"search":"?languageCode=en","query":"languageCode=en","pathname":"/admin-api","path":"/admin-api?languageCode=en","href":"/admin-api?languageCode=en","_raw":"/admin-api?languageCode=en"},"params":{},"query":{"languageCode":"en"},"res":{"_eventsCount":1,"outputData":[],"outputSize":0,"writable":true,"destroyed":false,"_last":false,"chunkedEncoding":false,"shouldKeepAlive":true,"maxRequestsOnConnectionReached":false,"_defaultKeepAlive":true,"useChunkedEncodingByDefault":true,"sendDate":true,"_removedConnection":false,"_removedContLen":false,"_removedTE":false,"_contentLength":null,"_hasBody":true,"_trailer":"","finished":false,"_headerSent":false,"_closed":false,"_header":null,"_keepAliveTimeout":5000,"_sent100":false,"_expect_continue":false,"statusCode":200,"headersSent":false},"sessionOptions":{"secret":"quzl8ee49x","httpOnly":true,"sameSite":"lax","overwrite":true,"signed":true},"session":{"token":"a73feffe85dc8b566f271ed65fa61988ca03d5cafaeb8fe551490b7e2a5d010c"},"body":{"operationName":"CreateCustomer","query":"mutation CreateCustomer($input: CreateCustomerInput!, $password: String) {\\n  createCustomer(input: $input, password: $password) {\\n    ...Customer\\n    ...ErrorResult\\n    __typename\\n  }\\n}\\n\\nfragment Customer on Customer {\\n  id\\n  createdAt\\n  updatedAt\\n  title\\n  firstName\\n  lastName\\n  phoneNumber\\n  emailAddress\\n  user {\\n    id\\n    identifier\\n    verified\\n    lastLogin\\n    __typename\\n  }\\n  addresses {\\n    ...Address\\n    __typename\\n  }\\n  __typename\\n}\\n\\nfragment Address on Address {\\n  id\\n  createdAt\\n  updatedAt\\n  fullName\\n  company\\n  streetLine1\\n  streetLine2\\n  city\\n  province\\n  postalCode\\n  country {\\n    id\\n    code\\n    name\\n    __typename\\n  }\\n  phoneNumber\\n  defaultShippingAddress\\n  defaultBillingAddress\\n  __typename\\n}\\n\\nfragment ErrorResult on ErrorResult {\\n  errorCode\\n  message\\n  __typename\\n}"},"_body":true,"i18nextLookupName":"querystring","lng":"en","locale":"en","language":"en","languages":["en"],"i18n":{"language":"en","languages":["en"],"resolvedLanguage":"en","isInitialized":true},"t":{},"vendureRequestContext":{"_apiType":"admin","_languageCode":"en","_currencyCode":"USD","_isAuthorized":true,"_authorizedAsOwnerOnly":false},"vendureRequestContextMap":{},"app":{"_eventsCount":1,"mountpath":"/"},"header":{},"get":{},"accepts":{},"acceptsEncodings":{},"acceptsEncoding":{},"acceptsCharsets":{},"acceptsCharset":{},"acceptsLanguages":{},"acceptsLanguage":{},"range":{},"param":{},"is":{},"protocol":"http","secure":false,"ip":"::1","ips":[],"subdomains":[],"path":"/","hostname":"localhost","fresh":false,"stale":true,"xhr":false,"setTimeout":{},"_read":{},"_destroy":{},"_addHeaderLines":{},"_addHeaderLine":{},"_dump":{},"destroy":{},"_undestroy":{},"push":{},"unshift":{},"isPaused":{},"setEncoding":{},"read":{},"pipe":{},"unpipe":{},"on":{},"addListener":{},"removeListener":{},"off":{},"removeAllListeners":{},"resume":{},"pause":{},"wrap":{},"iterator":{},"map":{},"filter":{},"setMaxListeners":{},"getMaxListeners":{},"emit":{},"prependListener":{},"once":{},"prependOnceListener":{},"listeners":{},"rawListeners":{},"listenerCount":{},"eventNames":{}},"_apiType":"admin","_channel":{"token":"dsluraxzobcpz3sq6y6a","createdAt":"2023-12-13T22:22:12.645Z","updatedAt":"2023-12-13T22:22:15.767Z","code":"__default_channel__","description":"","defaultLanguageCode":"en","availableLanguageCodes":["en"],"defaultCurrencyCode":"USD","availableCurrencyCodes":["USD"],"trackInventory":true,"outOfStockThreshold":0,"pricesIncludeTax":false,"id":1,"sellerId":1,"defaultShippingZone":{"createdAt":"2023-12-13T22:22:13.507Z","updatedAt":"2023-12-13T23:20:31.450Z","name":"Acre","id":2},"defaultTaxZone":{"createdAt":"2023-12-13T22:22:13.507Z","updatedAt":"2023-12-13T23:20:31.450Z","name":"Acre","id":2}},"_session":{"cacheExpiry":1702575283,"id":9,"token":"a73feffe85dc8b566f271ed65fa61988ca03d5cafaeb8fe551490b7e2a5d010c","expires":"2024-12-13T19:05:03.884Z","activeOrderId":null,"activeChannelId":1,"authenticationStrategy":"native","user":{"id":1,"identifier":"superadmin","verified":true,"channelPermissions":[{"id":1,"token":"dsluraxzobcpz3sq6y6a","code":"__default_channel__","permissions":["Authenticated","SuperAdmin","UpdateGlobalSettings","CreateCatalog","ReadCatalog","UpdateCatalog","DeleteCatalog","CreateSettings","ReadSettings","UpdateSettings","DeleteSettings","CreateAdministrator","ReadAdministrator","UpdateAdministrator","DeleteAdministrator","CreateAsset","ReadAsset","UpdateAsset","DeleteAsset","CreateChannel","ReadChannel","UpdateChannel","DeleteChannel","CreateCollection","ReadCollection","UpdateCollection","DeleteCollection","CreateCountry","ReadCountry","UpdateCountry","DeleteCountry","CreateCustomer","ReadCustomer","UpdateCustomer","DeleteCustomer","CreateCustomerGroup","ReadCustomerGroup","UpdateCustomerGroup","DeleteCustomerGroup","CreateFacet","ReadFacet","UpdateFacet","DeleteFacet","CreateOrder","ReadOrder","UpdateOrder","DeleteOrder","CreatePaymentMethod","ReadPaymentMethod","UpdatePaymentMethod","DeletePaymentMethod","CreateProduct","ReadProduct","UpdateProduct","DeleteProduct","CreatePromotion","ReadPromotion","UpdatePromotion","DeletePromotion","CreateShippingMethod","ReadShippingMethod","UpdateShippingMethod","DeleteShippingMethod","CreateTag","ReadTag","UpdateTag","DeleteTag","CreateTaxCategory","ReadTaxCategory","UpdateTaxCategory","DeleteTaxCategory","CreateTaxRate","ReadTaxRate","UpdateTaxRate","DeleteTaxRate","CreateSeller","ReadSeller","UpdateSeller","DeleteSeller","CreateStockLocation","ReadStockLocation","UpdateStockLocation","DeleteStockLocation","CreateSystem","ReadSystem","UpdateSystem","DeleteSystem","CreateZone","ReadZone","UpdateZone","DeleteZone","SetWebhook"]}]}},"_languageCode":"en","_currencyCode":"USD","_isAuthorized":true,"_authorizedAsOwnerOnly":false},"type":"email-verification","recipient":"johndoe456@gmail.com","from":"{{ fromAddress }}","templateVars":{"fromAddress":"\\"example\\" <noreply@example.com>","verifyEmailAddressUrl":"http://localhost:8080/verify","passwordResetUrl":"http://localhost:8080/password-reset","changeEmailAddressUrl":"http://localhost:8080/verify-email-address-change","verificationToken":"MjAyMy0xMi0xNFQxNzozMzoyNC44NzZa_HJ3N528TDSXUYRSL"},"subject":"Please verify your email address","templateFile":"body.hbs","attachments":[]}	COMPLETED	100	true	\N	2023-12-14 17:33:25.113	2023-12-14 17:33:25.201	t	5	1	22
2023-12-14 17:24:59.390445	2023-12-14 17:24:59.560549	send-email	{"ctx":{"_req":{"_readableState":{"objectMode":false,"highWaterMark":16384,"length":0,"pipes":[],"flowing":true,"ended":true,"endEmitted":true,"reading":false,"constructed":true,"sync":false,"needReadable":false,"emittedReadable":false,"readableListening":false,"resumeScheduled":false,"errorEmitted":false,"emitClose":true,"autoDestroy":true,"destroyed":true,"errored":null,"closed":true,"closeEmitted":true,"defaultEncoding":"utf8","awaitDrainWriters":null,"multiAwaitDrain":false,"readingMore":false,"dataEmitted":true,"decoder":null,"encoding":null},"_events":{},"_eventsCount":1,"socket":{"connecting":false,"_hadError":false,"_parent":null,"_host":null,"_eventsCount":8,"allowHalfOpen":true,"_sockname":null,"_pendingData":null,"_pendingEncoding":"","_paused":false,"bytesRead":2801,"remoteAddress":"::1","remoteFamily":"IPv6","remotePort":57132,"localAddress":"::1","localPort":3000,"_bytesDispatched":0,"bytesWritten":0},"httpVersionMajor":1,"httpVersionMinor":1,"httpVersion":"1.1","complete":true,"rawHeaders":["Host","localhost:3000","Connection","keep-alive","Content-Length","1058","sec-ch-ua","\\"Not_A Brand\\";v=\\"8\\", \\"Chromium\\";v=\\"120\\", \\"Google Chrome\\";v=\\"120\\"","sec-ch-ua-mobile","?0","User-Agent","Mozilla/5.0 (Windows NT 10.0; Win64; x64) AppleWebKit/537.36 (KHTML, like Gecko) Chrome/120.0.0.0 Safari/537.36","content-type","application/json","accept","*/*","apollo-require-preflight","true","vendure-token","dsluraxzobcpz3sq6y6a","sec-ch-ua-platform","\\"Windows\\"","Origin","http://localhost:3000","Sec-Fetch-Site","same-origin","Sec-Fetch-Mode","cors","Sec-Fetch-Dest","empty","Referer","http://localhost:3000/admin/customer/customers/create","Accept-Encoding","gzip, deflate, br","Accept-Language","en-US,en;q=0.9,vi;q=0.8","Cookie","_ga=GA1.1.2120935562.1701694835; _rdt_uuid=1701694835010.2fd606ab-980c-4c30-b56a-deeb6efe066d; _tt_enable_cookie=1; _ttp=jOnM9JZRIJRlxlkW-h6aqAGW8rT; _ga_MQS9DFH40V=GS1.1.1701700431.2.1.1701700992.60.0.0; _ga_MZBXX3HP5Q=GS1.1.1701700431.2.1.1701702727.60.0.0; _zammad_session_ab83095ff03=36310a4adb9d0bae90ab6a8dd9c27f6c; __client_uat=0; _zammad_session_a138cfd0f37=d426f49233439045c773a0d68e71858d; __clerk_db_jwt=eyJhbGciOiJSUzI1NiIsInR5cCI6IkpXVCJ9.eyJkZXYiOiJkdmJfMlpHNUE5UU5mYnRTYWZFbmY5QXRVSlpKcklwIn0.apNO5VdJe87BMa7oKgfGQbKcdPVzN_q6qZwEA0qoEwUZ12BMjIZ55OSKkg2_TUFxvtJxXglHI0uMuPf0Yzn14QglNZBbm02Vutn_bj9uIlah6_DsEufmyqNu4WI0eWEwUfU0pEosjHTm8V6UbSHStblZfivN7shAGeirFM9kO4POj6pb-lI05s-ChP0UIQyAhFLy-ValMSDP5u6d-XoW8A5h8DhfDrA6513U-k1863s3PKKNA6T1MTmdbdDp8wP04NqPjQVqvJ8qfd5nt99kRReWO_yGTN03QBjnoNicEgsnOO_Qvbb1cE7GsUkrDUKtaT_BSUQMSZZaT1a_MTTSdg; session=eyJ0b2tlbiI6ImE3M2ZlZmZlODVkYzhiNTY2ZjI3MWVkNjVmYTYxOTg4Y2EwM2Q1Y2FmYWViOGZlNTUxNDkwYjdlMmE1ZDAxMGMifQ==; session.sig=FHD0sBC-DE35RFgnslZeY9cSDvY"],"rawTrailers":[],"aborted":false,"upgrade":false,"url":"/?languageCode=en","method":"POST","statusCode":null,"statusMessage":null,"client":{"connecting":false,"_hadError":false,"_parent":null,"_host":null,"_eventsCount":8,"allowHalfOpen":true,"_pendingData":null,"_pendingEncoding":"","_paused":false,"bytesRead":2801,"remoteAddress":"::1","remoteFamily":"IPv6","remotePort":57132,"localAddress":"::1","localPort":3000,"_bytesDispatched":0,"bytesWritten":0},"_consuming":true,"_dumped":false,"next":{},"baseUrl":"/admin-api","originalUrl":"/admin-api?languageCode=en","_parsedUrl":{"protocol":null,"slashes":null,"auth":null,"host":null,"port":null,"hostname":null,"hash":null,"search":"?languageCode=en","query":"languageCode=en","pathname":"/admin-api","path":"/admin-api?languageCode=en","href":"/admin-api?languageCode=en","_raw":"/admin-api?languageCode=en"},"params":{},"query":{"languageCode":"en"},"res":{"_eventsCount":1,"outputData":[],"outputSize":0,"writable":true,"destroyed":false,"_last":false,"chunkedEncoding":false,"shouldKeepAlive":true,"maxRequestsOnConnectionReached":false,"_defaultKeepAlive":true,"useChunkedEncodingByDefault":true,"sendDate":true,"_removedConnection":false,"_removedContLen":false,"_removedTE":false,"_contentLength":null,"_hasBody":true,"_trailer":"","finished":false,"_headerSent":false,"_closed":false,"_header":null,"_keepAliveTimeout":5000,"_sent100":false,"_expect_continue":false,"statusCode":200,"headersSent":false},"sessionOptions":{"secret":"quzl8ee49x","httpOnly":true,"sameSite":"lax","overwrite":true,"signed":true},"session":{"token":"a73feffe85dc8b566f271ed65fa61988ca03d5cafaeb8fe551490b7e2a5d010c"},"body":{"operationName":"CreateCustomer","query":"mutation CreateCustomer($input: CreateCustomerInput!, $password: String) {\\n  createCustomer(input: $input, password: $password) {\\n    ...Customer\\n    ...ErrorResult\\n    __typename\\n  }\\n}\\n\\nfragment Customer on Customer {\\n  id\\n  createdAt\\n  updatedAt\\n  title\\n  firstName\\n  lastName\\n  phoneNumber\\n  emailAddress\\n  user {\\n    id\\n    identifier\\n    verified\\n    lastLogin\\n    __typename\\n  }\\n  addresses {\\n    ...Address\\n    __typename\\n  }\\n  __typename\\n}\\n\\nfragment Address on Address {\\n  id\\n  createdAt\\n  updatedAt\\n  fullName\\n  company\\n  streetLine1\\n  streetLine2\\n  city\\n  province\\n  postalCode\\n  country {\\n    id\\n    code\\n    name\\n    __typename\\n  }\\n  phoneNumber\\n  defaultShippingAddress\\n  defaultBillingAddress\\n  __typename\\n}\\n\\nfragment ErrorResult on ErrorResult {\\n  errorCode\\n  message\\n  __typename\\n}"},"_body":true,"i18nextLookupName":"querystring","lng":"en","locale":"en","language":"en","languages":["en"],"i18n":{"language":"en","languages":["en"],"resolvedLanguage":"en","isInitialized":true},"t":{},"vendureRequestContext":{"_apiType":"admin","_languageCode":"en","_currencyCode":"USD","_isAuthorized":true,"_authorizedAsOwnerOnly":false},"vendureRequestContextMap":{},"app":{"_eventsCount":1,"mountpath":"/"},"header":{},"get":{},"accepts":{},"acceptsEncodings":{},"acceptsEncoding":{},"acceptsCharsets":{},"acceptsCharset":{},"acceptsLanguages":{},"acceptsLanguage":{},"range":{},"param":{},"is":{},"protocol":"http","secure":false,"ip":"::1","ips":[],"subdomains":[],"path":"/","hostname":"localhost","fresh":false,"stale":true,"xhr":false,"setTimeout":{},"_read":{},"_destroy":{},"_addHeaderLines":{},"_addHeaderLine":{},"_dump":{},"destroy":{},"_undestroy":{},"push":{},"unshift":{},"isPaused":{},"setEncoding":{},"read":{},"pipe":{},"unpipe":{},"on":{},"addListener":{},"removeListener":{},"off":{},"removeAllListeners":{},"resume":{},"pause":{},"wrap":{},"iterator":{},"map":{},"filter":{},"setMaxListeners":{},"getMaxListeners":{},"emit":{},"prependListener":{},"once":{},"prependOnceListener":{},"listeners":{},"rawListeners":{},"listenerCount":{},"eventNames":{}},"_apiType":"admin","_channel":{"token":"dsluraxzobcpz3sq6y6a","createdAt":"2023-12-13T22:22:12.645Z","updatedAt":"2023-12-13T22:22:15.767Z","code":"__default_channel__","description":"","defaultLanguageCode":"en","availableLanguageCodes":["en"],"defaultCurrencyCode":"USD","availableCurrencyCodes":["USD"],"trackInventory":true,"outOfStockThreshold":0,"pricesIncludeTax":false,"id":1,"sellerId":1,"defaultShippingZone":{"createdAt":"2023-12-13T22:22:13.507Z","updatedAt":"2023-12-13T23:20:31.450Z","name":"Acre","id":2},"defaultTaxZone":{"createdAt":"2023-12-13T22:22:13.507Z","updatedAt":"2023-12-13T23:20:31.450Z","name":"Acre","id":2}},"_session":{"cacheExpiry":1702574954,"id":9,"token":"a73feffe85dc8b566f271ed65fa61988ca03d5cafaeb8fe551490b7e2a5d010c","expires":"2024-12-13T19:05:03.884Z","activeOrderId":null,"activeChannelId":1,"authenticationStrategy":"native","user":{"id":1,"identifier":"superadmin","verified":true,"channelPermissions":[{"id":1,"token":"dsluraxzobcpz3sq6y6a","code":"__default_channel__","permissions":["Authenticated","SuperAdmin","UpdateGlobalSettings","CreateCatalog","ReadCatalog","UpdateCatalog","DeleteCatalog","CreateSettings","ReadSettings","UpdateSettings","DeleteSettings","CreateAdministrator","ReadAdministrator","UpdateAdministrator","DeleteAdministrator","CreateAsset","ReadAsset","UpdateAsset","DeleteAsset","CreateChannel","ReadChannel","UpdateChannel","DeleteChannel","CreateCollection","ReadCollection","UpdateCollection","DeleteCollection","CreateCountry","ReadCountry","UpdateCountry","DeleteCountry","CreateCustomer","ReadCustomer","UpdateCustomer","DeleteCustomer","CreateCustomerGroup","ReadCustomerGroup","UpdateCustomerGroup","DeleteCustomerGroup","CreateFacet","ReadFacet","UpdateFacet","DeleteFacet","CreateOrder","ReadOrder","UpdateOrder","DeleteOrder","CreatePaymentMethod","ReadPaymentMethod","UpdatePaymentMethod","DeletePaymentMethod","CreateProduct","ReadProduct","UpdateProduct","DeleteProduct","CreatePromotion","ReadPromotion","UpdatePromotion","DeletePromotion","CreateShippingMethod","ReadShippingMethod","UpdateShippingMethod","DeleteShippingMethod","CreateTag","ReadTag","UpdateTag","DeleteTag","CreateTaxCategory","ReadTaxCategory","UpdateTaxCategory","DeleteTaxCategory","CreateTaxRate","ReadTaxRate","UpdateTaxRate","DeleteTaxRate","CreateSeller","ReadSeller","UpdateSeller","DeleteSeller","CreateStockLocation","ReadStockLocation","UpdateStockLocation","DeleteStockLocation","CreateSystem","ReadSystem","UpdateSystem","DeleteSystem","CreateZone","ReadZone","UpdateZone","DeleteZone","SetWebhook"]}]}},"_languageCode":"en","_currencyCode":"USD","_isAuthorized":true,"_authorizedAsOwnerOnly":false},"type":"email-verification","recipient":"johndoe234@gmail.com","from":"{{ fromAddress }}","templateVars":{"fromAddress":"\\"example\\" <noreply@example.com>","verifyEmailAddressUrl":"http://localhost:8080/verify","passwordResetUrl":"http://localhost:8080/password-reset","changeEmailAddressUrl":"http://localhost:8080/verify-email-address-change","verificationToken":"MjAyMy0xMi0xNFQxNzoyNDo1OS4zMjRa_5SZVLBEQ1G7T4MW4"},"subject":"Please verify your email address","templateFile":"body.hbs","attachments":[]}	COMPLETED	100	true	\N	2023-12-14 17:24:59.477	2023-12-14 17:24:59.559	t	5	1	21
2023-12-15 19:49:05.12988	2023-12-15 19:49:05.429257	send-email	{"ctx":{"_req":{"_readableState":{"objectMode":false,"highWaterMark":16384,"length":0,"pipes":[],"flowing":true,"ended":true,"endEmitted":true,"reading":false,"constructed":true,"sync":false,"needReadable":false,"emittedReadable":false,"readableListening":false,"resumeScheduled":false,"errorEmitted":false,"emitClose":true,"autoDestroy":true,"destroyed":true,"errored":null,"closed":true,"closeEmitted":true,"defaultEncoding":"utf8","awaitDrainWriters":null,"multiAwaitDrain":false,"readingMore":false,"dataEmitted":true,"decoder":null,"encoding":null},"_events":{},"_eventsCount":1,"socket":{"connecting":false,"_hadError":false,"_parent":null,"_host":null,"_eventsCount":8,"allowHalfOpen":true,"_sockname":null,"_pendingData":null,"_pendingEncoding":"","_paused":false,"bytesRead":2803,"remoteAddress":"::1","remoteFamily":"IPv6","remotePort":60626,"localAddress":"::1","localPort":3000,"_bytesDispatched":0,"bytesWritten":0},"httpVersionMajor":1,"httpVersionMinor":1,"httpVersion":"1.1","complete":true,"rawHeaders":["Host","localhost:3000","Connection","keep-alive","Content-Length","1060","sec-ch-ua","\\"Not_A Brand\\";v=\\"8\\", \\"Chromium\\";v=\\"120\\", \\"Google Chrome\\";v=\\"120\\"","sec-ch-ua-mobile","?0","User-Agent","Mozilla/5.0 (Windows NT 10.0; Win64; x64) AppleWebKit/537.36 (KHTML, like Gecko) Chrome/120.0.0.0 Safari/537.36","content-type","application/json","accept","*/*","apollo-require-preflight","true","vendure-token","dsluraxzobcpz3sq6y6a","sec-ch-ua-platform","\\"Windows\\"","Origin","http://localhost:3000","Sec-Fetch-Site","same-origin","Sec-Fetch-Mode","cors","Sec-Fetch-Dest","empty","Referer","http://localhost:3000/admin/customer/customers/create","Accept-Encoding","gzip, deflate, br","Accept-Language","en-US,en;q=0.9,vi;q=0.8","Cookie","_ga=GA1.1.2120935562.1701694835; _rdt_uuid=1701694835010.2fd606ab-980c-4c30-b56a-deeb6efe066d; _tt_enable_cookie=1; _ttp=jOnM9JZRIJRlxlkW-h6aqAGW8rT; _ga_MQS9DFH40V=GS1.1.1701700431.2.1.1701700992.60.0.0; _ga_MZBXX3HP5Q=GS1.1.1701700431.2.1.1701702727.60.0.0; _zammad_session_ab83095ff03=36310a4adb9d0bae90ab6a8dd9c27f6c; __client_uat=0; _zammad_session_a138cfd0f37=d426f49233439045c773a0d68e71858d; __clerk_db_jwt=eyJhbGciOiJSUzI1NiIsInR5cCI6IkpXVCJ9.eyJkZXYiOiJkdmJfMlpHNUE5UU5mYnRTYWZFbmY5QXRVSlpKcklwIn0.apNO5VdJe87BMa7oKgfGQbKcdPVzN_q6qZwEA0qoEwUZ12BMjIZ55OSKkg2_TUFxvtJxXglHI0uMuPf0Yzn14QglNZBbm02Vutn_bj9uIlah6_DsEufmyqNu4WI0eWEwUfU0pEosjHTm8V6UbSHStblZfivN7shAGeirFM9kO4POj6pb-lI05s-ChP0UIQyAhFLy-ValMSDP5u6d-XoW8A5h8DhfDrA6513U-k1863s3PKKNA6T1MTmdbdDp8wP04NqPjQVqvJ8qfd5nt99kRReWO_yGTN03QBjnoNicEgsnOO_Qvbb1cE7GsUkrDUKtaT_BSUQMSZZaT1a_MTTSdg; session=eyJ0b2tlbiI6Ijc1OTY1OTk2YWU5MzUxZThiYzkxNDY1ZmE4MDNiYmFkODJhY2M3NjRmMWFlNmRlODBmMzJhNTk2ZjRlNDk0ZWMifQ==; session.sig=3zD-IfTH8UEA-25FjeJMdSSNttA"],"rawTrailers":[],"aborted":false,"upgrade":false,"url":"/?languageCode=en","method":"POST","statusCode":null,"statusMessage":null,"client":{"connecting":false,"_hadError":false,"_parent":null,"_host":null,"_eventsCount":8,"allowHalfOpen":true,"_pendingData":null,"_pendingEncoding":"","_paused":false,"bytesRead":2803,"remoteAddress":"::1","remoteFamily":"IPv6","remotePort":60626,"localAddress":"::1","localPort":3000,"_bytesDispatched":0,"bytesWritten":0},"_consuming":true,"_dumped":false,"next":{},"baseUrl":"/admin-api","originalUrl":"/admin-api?languageCode=en","_parsedUrl":{"protocol":null,"slashes":null,"auth":null,"host":null,"port":null,"hostname":null,"hash":null,"search":"?languageCode=en","query":"languageCode=en","pathname":"/admin-api","path":"/admin-api?languageCode=en","href":"/admin-api?languageCode=en","_raw":"/admin-api?languageCode=en"},"params":{},"query":{"languageCode":"en"},"res":{"_eventsCount":1,"outputData":[],"outputSize":0,"writable":true,"destroyed":false,"_last":false,"chunkedEncoding":false,"shouldKeepAlive":true,"maxRequestsOnConnectionReached":false,"_defaultKeepAlive":true,"useChunkedEncodingByDefault":true,"sendDate":true,"_removedConnection":false,"_removedContLen":false,"_removedTE":false,"_contentLength":null,"_hasBody":true,"_trailer":"","finished":false,"_headerSent":false,"_closed":false,"_header":null,"_keepAliveTimeout":5000,"_sent100":false,"_expect_continue":false,"statusCode":200,"headersSent":false},"sessionOptions":{"secret":"quzl8ee49x","httpOnly":true,"sameSite":"lax","overwrite":true,"signed":true},"session":{"token":"75965996ae9351e8bc91465fa803bbad82acc764f1ae6de80f32a596f4e494ec"},"body":{"operationName":"CreateCustomer","query":"mutation CreateCustomer($input: CreateCustomerInput!, $password: String) {\\n  createCustomer(input: $input, password: $password) {\\n    ...Customer\\n    ...ErrorResult\\n    __typename\\n  }\\n}\\n\\nfragment Customer on Customer {\\n  id\\n  createdAt\\n  updatedAt\\n  title\\n  firstName\\n  lastName\\n  phoneNumber\\n  emailAddress\\n  user {\\n    id\\n    identifier\\n    verified\\n    lastLogin\\n    __typename\\n  }\\n  addresses {\\n    ...Address\\n    __typename\\n  }\\n  __typename\\n}\\n\\nfragment Address on Address {\\n  id\\n  createdAt\\n  updatedAt\\n  fullName\\n  company\\n  streetLine1\\n  streetLine2\\n  city\\n  province\\n  postalCode\\n  country {\\n    id\\n    code\\n    name\\n    __typename\\n  }\\n  phoneNumber\\n  defaultShippingAddress\\n  defaultBillingAddress\\n  __typename\\n}\\n\\nfragment ErrorResult on ErrorResult {\\n  errorCode\\n  message\\n  __typename\\n}"},"_body":true,"i18nextLookupName":"querystring","lng":"en","locale":"en","language":"en","languages":["en"],"i18n":{"language":"en","languages":["en"],"resolvedLanguage":"en","isInitialized":true},"t":{},"vendureRequestContext":{"_apiType":"admin","_languageCode":"en","_currencyCode":"USD","_isAuthorized":true,"_authorizedAsOwnerOnly":false},"vendureRequestContextMap":{},"app":{"_eventsCount":1,"mountpath":"/"},"header":{},"get":{},"accepts":{},"acceptsEncodings":{},"acceptsEncoding":{},"acceptsCharsets":{},"acceptsCharset":{},"acceptsLanguages":{},"acceptsLanguage":{},"range":{},"param":{},"is":{},"protocol":"http","secure":false,"ip":"::1","ips":[],"subdomains":[],"path":"/","hostname":"localhost","fresh":false,"stale":true,"xhr":false,"setTimeout":{},"_read":{},"_destroy":{},"_addHeaderLines":{},"_addHeaderLine":{},"_dump":{},"destroy":{},"_undestroy":{},"push":{},"unshift":{},"isPaused":{},"setEncoding":{},"read":{},"pipe":{},"unpipe":{},"on":{},"addListener":{},"removeListener":{},"off":{},"removeAllListeners":{},"resume":{},"pause":{},"wrap":{},"iterator":{},"map":{},"filter":{},"setMaxListeners":{},"getMaxListeners":{},"emit":{},"prependListener":{},"once":{},"prependOnceListener":{},"listeners":{},"rawListeners":{},"listenerCount":{},"eventNames":{}},"_apiType":"admin","_channel":{"token":"dsluraxzobcpz3sq6y6a","createdAt":"2023-12-13T22:22:12.645Z","updatedAt":"2023-12-15T17:45:58.856Z","code":"__default_channel__","description":"","defaultLanguageCode":"en","availableLanguageCodes":["pt_BR"],"defaultCurrencyCode":"USD","availableCurrencyCodes":["BRL","USD"],"trackInventory":true,"outOfStockThreshold":0,"pricesIncludeTax":false,"id":1,"sellerId":1,"defaultShippingZone":{"createdAt":"2023-12-13T22:22:13.507Z","updatedAt":"2023-12-13T23:20:31.450Z","name":"Acre","id":2},"defaultTaxZone":{"createdAt":"2023-12-13T22:22:13.507Z","updatedAt":"2023-12-13T23:20:31.450Z","name":"Acre","id":2}},"_session":{"cacheExpiry":1702670019,"id":16,"token":"75965996ae9351e8bc91465fa803bbad82acc764f1ae6de80f32a596f4e494ec","expires":"2024-12-15T01:00:58.850Z","activeOrderId":null,"activeChannelId":1,"authenticationStrategy":"native","user":{"id":1,"identifier":"superadmin","verified":true,"channelPermissions":[{"id":1,"token":"dsluraxzobcpz3sq6y6a","code":"__default_channel__","permissions":["Authenticated","SuperAdmin","UpdateGlobalSettings","CreateCatalog","ReadCatalog","UpdateCatalog","DeleteCatalog","CreateSettings","ReadSettings","UpdateSettings","DeleteSettings","CreateAdministrator","ReadAdministrator","UpdateAdministrator","DeleteAdministrator","CreateAsset","ReadAsset","UpdateAsset","DeleteAsset","CreateChannel","ReadChannel","UpdateChannel","DeleteChannel","CreateCollection","ReadCollection","UpdateCollection","DeleteCollection","CreateCountry","ReadCountry","UpdateCountry","DeleteCountry","CreateCustomer","ReadCustomer","UpdateCustomer","DeleteCustomer","CreateCustomerGroup","ReadCustomerGroup","UpdateCustomerGroup","DeleteCustomerGroup","CreateFacet","ReadFacet","UpdateFacet","DeleteFacet","CreateOrder","ReadOrder","UpdateOrder","DeleteOrder","CreatePaymentMethod","ReadPaymentMethod","UpdatePaymentMethod","DeletePaymentMethod","CreateProduct","ReadProduct","UpdateProduct","DeleteProduct","CreatePromotion","ReadPromotion","UpdatePromotion","DeletePromotion","CreateShippingMethod","ReadShippingMethod","UpdateShippingMethod","DeleteShippingMethod","CreateTag","ReadTag","UpdateTag","DeleteTag","CreateTaxCategory","ReadTaxCategory","UpdateTaxCategory","DeleteTaxCategory","CreateTaxRate","ReadTaxRate","UpdateTaxRate","DeleteTaxRate","CreateSeller","ReadSeller","UpdateSeller","DeleteSeller","CreateStockLocation","ReadStockLocation","UpdateStockLocation","DeleteStockLocation","CreateSystem","ReadSystem","UpdateSystem","DeleteSystem","CreateZone","ReadZone","UpdateZone","DeleteZone","SetWebhook"]}]}},"_languageCode":"en","_currencyCode":"USD","_isAuthorized":true,"_authorizedAsOwnerOnly":false},"type":"email-verification","recipient":"user1@example.com","from":"{{ fromAddress }}","templateVars":{"fromAddress":"\\"example\\" <noreply@example.com>","verifyEmailAddressUrl":"http://localhost:8080/verify","passwordResetUrl":"http://localhost:8080/password-reset","changeEmailAddressUrl":"http://localhost:8080/verify-email-address-change","verificationToken":"MjAyMy0xMi0xNVQxOTo0OTowNS4wODBa_FADLTHDRRDGMLX5L"},"subject":"Please verify your email address","templateFile":"body.hbs","attachments":[]}	COMPLETED	100	true	\N	2023-12-15 19:49:05.34	2023-12-15 19:49:05.427	t	5	1	25
2023-12-21 17:55:15.67371	2023-12-21 17:55:15.864668	send-email	{"ctx":{"_req":{"_readableState":{"objectMode":false,"highWaterMark":16384,"length":0,"pipes":[],"flowing":true,"ended":true,"endEmitted":true,"reading":false,"constructed":true,"sync":false,"needReadable":false,"emittedReadable":false,"readableListening":false,"resumeScheduled":false,"errorEmitted":false,"emitClose":true,"autoDestroy":true,"destroyed":true,"errored":null,"closed":true,"closeEmitted":true,"defaultEncoding":"utf8","awaitDrainWriters":null,"multiAwaitDrain":false,"readingMore":false,"dataEmitted":true,"decoder":null,"encoding":null},"_events":{},"_eventsCount":1,"socket":{"connecting":false,"_hadError":false,"_parent":null,"_host":null,"_eventsCount":8,"allowHalfOpen":true,"_sockname":null,"_pendingData":null,"_pendingEncoding":"","_paused":false,"bytesRead":1756,"remoteAddress":"::ffff:118.70.126.70","remoteFamily":"IPv6","remotePort":55951,"localAddress":"::ffff:65.21.189.93","localPort":3000,"_bytesDispatched":0,"bytesWritten":0},"httpVersionMajor":1,"httpVersionMinor":1,"httpVersion":"1.1","complete":true,"rawHeaders":["Host","65.21.189.93:3000","Connection","keep-alive","Content-Length","1064","accept","*/*","apollo-require-preflight","true","vendure-token","dsluraxzobcpz3sq6y6a","User-Agent","Mozilla/5.0 (Windows NT 10.0; Win64; x64) AppleWebKit/537.36 (KHTML, like Gecko) Chrome/120.0.0.0 Safari/537.36","content-type","application/json","Origin","http://65.21.189.93:3000","Referer","http://65.21.189.93:3000/admin/customer/customers/create","Accept-Encoding","gzip, deflate","Accept-Language","en-US,en;q=0.9,vi;q=0.8","Cookie","session=eyJ0b2tlbiI6Ijc0ZDFhNTg1M2EwM2Q0YTczNmFiYjhiYTNkOTViZmMyM2ZlMTRkZWVhNzc1NThkYTRmN2RkNWZjZGM2NWEzM2EifQ==; session.sig=RfNxb6qOxJ_k-AXSeu0OsR5EQuw"],"rawTrailers":[],"aborted":false,"upgrade":false,"url":"/?languageCode=en","method":"POST","statusCode":null,"statusMessage":null,"client":{"connecting":false,"_hadError":false,"_parent":null,"_host":null,"_eventsCount":8,"allowHalfOpen":true,"_pendingData":null,"_pendingEncoding":"","_paused":false,"bytesRead":1756,"remoteAddress":"::ffff:118.70.126.70","remoteFamily":"IPv6","remotePort":55951,"localAddress":"::ffff:65.21.189.93","localPort":3000,"_bytesDispatched":0,"bytesWritten":0},"_consuming":true,"_dumped":false,"next":{},"baseUrl":"/admin-api","originalUrl":"/admin-api?languageCode=en","_parsedUrl":{"protocol":null,"slashes":null,"auth":null,"host":null,"port":null,"hostname":null,"hash":null,"search":"?languageCode=en","query":"languageCode=en","pathname":"/admin-api","path":"/admin-api?languageCode=en","href":"/admin-api?languageCode=en","_raw":"/admin-api?languageCode=en"},"params":{},"query":{"languageCode":"en"},"res":{"_eventsCount":1,"outputData":[],"outputSize":0,"writable":true,"destroyed":false,"_last":false,"chunkedEncoding":false,"shouldKeepAlive":true,"maxRequestsOnConnectionReached":false,"_defaultKeepAlive":true,"useChunkedEncodingByDefault":true,"sendDate":true,"_removedConnection":false,"_removedContLen":false,"_removedTE":false,"_contentLength":null,"_hasBody":true,"_trailer":"","finished":false,"_headerSent":false,"_closed":false,"_header":null,"_keepAliveTimeout":5000,"_sent100":false,"_expect_continue":false,"statusCode":200,"headersSent":false},"sessionOptions":{"secret":"quzl8ee49x","httpOnly":true,"sameSite":"lax","overwrite":true,"signed":true},"session":{"token":"74d1a5853a03d4a736abb8ba3d95bfc23fe14deea77558da4f7dd5fcdc65a33a"},"body":{"operationName":"CreateCustomer","query":"mutation CreateCustomer($input: CreateCustomerInput!, $password: String) {\\n  createCustomer(input: $input, password: $password) {\\n    ...Customer\\n    ...ErrorResult\\n    __typename\\n  }\\n}\\n\\nfragment Customer on Customer {\\n  id\\n  createdAt\\n  updatedAt\\n  title\\n  firstName\\n  lastName\\n  phoneNumber\\n  emailAddress\\n  user {\\n    id\\n    identifier\\n    verified\\n    lastLogin\\n    __typename\\n  }\\n  addresses {\\n    ...Address\\n    __typename\\n  }\\n  __typename\\n}\\n\\nfragment Address on Address {\\n  id\\n  createdAt\\n  updatedAt\\n  fullName\\n  company\\n  streetLine1\\n  streetLine2\\n  city\\n  province\\n  postalCode\\n  country {\\n    id\\n    code\\n    name\\n    __typename\\n  }\\n  phoneNumber\\n  defaultShippingAddress\\n  defaultBillingAddress\\n  __typename\\n}\\n\\nfragment ErrorResult on ErrorResult {\\n  errorCode\\n  message\\n  __typename\\n}"},"_body":true,"i18nextLookupName":"querystring","lng":"en","locale":"en","language":"en","languages":["en"],"i18n":{"language":"en","languages":["en"],"resolvedLanguage":"en","isInitialized":true},"t":{},"vendureRequestContext":{"_apiType":"admin","_languageCode":"en","_currencyCode":"USD","_isAuthorized":true,"_authorizedAsOwnerOnly":false},"vendureRequestContextMap":{},"app":{"_eventsCount":1,"mountpath":"/"},"header":{},"get":{},"accepts":{},"acceptsEncodings":{},"acceptsEncoding":{},"acceptsCharsets":{},"acceptsCharset":{},"acceptsLanguages":{},"acceptsLanguage":{},"range":{},"param":{},"is":{},"protocol":"http","secure":false,"ip":"::ffff:118.70.126.70","ips":[],"subdomains":[],"path":"/","hostname":"65.21.189.93","fresh":false,"stale":true,"xhr":false,"setTimeout":{},"_read":{},"_destroy":{},"_addHeaderLines":{},"_addHeaderLine":{},"_dump":{},"destroy":{},"_undestroy":{},"push":{},"unshift":{},"isPaused":{},"setEncoding":{},"read":{},"pipe":{},"unpipe":{},"on":{},"addListener":{},"removeListener":{},"off":{},"removeAllListeners":{},"resume":{},"pause":{},"wrap":{},"iterator":{},"map":{},"filter":{},"setMaxListeners":{},"getMaxListeners":{},"emit":{},"prependListener":{},"once":{},"prependOnceListener":{},"listeners":{},"rawListeners":{},"listenerCount":{},"eventNames":{}},"_apiType":"admin","_channel":{"token":"dsluraxzobcpz3sq6y6a","createdAt":"2023-12-13T22:22:12.645Z","updatedAt":"2023-12-15T17:45:58.856Z","code":"__default_channel__","description":"","defaultLanguageCode":"en","availableLanguageCodes":["pt_BR"],"defaultCurrencyCode":"USD","availableCurrencyCodes":["BRL","USD"],"trackInventory":true,"outOfStockThreshold":0,"pricesIncludeTax":false,"id":1,"sellerId":1,"defaultShippingZone":{"createdAt":"2023-12-13T22:22:13.507Z","updatedAt":"2023-12-13T23:20:31.450Z","name":"Acre","id":2},"defaultTaxZone":{"createdAt":"2023-12-13T22:22:13.507Z","updatedAt":"2023-12-13T23:20:31.450Z","name":"Acre","id":2}},"_session":{"cacheExpiry":1703181320,"id":18,"token":"74d1a5853a03d4a736abb8ba3d95bfc23fe14deea77558da4f7dd5fcdc65a33a","expires":"2024-12-19T17:26:53.071Z","activeOrderId":null,"activeChannelId":1,"authenticationStrategy":"native","user":{"id":1,"identifier":"superadmin","verified":true,"channelPermissions":[{"id":1,"token":"dsluraxzobcpz3sq6y6a","code":"__default_channel__","permissions":["Authenticated","SuperAdmin","UpdateGlobalSettings","CreateCatalog","ReadCatalog","UpdateCatalog","DeleteCatalog","CreateSettings","ReadSettings","UpdateSettings","DeleteSettings","CreateAdministrator","ReadAdministrator","UpdateAdministrator","DeleteAdministrator","CreateAsset","ReadAsset","UpdateAsset","DeleteAsset","CreateChannel","ReadChannel","UpdateChannel","DeleteChannel","CreateCollection","ReadCollection","UpdateCollection","DeleteCollection","CreateCountry","ReadCountry","UpdateCountry","DeleteCountry","CreateCustomer","ReadCustomer","UpdateCustomer","DeleteCustomer","CreateCustomerGroup","ReadCustomerGroup","UpdateCustomerGroup","DeleteCustomerGroup","CreateFacet","ReadFacet","UpdateFacet","DeleteFacet","CreateOrder","ReadOrder","UpdateOrder","DeleteOrder","CreatePaymentMethod","ReadPaymentMethod","UpdatePaymentMethod","DeletePaymentMethod","CreateProduct","ReadProduct","UpdateProduct","DeleteProduct","CreatePromotion","ReadPromotion","UpdatePromotion","DeletePromotion","CreateShippingMethod","ReadShippingMethod","UpdateShippingMethod","DeleteShippingMethod","CreateTag","ReadTag","UpdateTag","DeleteTag","CreateTaxCategory","ReadTaxCategory","UpdateTaxCategory","DeleteTaxCategory","CreateTaxRate","ReadTaxRate","UpdateTaxRate","DeleteTaxRate","CreateSeller","ReadSeller","UpdateSeller","DeleteSeller","CreateStockLocation","ReadStockLocation","UpdateStockLocation","DeleteStockLocation","CreateSystem","ReadSystem","UpdateSystem","DeleteSystem","CreateZone","ReadZone","UpdateZone","DeleteZone","SetWebhook"]}]}},"_languageCode":"en","_currencyCode":"USD","_isAuthorized":true,"_authorizedAsOwnerOnly":false},"type":"email-verification","recipient":"user2@example.com","from":"{{ fromAddress }}","templateVars":{"fromAddress":"\\"example\\" <noreply@example.com>","verifyEmailAddressUrl":"http://localhost:8080/verify","passwordResetUrl":"http://localhost:8080/password-reset","changeEmailAddressUrl":"http://localhost:8080/verify-email-address-change","verificationToken":null},"subject":"Please verify your email address","templateFile":"body.hbs","attachments":[]}	COMPLETED	100	true	\N	2023-12-21 17:55:15.778	2023-12-21 17:55:15.862	t	5	1	26
2023-12-15 17:33:45.902496	2023-12-15 17:33:46.644978	update-search-index	{"type":"update-variants-by-id","ctx":{"_req":{"_readableState":{"objectMode":false,"highWaterMark":16384,"length":0,"pipes":[],"flowing":true,"ended":true,"endEmitted":true,"reading":false,"constructed":true,"sync":false,"needReadable":false,"emittedReadable":false,"readableListening":false,"resumeScheduled":false,"errorEmitted":false,"emitClose":true,"autoDestroy":true,"destroyed":true,"errored":null,"closed":true,"closeEmitted":true,"defaultEncoding":"utf8","awaitDrainWriters":null,"multiAwaitDrain":false,"readingMore":false,"dataEmitted":true,"decoder":null,"encoding":null},"_events":{},"_eventsCount":1,"socket":{"connecting":false,"_hadError":false,"_parent":null,"_host":null,"_eventsCount":8,"allowHalfOpen":true,"_sockname":null,"_pendingData":null,"_pendingEncoding":"","_paused":false,"bytesRead":3854,"remoteAddress":"::1","remoteFamily":"IPv6","remotePort":44454,"localAddress":"::1","localPort":3000,"_bytesDispatched":0,"bytesWritten":0},"httpVersionMajor":1,"httpVersionMinor":1,"httpVersion":"1.1","complete":true,"rawHeaders":["Host","localhost:3000","Connection","keep-alive","Content-Length","1600","sec-ch-ua","\\"Not_A Brand\\";v=\\"8\\", \\"Chromium\\";v=\\"120\\", \\"Google Chrome\\";v=\\"120\\"","sec-ch-ua-mobile","?0","User-Agent","Mozilla/5.0 (Macintosh; Intel Mac OS X 10_15_7) AppleWebKit/537.36 (KHTML, like Gecko) Chrome/120.0.0.0 Safari/537.36","content-type","application/json","accept","*/*","apollo-require-preflight","true","vendure-token","dsluraxzobcpz3sq6y6a","sec-ch-ua-platform","\\"macOS\\"","Origin","http://localhost:3000","Sec-Fetch-Site","same-origin","Sec-Fetch-Mode","cors","Sec-Fetch-Dest","empty","Referer","http://localhost:3000/admin/catalog/collections/2?contentsPage=1","Accept-Encoding","gzip, deflate, br","Accept-Language","en-US,en;q=0.9,es;q=0.8","Cookie","_ga=GA1.1.980353395.1690474456; _ga_6D15P5YQYL=GS1.1.1691868471.7.0.1691868471.60.0.0; playground_anonymous=844bf1d2-3b6c-43c5-a395-8a1250b4d9d6; cubedev_anonymous=61314830-ac8a-4249-9cb2-df0ea588609a; _zammad_session_a138cfd0f37=0b060221c03c24304890c3e380fdb441; _zammad_session_ab83095ff03=a31a8f6409d51c34579d793edef1a345; ajs_user_id=usr_01HGNV9SXZZ36A8GAVN4VWRQTD; ajs_anonymous_id=97bc2143-2ed2-4831-90b1-07b42620b3ab; refreshToken=eyJhbGciOiJSUzI1NiIsImtpZCI6IlJOcjJzNzVadl81WFFjTFdkeUpBcEtwMmU5cFZMU3VrS2VFYko0MFdrU0EiLCJ0eXAiOiJKV1QifQ.eyJpYXQiOjE3MDE3MDc4MDYsIm93bmVyIjoic2FsZW9yIiwiaXNzIjoiaHR0cDovL2xvY2FsaG9zdDo4MDAwL2dyYXBocWwvIiwiZXhwIjoxNzA0Mjk5ODA2LCJ0b2tlbiI6InpibnM0aHc1RnpjeiIsImVtYWlsIjoiYWRtaW5AZXhhbXBsZS5jb20iLCJ0eXBlIjoicmVmcmVzaCIsInVzZXJfaWQiOiJWWE5sY2pveCIsImlzX3N0YWZmIjp0cnVlLCJjc3JmVG9rZW4iOiJRblZtZmZ2TVJlcnp6RERXNjVPcUN2OHNzUGVzeWFKYnlReVVFVmdoWkRXTUVJaXI2QjJrV29xTTBPQTdXNEZZIn0.P5bbwv1ouVkzUX95yblqRR9m2y8rZ4hX5vj6g7Zhxj5tOd9quNUjveYxXHIkO4y72uJDWr2qUiphlgeDRS0FzpAgl_fvjxMboko1PmczDAvXOwz1AQe7QjzcHugnNgYVLWABCf40q0_v8VbdbI3q9GfLcT9tx1Zdp9GWmpsOtg13AaikgJZDYPiCUTLv7Cjt6duK-TuWaa6tJNMzpeS7WIx6PpljYJH2pSvC8kOKyjxy86dAmEq1lX6YkFoUHvU4bt31VfbPipHkbasw-0fWXvCzyQPqMx5mKYQUyBsfQ9dkakzTRyRJZDXQ03v1tonx17a_NM_X4AjVPsKFXs1Omw; sessionid=njunhbiilbe2n99rjwcl04u96bun73oz; csrftoken=4TEwN29uF20NVQGwm361lwskuOQIr6PJ; session=eyJ0b2tlbiI6Ijk4MzljOTBhYzFjYzc3ODNlNDQ5N2JhYzIwYzk1Y2I5MzdkOTY2MGNmODBlMWZjYzhiOTI5MzQ3YTI0MWVlOTcifQ==; session.sig=Ew6we_-fViOfjqImpt5ecbCys2o"],"rawTrailers":[],"aborted":false,"upgrade":false,"url":"/?languageCode=pt_BR","method":"POST","statusCode":null,"statusMessage":null,"client":{"connecting":false,"_hadError":false,"_parent":null,"_host":null,"_eventsCount":8,"allowHalfOpen":true,"_pendingData":null,"_pendingEncoding":"","_paused":false,"bytesRead":3854,"remoteAddress":"::1","remoteFamily":"IPv6","remotePort":44454,"localAddress":"::1","localPort":3000,"_bytesDispatched":0,"bytesWritten":0},"_consuming":true,"_dumped":false,"next":{},"baseUrl":"/admin-api","originalUrl":"/admin-api?languageCode=pt_BR","_parsedUrl":{"protocol":null,"slashes":null,"auth":null,"host":null,"port":null,"hostname":null,"hash":null,"search":"?languageCode=pt_BR","query":"languageCode=pt_BR","pathname":"/admin-api","path":"/admin-api?languageCode=pt_BR","href":"/admin-api?languageCode=pt_BR","_raw":"/admin-api?languageCode=pt_BR"},"params":{},"query":{"languageCode":"pt_BR"},"res":{"_eventsCount":1,"outputData":[],"outputSize":0,"writable":true,"destroyed":false,"_last":false,"chunkedEncoding":false,"shouldKeepAlive":true,"maxRequestsOnConnectionReached":false,"_defaultKeepAlive":true,"useChunkedEncodingByDefault":true,"sendDate":true,"_removedConnection":false,"_removedContLen":false,"_removedTE":false,"_contentLength":null,"_hasBody":true,"_trailer":"","finished":false,"_headerSent":false,"_closed":false,"_header":null,"_keepAliveTimeout":5000,"_sent100":false,"_expect_continue":false,"statusCode":200,"headersSent":false},"sessionOptions":{"secret":"quzl8ee49x","httpOnly":true,"sameSite":"lax","overwrite":true,"signed":true},"session":{"token":"9839c90ac1cc7783e4497bac20c95cb937d9660cf80e1fcc8b929347a241ee97"},"body":{"operationName":"UpdateCollection","query":"mutation UpdateCollection($input: UpdateCollectionInput!) {\\n  updateCollection(input: $input) {\\n    ...Collection\\n    __typename\\n  }\\n}\\n\\nfragment Collection on Collection {\\n  id\\n  createdAt\\n  updatedAt\\n  name\\n  slug\\n  description\\n  isPrivate\\n  languageCode\\n  breadcrumbs {\\n    id\\n    name\\n    slug\\n    __typename\\n  }\\n  featuredAsset {\\n    ...Asset\\n    __typename\\n  }\\n  assets {\\n    ...Asset\\n    __typename\\n  }\\n  inheritFilters\\n  filters {\\n    ...ConfigurableOperation\\n    __typename\\n  }\\n  translations {\\n    id\\n    languageCode\\n    name\\n    slug\\n    description\\n    __typename\\n  }\\n  parent {\\n    id\\n    name\\n    __typename\\n  }\\n  children {\\n    id\\n    name\\n    __typename\\n  }\\n  __typename\\n}\\n\\nfragment Asset on Asset {\\n  id\\n  createdAt\\n  updatedAt\\n  name\\n  fileSize\\n  mimeType\\n  type\\n  preview\\n  source\\n  width\\n  height\\n  focalPoint {\\n    x\\n    y\\n    __typename\\n  }\\n  __typename\\n}\\n\\nfragment ConfigurableOperation on ConfigurableOperation {\\n  args {\\n    name\\n    value\\n    __typename\\n  }\\n  code\\n  __typename\\n}"},"_body":true,"i18nextLookupName":"querystring","lng":"pt_BR","locale":"pt_BR","language":"pt_BR","languages":["pt_BR","pt","en"],"i18n":{"language":"pt_BR","languages":["pt_BR","pt","en"],"resolvedLanguage":"pt_BR","isInitialized":true},"t":{},"vendureRequestContext":{"_apiType":"admin","_languageCode":"pt_BR","_currencyCode":"USD","_isAuthorized":true,"_authorizedAsOwnerOnly":false},"vendureRequestContextMap":{},"app":{"_eventsCount":1,"mountpath":"/"},"header":{},"get":{},"accepts":{},"acceptsEncodings":{},"acceptsEncoding":{},"acceptsCharsets":{},"acceptsCharset":{},"acceptsLanguages":{},"acceptsLanguage":{},"range":{},"param":{},"is":{},"protocol":"http","secure":false,"ip":"::1","ips":[],"subdomains":[],"path":"/","hostname":"localhost","fresh":false,"stale":true,"xhr":false,"setTimeout":{},"_read":{},"_destroy":{},"_addHeaderLines":{},"_addHeaderLine":{},"_dump":{},"destroy":{},"_undestroy":{},"push":{},"unshift":{},"isPaused":{},"setEncoding":{},"read":{},"pipe":{},"unpipe":{},"on":{},"addListener":{},"removeListener":{},"off":{},"removeAllListeners":{},"resume":{},"pause":{},"wrap":{},"iterator":{},"map":{},"filter":{},"setMaxListeners":{},"getMaxListeners":{},"emit":{},"prependListener":{},"once":{},"prependOnceListener":{},"listeners":{},"rawListeners":{},"listenerCount":{},"eventNames":{}},"_apiType":"admin","_channel":{"token":"dsluraxzobcpz3sq6y6a","createdAt":"2023-12-13T22:22:12.645Z","updatedAt":"2023-12-13T22:22:15.767Z","code":"__default_channel__","description":"","defaultLanguageCode":"en","availableLanguageCodes":["en"],"defaultCurrencyCode":"USD","availableCurrencyCodes":["USD"],"trackInventory":true,"outOfStockThreshold":0,"pricesIncludeTax":false,"id":1,"sellerId":1,"defaultShippingZone":{"createdAt":"2023-12-13T22:22:13.507Z","updatedAt":"2023-12-13T23:20:31.450Z","name":"Acre","id":2},"defaultTaxZone":{"createdAt":"2023-12-13T22:22:13.507Z","updatedAt":"2023-12-13T23:20:31.450Z","name":"Acre","id":2}},"_session":{"cacheExpiry":1702661808,"id":11,"token":"9839c90ac1cc7783e4497bac20c95cb937d9660cf80e1fcc8b929347a241ee97","expires":"2024-12-14T00:10:51.479Z","activeOrderId":null,"activeChannelId":1,"authenticationStrategy":"native","user":{"id":1,"identifier":"superadmin","verified":true,"channelPermissions":[{"id":1,"token":"dsluraxzobcpz3sq6y6a","code":"__default_channel__","permissions":["Authenticated","SuperAdmin","UpdateGlobalSettings","CreateCatalog","ReadCatalog","UpdateCatalog","DeleteCatalog","CreateSettings","ReadSettings","UpdateSettings","DeleteSettings","CreateAdministrator","ReadAdministrator","UpdateAdministrator","DeleteAdministrator","CreateAsset","ReadAsset","UpdateAsset","DeleteAsset","CreateChannel","ReadChannel","UpdateChannel","DeleteChannel","CreateCollection","ReadCollection","UpdateCollection","DeleteCollection","CreateCountry","ReadCountry","UpdateCountry","DeleteCountry","CreateCustomer","ReadCustomer","UpdateCustomer","DeleteCustomer","CreateCustomerGroup","ReadCustomerGroup","UpdateCustomerGroup","DeleteCustomerGroup","CreateFacet","ReadFacet","UpdateFacet","DeleteFacet","CreateOrder","ReadOrder","UpdateOrder","DeleteOrder","CreatePaymentMethod","ReadPaymentMethod","UpdatePaymentMethod","DeletePaymentMethod","CreateProduct","ReadProduct","UpdateProduct","DeleteProduct","CreatePromotion","ReadPromotion","UpdatePromotion","DeletePromotion","CreateShippingMethod","ReadShippingMethod","UpdateShippingMethod","DeleteShippingMethod","CreateTag","ReadTag","UpdateTag","DeleteTag","CreateTaxCategory","ReadTaxCategory","UpdateTaxCategory","DeleteTaxCategory","CreateTaxRate","ReadTaxRate","UpdateTaxRate","DeleteTaxRate","CreateSeller","ReadSeller","UpdateSeller","DeleteSeller","CreateStockLocation","ReadStockLocation","UpdateStockLocation","DeleteStockLocation","CreateSystem","ReadSystem","UpdateSystem","DeleteSystem","CreateZone","ReadZone","UpdateZone","DeleteZone","SetWebhook"]}]}},"_languageCode":"pt_BR","_currencyCode":"USD","_isAuthorized":true,"_authorizedAsOwnerOnly":false},"ids":[1,2,3,4,5,6,7,8,9,10,11,12,13,14,15,16,17,18,19,20,21,22,23,24,25,26,27,28,29,30,31,32,33,34]}	COMPLETED	100	{"success":true,"indexedItemCount":34,"timeTaken":620}	\N	2023-12-15 17:33:46.012	2023-12-15 17:33:46.642	t	0	1	24
2023-12-21 17:57:16.891243	2023-12-21 17:57:17.067259	send-email	{"ctx":{"_req":{"_readableState":{"objectMode":false,"highWaterMark":16384,"length":0,"pipes":[],"flowing":true,"ended":true,"endEmitted":true,"reading":false,"constructed":true,"sync":false,"needReadable":false,"emittedReadable":false,"readableListening":false,"resumeScheduled":false,"errorEmitted":false,"emitClose":true,"autoDestroy":true,"destroyed":true,"errored":null,"closed":true,"closeEmitted":true,"defaultEncoding":"utf8","awaitDrainWriters":null,"multiAwaitDrain":false,"readingMore":false,"dataEmitted":true,"decoder":null,"encoding":null},"_events":{},"_eventsCount":1,"socket":{"connecting":false,"_hadError":false,"_parent":null,"_host":null,"_eventsCount":8,"allowHalfOpen":true,"_sockname":null,"_pendingData":null,"_pendingEncoding":"","_paused":false,"timeout":0,"bytesRead":2589,"remoteAddress":"::ffff:118.70.126.70","remoteFamily":"IPv6","remotePort":56054,"localAddress":"::ffff:65.21.189.93","localPort":3000,"_bytesDispatched":483,"bytesWritten":483},"httpVersionMajor":1,"httpVersionMinor":1,"httpVersion":"1.1","complete":true,"rawHeaders":["Host","65.21.189.93:3000","Connection","keep-alive","Content-Length","1064","accept","*/*","apollo-require-preflight","true","vendure-token","dsluraxzobcpz3sq6y6a","User-Agent","Mozilla/5.0 (Windows NT 10.0; Win64; x64) AppleWebKit/537.36 (KHTML, like Gecko) Chrome/120.0.0.0 Safari/537.36","content-type","application/json","Origin","http://65.21.189.93:3000","Referer","http://65.21.189.93:3000/admin/customer/customers/create","Accept-Encoding","gzip, deflate","Accept-Language","en-US,en;q=0.9,vi;q=0.8","Cookie","session=eyJ0b2tlbiI6Ijc0ZDFhNTg1M2EwM2Q0YTczNmFiYjhiYTNkOTViZmMyM2ZlMTRkZWVhNzc1NThkYTRmN2RkNWZjZGM2NWEzM2EifQ==; session.sig=RfNxb6qOxJ_k-AXSeu0OsR5EQuw"],"rawTrailers":[],"aborted":false,"upgrade":false,"url":"/?languageCode=en","method":"POST","statusCode":null,"statusMessage":null,"client":{"connecting":false,"_hadError":false,"_parent":null,"_host":null,"_eventsCount":8,"allowHalfOpen":true,"_pendingData":null,"_pendingEncoding":"","_paused":false,"timeout":0,"bytesRead":2589,"remoteAddress":"::ffff:118.70.126.70","remoteFamily":"IPv6","remotePort":56054,"localAddress":"::ffff:65.21.189.93","localPort":3000,"_bytesDispatched":483,"bytesWritten":483},"_consuming":true,"_dumped":false,"next":{},"baseUrl":"/admin-api","originalUrl":"/admin-api?languageCode=en","_parsedUrl":{"protocol":null,"slashes":null,"auth":null,"host":null,"port":null,"hostname":null,"hash":null,"search":"?languageCode=en","query":"languageCode=en","pathname":"/admin-api","path":"/admin-api?languageCode=en","href":"/admin-api?languageCode=en","_raw":"/admin-api?languageCode=en"},"params":{},"query":{"languageCode":"en"},"res":{"_eventsCount":1,"outputData":[],"outputSize":0,"writable":true,"destroyed":false,"_last":false,"chunkedEncoding":false,"shouldKeepAlive":true,"maxRequestsOnConnectionReached":false,"_defaultKeepAlive":true,"useChunkedEncodingByDefault":true,"sendDate":true,"_removedConnection":false,"_removedContLen":false,"_removedTE":false,"_contentLength":null,"_hasBody":true,"_trailer":"","finished":false,"_headerSent":false,"_closed":false,"_header":null,"_keepAliveTimeout":5000,"_sent100":false,"_expect_continue":false,"statusCode":200,"headersSent":false},"sessionOptions":{"secret":"quzl8ee49x","httpOnly":true,"sameSite":"lax","overwrite":true,"signed":true},"session":{"token":"74d1a5853a03d4a736abb8ba3d95bfc23fe14deea77558da4f7dd5fcdc65a33a"},"body":{"operationName":"CreateCustomer","query":"mutation CreateCustomer($input: CreateCustomerInput!, $password: String) {\\n  createCustomer(input: $input, password: $password) {\\n    ...Customer\\n    ...ErrorResult\\n    __typename\\n  }\\n}\\n\\nfragment Customer on Customer {\\n  id\\n  createdAt\\n  updatedAt\\n  title\\n  firstName\\n  lastName\\n  phoneNumber\\n  emailAddress\\n  user {\\n    id\\n    identifier\\n    verified\\n    lastLogin\\n    __typename\\n  }\\n  addresses {\\n    ...Address\\n    __typename\\n  }\\n  __typename\\n}\\n\\nfragment Address on Address {\\n  id\\n  createdAt\\n  updatedAt\\n  fullName\\n  company\\n  streetLine1\\n  streetLine2\\n  city\\n  province\\n  postalCode\\n  country {\\n    id\\n    code\\n    name\\n    __typename\\n  }\\n  phoneNumber\\n  defaultShippingAddress\\n  defaultBillingAddress\\n  __typename\\n}\\n\\nfragment ErrorResult on ErrorResult {\\n  errorCode\\n  message\\n  __typename\\n}"},"_body":true,"i18nextLookupName":"querystring","lng":"en","locale":"en","language":"en","languages":["en"],"i18n":{"language":"en","languages":["en"],"resolvedLanguage":"en","isInitialized":true},"t":{},"vendureRequestContext":{"_apiType":"admin","_languageCode":"en","_currencyCode":"USD","_isAuthorized":true,"_authorizedAsOwnerOnly":false},"vendureRequestContextMap":{},"app":{"_eventsCount":1,"mountpath":"/"},"header":{},"get":{},"accepts":{},"acceptsEncodings":{},"acceptsEncoding":{},"acceptsCharsets":{},"acceptsCharset":{},"acceptsLanguages":{},"acceptsLanguage":{},"range":{},"param":{},"is":{},"protocol":"http","secure":false,"ip":"::ffff:118.70.126.70","ips":[],"subdomains":[],"path":"/","hostname":"65.21.189.93","fresh":false,"stale":true,"xhr":false,"setTimeout":{},"_read":{},"_destroy":{},"_addHeaderLines":{},"_addHeaderLine":{},"_dump":{},"destroy":{},"_undestroy":{},"push":{},"unshift":{},"isPaused":{},"setEncoding":{},"read":{},"pipe":{},"unpipe":{},"on":{},"addListener":{},"removeListener":{},"off":{},"removeAllListeners":{},"resume":{},"pause":{},"wrap":{},"iterator":{},"map":{},"filter":{},"setMaxListeners":{},"getMaxListeners":{},"emit":{},"prependListener":{},"once":{},"prependOnceListener":{},"listeners":{},"rawListeners":{},"listenerCount":{},"eventNames":{}},"_apiType":"admin","_channel":{"token":"dsluraxzobcpz3sq6y6a","createdAt":"2023-12-13T22:22:12.645Z","updatedAt":"2023-12-15T17:45:58.856Z","code":"__default_channel__","description":"","defaultLanguageCode":"en","availableLanguageCodes":["pt_BR"],"defaultCurrencyCode":"USD","availableCurrencyCodes":["BRL","USD"],"trackInventory":true,"outOfStockThreshold":0,"pricesIncludeTax":false,"id":1,"sellerId":1,"defaultShippingZone":{"createdAt":"2023-12-13T22:22:13.507Z","updatedAt":"2023-12-13T23:20:31.450Z","name":"Acre","id":2},"defaultTaxZone":{"createdAt":"2023-12-13T22:22:13.507Z","updatedAt":"2023-12-13T23:20:31.450Z","name":"Acre","id":2}},"_session":{"cacheExpiry":1703181646,"id":18,"token":"74d1a5853a03d4a736abb8ba3d95bfc23fe14deea77558da4f7dd5fcdc65a33a","expires":"2024-12-19T17:26:53.071Z","activeOrderId":null,"activeChannelId":1,"authenticationStrategy":"native","user":{"id":1,"identifier":"superadmin","verified":true,"channelPermissions":[{"id":1,"token":"dsluraxzobcpz3sq6y6a","code":"__default_channel__","permissions":["Authenticated","SuperAdmin","UpdateGlobalSettings","CreateCatalog","ReadCatalog","UpdateCatalog","DeleteCatalog","CreateSettings","ReadSettings","UpdateSettings","DeleteSettings","CreateAdministrator","ReadAdministrator","UpdateAdministrator","DeleteAdministrator","CreateAsset","ReadAsset","UpdateAsset","DeleteAsset","CreateChannel","ReadChannel","UpdateChannel","DeleteChannel","CreateCollection","ReadCollection","UpdateCollection","DeleteCollection","CreateCountry","ReadCountry","UpdateCountry","DeleteCountry","CreateCustomer","ReadCustomer","UpdateCustomer","DeleteCustomer","CreateCustomerGroup","ReadCustomerGroup","UpdateCustomerGroup","DeleteCustomerGroup","CreateFacet","ReadFacet","UpdateFacet","DeleteFacet","CreateOrder","ReadOrder","UpdateOrder","DeleteOrder","CreatePaymentMethod","ReadPaymentMethod","UpdatePaymentMethod","DeletePaymentMethod","CreateProduct","ReadProduct","UpdateProduct","DeleteProduct","CreatePromotion","ReadPromotion","UpdatePromotion","DeletePromotion","CreateShippingMethod","ReadShippingMethod","UpdateShippingMethod","DeleteShippingMethod","CreateTag","ReadTag","UpdateTag","DeleteTag","CreateTaxCategory","ReadTaxCategory","UpdateTaxCategory","DeleteTaxCategory","CreateTaxRate","ReadTaxRate","UpdateTaxRate","DeleteTaxRate","CreateSeller","ReadSeller","UpdateSeller","DeleteSeller","CreateStockLocation","ReadStockLocation","UpdateStockLocation","DeleteStockLocation","CreateSystem","ReadSystem","UpdateSystem","DeleteSystem","CreateZone","ReadZone","UpdateZone","DeleteZone","SetWebhook"]}]}},"_languageCode":"en","_currencyCode":"USD","_isAuthorized":true,"_authorizedAsOwnerOnly":false},"type":"email-verification","recipient":"user3@example.com","from":"{{ fromAddress }}","templateVars":{"fromAddress":"\\"example\\" <noreply@example.com>","verifyEmailAddressUrl":"http://localhost:8080/verify","passwordResetUrl":"http://localhost:8080/password-reset","changeEmailAddressUrl":"http://localhost:8080/verify-email-address-change","verificationToken":null},"subject":"Please verify your email address","templateFile":"body.hbs","attachments":[]}	COMPLETED	100	true	\N	2023-12-21 17:57:17.038	2023-12-21 17:57:17.066	t	5	1	27
2023-12-21 17:58:49.86946	2023-12-21 17:58:49.968671	send-email	{"ctx":{"_req":{"_readableState":{"objectMode":false,"highWaterMark":16384,"length":0,"pipes":[],"flowing":true,"ended":true,"endEmitted":true,"reading":false,"constructed":true,"sync":false,"needReadable":false,"emittedReadable":false,"readableListening":false,"resumeScheduled":false,"errorEmitted":false,"emitClose":true,"autoDestroy":true,"destroyed":true,"errored":null,"closed":true,"closeEmitted":true,"defaultEncoding":"utf8","awaitDrainWriters":null,"multiAwaitDrain":false,"readingMore":false,"dataEmitted":true,"decoder":null,"encoding":null},"_events":{},"_eventsCount":1,"socket":{"connecting":false,"_hadError":false,"_parent":null,"_host":null,"_eventsCount":8,"allowHalfOpen":true,"_sockname":null,"_pendingData":null,"_pendingEncoding":"","_paused":false,"timeout":0,"bytesRead":2368,"remoteAddress":"::ffff:118.70.126.70","remoteFamily":"IPv6","remotePort":56075,"localAddress":"::ffff:65.21.189.93","localPort":3000,"_bytesDispatched":283,"bytesWritten":283},"httpVersionMajor":1,"httpVersionMinor":1,"httpVersion":"1.1","complete":true,"rawHeaders":["Host","65.21.189.93:3000","Connection","keep-alive","Content-Length","1064","accept","*/*","apollo-require-preflight","true","vendure-token","dsluraxzobcpz3sq6y6a","User-Agent","Mozilla/5.0 (Windows NT 10.0; Win64; x64) AppleWebKit/537.36 (KHTML, like Gecko) Chrome/120.0.0.0 Safari/537.36","content-type","application/json","Origin","http://65.21.189.93:3000","Referer","http://65.21.189.93:3000/admin/customer/customers/create","Accept-Encoding","gzip, deflate","Accept-Language","en-US,en;q=0.9,vi;q=0.8","Cookie","session=eyJ0b2tlbiI6Ijc0ZDFhNTg1M2EwM2Q0YTczNmFiYjhiYTNkOTViZmMyM2ZlMTRkZWVhNzc1NThkYTRmN2RkNWZjZGM2NWEzM2EifQ==; session.sig=RfNxb6qOxJ_k-AXSeu0OsR5EQuw"],"rawTrailers":[],"aborted":false,"upgrade":false,"url":"/?languageCode=en","method":"POST","statusCode":null,"statusMessage":null,"client":{"connecting":false,"_hadError":false,"_parent":null,"_host":null,"_eventsCount":8,"allowHalfOpen":true,"_pendingData":null,"_pendingEncoding":"","_paused":false,"timeout":0,"bytesRead":2368,"remoteAddress":"::ffff:118.70.126.70","remoteFamily":"IPv6","remotePort":56075,"localAddress":"::ffff:65.21.189.93","localPort":3000,"_bytesDispatched":283,"bytesWritten":283},"_consuming":true,"_dumped":false,"next":{},"baseUrl":"/admin-api","originalUrl":"/admin-api?languageCode=en","_parsedUrl":{"protocol":null,"slashes":null,"auth":null,"host":null,"port":null,"hostname":null,"hash":null,"search":"?languageCode=en","query":"languageCode=en","pathname":"/admin-api","path":"/admin-api?languageCode=en","href":"/admin-api?languageCode=en","_raw":"/admin-api?languageCode=en"},"params":{},"query":{"languageCode":"en"},"res":{"_eventsCount":1,"outputData":[],"outputSize":0,"writable":true,"destroyed":false,"_last":false,"chunkedEncoding":false,"shouldKeepAlive":true,"maxRequestsOnConnectionReached":false,"_defaultKeepAlive":true,"useChunkedEncodingByDefault":true,"sendDate":true,"_removedConnection":false,"_removedContLen":false,"_removedTE":false,"_contentLength":null,"_hasBody":true,"_trailer":"","finished":false,"_headerSent":false,"_closed":false,"_header":null,"_keepAliveTimeout":5000,"_sent100":false,"_expect_continue":false,"statusCode":200,"headersSent":false},"sessionOptions":{"secret":"quzl8ee49x","httpOnly":true,"sameSite":"lax","overwrite":true,"signed":true},"session":{"token":"74d1a5853a03d4a736abb8ba3d95bfc23fe14deea77558da4f7dd5fcdc65a33a"},"body":{"operationName":"CreateCustomer","query":"mutation CreateCustomer($input: CreateCustomerInput!, $password: String) {\\n  createCustomer(input: $input, password: $password) {\\n    ...Customer\\n    ...ErrorResult\\n    __typename\\n  }\\n}\\n\\nfragment Customer on Customer {\\n  id\\n  createdAt\\n  updatedAt\\n  title\\n  firstName\\n  lastName\\n  phoneNumber\\n  emailAddress\\n  user {\\n    id\\n    identifier\\n    verified\\n    lastLogin\\n    __typename\\n  }\\n  addresses {\\n    ...Address\\n    __typename\\n  }\\n  __typename\\n}\\n\\nfragment Address on Address {\\n  id\\n  createdAt\\n  updatedAt\\n  fullName\\n  company\\n  streetLine1\\n  streetLine2\\n  city\\n  province\\n  postalCode\\n  country {\\n    id\\n    code\\n    name\\n    __typename\\n  }\\n  phoneNumber\\n  defaultShippingAddress\\n  defaultBillingAddress\\n  __typename\\n}\\n\\nfragment ErrorResult on ErrorResult {\\n  errorCode\\n  message\\n  __typename\\n}"},"_body":true,"i18nextLookupName":"querystring","lng":"en","locale":"en","language":"en","languages":["en"],"i18n":{"language":"en","languages":["en"],"resolvedLanguage":"en","isInitialized":true},"t":{},"vendureRequestContext":{"_apiType":"admin","_languageCode":"en","_currencyCode":"USD","_isAuthorized":true,"_authorizedAsOwnerOnly":false},"vendureRequestContextMap":{},"app":{"_eventsCount":1,"mountpath":"/"},"header":{},"get":{},"accepts":{},"acceptsEncodings":{},"acceptsEncoding":{},"acceptsCharsets":{},"acceptsCharset":{},"acceptsLanguages":{},"acceptsLanguage":{},"range":{},"param":{},"is":{},"protocol":"http","secure":false,"ip":"::ffff:118.70.126.70","ips":[],"subdomains":[],"path":"/","hostname":"65.21.189.93","fresh":false,"stale":true,"xhr":false,"setTimeout":{},"_read":{},"_destroy":{},"_addHeaderLines":{},"_addHeaderLine":{},"_dump":{},"destroy":{},"_undestroy":{},"push":{},"unshift":{},"isPaused":{},"setEncoding":{},"read":{},"pipe":{},"unpipe":{},"on":{},"addListener":{},"removeListener":{},"off":{},"removeAllListeners":{},"resume":{},"pause":{},"wrap":{},"iterator":{},"map":{},"filter":{},"setMaxListeners":{},"getMaxListeners":{},"emit":{},"prependListener":{},"once":{},"prependOnceListener":{},"listeners":{},"rawListeners":{},"listenerCount":{},"eventNames":{}},"_apiType":"admin","_channel":{"token":"dsluraxzobcpz3sq6y6a","createdAt":"2023-12-13T22:22:12.645Z","updatedAt":"2023-12-15T17:45:58.856Z","code":"__default_channel__","description":"","defaultLanguageCode":"en","availableLanguageCodes":["pt_BR"],"defaultCurrencyCode":"USD","availableCurrencyCodes":["BRL","USD"],"trackInventory":true,"outOfStockThreshold":0,"pricesIncludeTax":false,"id":1,"sellerId":1,"defaultShippingZone":{"createdAt":"2023-12-13T22:22:13.507Z","updatedAt":"2023-12-13T23:20:31.450Z","name":"Acre","id":2},"defaultTaxZone":{"createdAt":"2023-12-13T22:22:13.507Z","updatedAt":"2023-12-13T23:20:31.450Z","name":"Acre","id":2}},"_session":{"cacheExpiry":1703181646,"id":18,"token":"74d1a5853a03d4a736abb8ba3d95bfc23fe14deea77558da4f7dd5fcdc65a33a","expires":"2024-12-19T17:26:53.071Z","activeOrderId":null,"activeChannelId":1,"authenticationStrategy":"native","user":{"id":1,"identifier":"superadmin","verified":true,"channelPermissions":[{"id":1,"token":"dsluraxzobcpz3sq6y6a","code":"__default_channel__","permissions":["Authenticated","SuperAdmin","UpdateGlobalSettings","CreateCatalog","ReadCatalog","UpdateCatalog","DeleteCatalog","CreateSettings","ReadSettings","UpdateSettings","DeleteSettings","CreateAdministrator","ReadAdministrator","UpdateAdministrator","DeleteAdministrator","CreateAsset","ReadAsset","UpdateAsset","DeleteAsset","CreateChannel","ReadChannel","UpdateChannel","DeleteChannel","CreateCollection","ReadCollection","UpdateCollection","DeleteCollection","CreateCountry","ReadCountry","UpdateCountry","DeleteCountry","CreateCustomer","ReadCustomer","UpdateCustomer","DeleteCustomer","CreateCustomerGroup","ReadCustomerGroup","UpdateCustomerGroup","DeleteCustomerGroup","CreateFacet","ReadFacet","UpdateFacet","DeleteFacet","CreateOrder","ReadOrder","UpdateOrder","DeleteOrder","CreatePaymentMethod","ReadPaymentMethod","UpdatePaymentMethod","DeletePaymentMethod","CreateProduct","ReadProduct","UpdateProduct","DeleteProduct","CreatePromotion","ReadPromotion","UpdatePromotion","DeletePromotion","CreateShippingMethod","ReadShippingMethod","UpdateShippingMethod","DeleteShippingMethod","CreateTag","ReadTag","UpdateTag","DeleteTag","CreateTaxCategory","ReadTaxCategory","UpdateTaxCategory","DeleteTaxCategory","CreateTaxRate","ReadTaxRate","UpdateTaxRate","DeleteTaxRate","CreateSeller","ReadSeller","UpdateSeller","DeleteSeller","CreateStockLocation","ReadStockLocation","UpdateStockLocation","DeleteStockLocation","CreateSystem","ReadSystem","UpdateSystem","DeleteSystem","CreateZone","ReadZone","UpdateZone","DeleteZone","SetWebhook"]}]}},"_languageCode":"en","_currencyCode":"USD","_isAuthorized":true,"_authorizedAsOwnerOnly":false},"type":"email-verification","recipient":"user4@example.com","from":"{{ fromAddress }}","templateVars":{"fromAddress":"\\"example\\" <noreply@example.com>","verifyEmailAddressUrl":"http://localhost:8080/verify","passwordResetUrl":"http://localhost:8080/password-reset","changeEmailAddressUrl":"http://localhost:8080/verify-email-address-change","verificationToken":null},"subject":"Please verify your email address","templateFile":"body.hbs","attachments":[]}	COMPLETED	100	true	\N	2023-12-21 17:58:49.944	2023-12-21 17:58:49.967	t	5	1	28
2023-12-21 18:00:16.732745	2023-12-21 18:00:16.795447	send-email	{"ctx":{"_req":{"_readableState":{"objectMode":false,"highWaterMark":16384,"length":0,"pipes":[],"flowing":true,"ended":true,"endEmitted":true,"reading":false,"constructed":true,"sync":false,"needReadable":false,"emittedReadable":false,"readableListening":false,"resumeScheduled":false,"errorEmitted":false,"emitClose":true,"autoDestroy":true,"destroyed":true,"errored":null,"closed":true,"closeEmitted":true,"defaultEncoding":"utf8","awaitDrainWriters":null,"multiAwaitDrain":false,"readingMore":false,"dataEmitted":true,"decoder":null,"encoding":null},"_events":{},"_eventsCount":1,"socket":{"connecting":false,"_hadError":false,"_parent":null,"_host":null,"_eventsCount":8,"allowHalfOpen":true,"_sockname":null,"_pendingData":null,"_pendingEncoding":"","_paused":false,"bytesRead":1756,"remoteAddress":"::ffff:118.70.126.70","remoteFamily":"IPv6","remotePort":56117,"localAddress":"::ffff:65.21.189.93","localPort":3000,"_bytesDispatched":0,"bytesWritten":0},"httpVersionMajor":1,"httpVersionMinor":1,"httpVersion":"1.1","complete":true,"rawHeaders":["Host","65.21.189.93:3000","Connection","keep-alive","Content-Length","1064","accept","*/*","apollo-require-preflight","true","vendure-token","dsluraxzobcpz3sq6y6a","User-Agent","Mozilla/5.0 (Windows NT 10.0; Win64; x64) AppleWebKit/537.36 (KHTML, like Gecko) Chrome/120.0.0.0 Safari/537.36","content-type","application/json","Origin","http://65.21.189.93:3000","Referer","http://65.21.189.93:3000/admin/customer/customers/create","Accept-Encoding","gzip, deflate","Accept-Language","en-US,en;q=0.9,vi;q=0.8","Cookie","session=eyJ0b2tlbiI6Ijc0ZDFhNTg1M2EwM2Q0YTczNmFiYjhiYTNkOTViZmMyM2ZlMTRkZWVhNzc1NThkYTRmN2RkNWZjZGM2NWEzM2EifQ==; session.sig=RfNxb6qOxJ_k-AXSeu0OsR5EQuw"],"rawTrailers":[],"aborted":false,"upgrade":false,"url":"/?languageCode=en","method":"POST","statusCode":null,"statusMessage":null,"client":{"connecting":false,"_hadError":false,"_parent":null,"_host":null,"_eventsCount":8,"allowHalfOpen":true,"_pendingData":null,"_pendingEncoding":"","_paused":false,"bytesRead":1756,"remoteAddress":"::ffff:118.70.126.70","remoteFamily":"IPv6","remotePort":56117,"localAddress":"::ffff:65.21.189.93","localPort":3000,"_bytesDispatched":0,"bytesWritten":0},"_consuming":true,"_dumped":false,"next":{},"baseUrl":"/admin-api","originalUrl":"/admin-api?languageCode=en","_parsedUrl":{"protocol":null,"slashes":null,"auth":null,"host":null,"port":null,"hostname":null,"hash":null,"search":"?languageCode=en","query":"languageCode=en","pathname":"/admin-api","path":"/admin-api?languageCode=en","href":"/admin-api?languageCode=en","_raw":"/admin-api?languageCode=en"},"params":{},"query":{"languageCode":"en"},"res":{"_eventsCount":1,"outputData":[],"outputSize":0,"writable":true,"destroyed":false,"_last":false,"chunkedEncoding":false,"shouldKeepAlive":true,"maxRequestsOnConnectionReached":false,"_defaultKeepAlive":true,"useChunkedEncodingByDefault":true,"sendDate":true,"_removedConnection":false,"_removedContLen":false,"_removedTE":false,"_contentLength":null,"_hasBody":true,"_trailer":"","finished":false,"_headerSent":false,"_closed":false,"_header":null,"_keepAliveTimeout":5000,"_sent100":false,"_expect_continue":false,"statusCode":200,"headersSent":false},"sessionOptions":{"secret":"quzl8ee49x","httpOnly":true,"sameSite":"lax","overwrite":true,"signed":true},"session":{"token":"74d1a5853a03d4a736abb8ba3d95bfc23fe14deea77558da4f7dd5fcdc65a33a"},"body":{"operationName":"CreateCustomer","query":"mutation CreateCustomer($input: CreateCustomerInput!, $password: String) {\\n  createCustomer(input: $input, password: $password) {\\n    ...Customer\\n    ...ErrorResult\\n    __typename\\n  }\\n}\\n\\nfragment Customer on Customer {\\n  id\\n  createdAt\\n  updatedAt\\n  title\\n  firstName\\n  lastName\\n  phoneNumber\\n  emailAddress\\n  user {\\n    id\\n    identifier\\n    verified\\n    lastLogin\\n    __typename\\n  }\\n  addresses {\\n    ...Address\\n    __typename\\n  }\\n  __typename\\n}\\n\\nfragment Address on Address {\\n  id\\n  createdAt\\n  updatedAt\\n  fullName\\n  company\\n  streetLine1\\n  streetLine2\\n  city\\n  province\\n  postalCode\\n  country {\\n    id\\n    code\\n    name\\n    __typename\\n  }\\n  phoneNumber\\n  defaultShippingAddress\\n  defaultBillingAddress\\n  __typename\\n}\\n\\nfragment ErrorResult on ErrorResult {\\n  errorCode\\n  message\\n  __typename\\n}"},"_body":true,"i18nextLookupName":"querystring","lng":"en","locale":"en","language":"en","languages":["en"],"i18n":{"language":"en","languages":["en"],"resolvedLanguage":"en","isInitialized":true},"t":{},"vendureRequestContext":{"_apiType":"admin","_languageCode":"en","_currencyCode":"USD","_isAuthorized":true,"_authorizedAsOwnerOnly":false},"vendureRequestContextMap":{},"app":{"_eventsCount":1,"mountpath":"/"},"header":{},"get":{},"accepts":{},"acceptsEncodings":{},"acceptsEncoding":{},"acceptsCharsets":{},"acceptsCharset":{},"acceptsLanguages":{},"acceptsLanguage":{},"range":{},"param":{},"is":{},"protocol":"http","secure":false,"ip":"::ffff:118.70.126.70","ips":[],"subdomains":[],"path":"/","hostname":"65.21.189.93","fresh":false,"stale":true,"xhr":false,"setTimeout":{},"_read":{},"_destroy":{},"_addHeaderLines":{},"_addHeaderLine":{},"_dump":{},"destroy":{},"_undestroy":{},"push":{},"unshift":{},"isPaused":{},"setEncoding":{},"read":{},"pipe":{},"unpipe":{},"on":{},"addListener":{},"removeListener":{},"off":{},"removeAllListeners":{},"resume":{},"pause":{},"wrap":{},"iterator":{},"map":{},"filter":{},"setMaxListeners":{},"getMaxListeners":{},"emit":{},"prependListener":{},"once":{},"prependOnceListener":{},"listeners":{},"rawListeners":{},"listenerCount":{},"eventNames":{}},"_apiType":"admin","_channel":{"token":"dsluraxzobcpz3sq6y6a","createdAt":"2023-12-13T22:22:12.645Z","updatedAt":"2023-12-15T17:45:58.856Z","code":"__default_channel__","description":"","defaultLanguageCode":"en","availableLanguageCodes":["pt_BR"],"defaultCurrencyCode":"USD","availableCurrencyCodes":["BRL","USD"],"trackInventory":true,"outOfStockThreshold":0,"pricesIncludeTax":false,"id":1,"sellerId":1,"defaultShippingZone":{"createdAt":"2023-12-13T22:22:13.507Z","updatedAt":"2023-12-13T23:20:31.450Z","name":"Acre","id":2},"defaultTaxZone":{"createdAt":"2023-12-13T22:22:13.507Z","updatedAt":"2023-12-13T23:20:31.450Z","name":"Acre","id":2}},"_session":{"cacheExpiry":1703181646,"id":18,"token":"74d1a5853a03d4a736abb8ba3d95bfc23fe14deea77558da4f7dd5fcdc65a33a","expires":"2024-12-19T17:26:53.071Z","activeOrderId":null,"activeChannelId":1,"authenticationStrategy":"native","user":{"id":1,"identifier":"superadmin","verified":true,"channelPermissions":[{"id":1,"token":"dsluraxzobcpz3sq6y6a","code":"__default_channel__","permissions":["Authenticated","SuperAdmin","UpdateGlobalSettings","CreateCatalog","ReadCatalog","UpdateCatalog","DeleteCatalog","CreateSettings","ReadSettings","UpdateSettings","DeleteSettings","CreateAdministrator","ReadAdministrator","UpdateAdministrator","DeleteAdministrator","CreateAsset","ReadAsset","UpdateAsset","DeleteAsset","CreateChannel","ReadChannel","UpdateChannel","DeleteChannel","CreateCollection","ReadCollection","UpdateCollection","DeleteCollection","CreateCountry","ReadCountry","UpdateCountry","DeleteCountry","CreateCustomer","ReadCustomer","UpdateCustomer","DeleteCustomer","CreateCustomerGroup","ReadCustomerGroup","UpdateCustomerGroup","DeleteCustomerGroup","CreateFacet","ReadFacet","UpdateFacet","DeleteFacet","CreateOrder","ReadOrder","UpdateOrder","DeleteOrder","CreatePaymentMethod","ReadPaymentMethod","UpdatePaymentMethod","DeletePaymentMethod","CreateProduct","ReadProduct","UpdateProduct","DeleteProduct","CreatePromotion","ReadPromotion","UpdatePromotion","DeletePromotion","CreateShippingMethod","ReadShippingMethod","UpdateShippingMethod","DeleteShippingMethod","CreateTag","ReadTag","UpdateTag","DeleteTag","CreateTaxCategory","ReadTaxCategory","UpdateTaxCategory","DeleteTaxCategory","CreateTaxRate","ReadTaxRate","UpdateTaxRate","DeleteTaxRate","CreateSeller","ReadSeller","UpdateSeller","DeleteSeller","CreateStockLocation","ReadStockLocation","UpdateStockLocation","DeleteStockLocation","CreateSystem","ReadSystem","UpdateSystem","DeleteSystem","CreateZone","ReadZone","UpdateZone","DeleteZone","SetWebhook"]}]}},"_languageCode":"en","_currencyCode":"USD","_isAuthorized":true,"_authorizedAsOwnerOnly":false},"type":"email-verification","recipient":"user5@example.com","from":"{{ fromAddress }}","templateVars":{"fromAddress":"\\"example\\" <noreply@example.com>","verifyEmailAddressUrl":"http://localhost:8080/verify","passwordResetUrl":"http://localhost:8080/password-reset","changeEmailAddressUrl":"http://localhost:8080/verify-email-address-change","verificationToken":null},"subject":"Please verify your email address","templateFile":"body.hbs","attachments":[]}	COMPLETED	100	true	\N	2023-12-21 18:00:16.775	2023-12-21 18:00:16.794	t	5	1	29
\.


--
-- Data for Name: job_record_buffer; Type: TABLE DATA; Schema: public; Owner: postgres
--

COPY public.job_record_buffer ("createdAt", "updatedAt", "bufferId", job, id) FROM stdin;
\.


--
-- Data for Name: migrations; Type: TABLE DATA; Schema: public; Owner: postgres
--

COPY public.migrations (id, "timestamp", name) FROM stdin;
2	1702560495827	webhook1702560495827
3	1702738739109	addCustomField1702738739109
\.


--
-- Data for Name: order; Type: TABLE DATA; Schema: public; Owner: postgres
--

COPY public."order" ("createdAt", "updatedAt", type, code, state, active, "orderPlacedAt", "couponCodes", "shippingAddress", "billingAddress", "currencyCode", id, "aggregateOrderId", "customerId", "taxZoneId", "subTotal", "subTotalWithTax", shipping, "shippingWithTax") FROM stdin;
2023-12-13 23:41:10.930801	2023-12-13 23:41:10.930801	Regular	FGM78WJ1GESL46KE	Draft	f	\N		{}	{}	USD	1	\N	\N	\N	0	0	0	0
2023-12-14 19:37:48.22731	2023-12-14 19:37:48.227	Regular	X5C5SNP2BWES1TS7	AddingItems	t	\N		{}	{}	USD	2	\N	\N	2	699699	839639	0	0
\.


--
-- Data for Name: order_channels_channel; Type: TABLE DATA; Schema: public; Owner: postgres
--

COPY public.order_channels_channel ("orderId", "channelId") FROM stdin;
1	1
2	1
\.


--
-- Data for Name: order_fulfillments_fulfillment; Type: TABLE DATA; Schema: public; Owner: postgres
--

COPY public.order_fulfillments_fulfillment ("orderId", "fulfillmentId") FROM stdin;
\.


--
-- Data for Name: order_line; Type: TABLE DATA; Schema: public; Owner: postgres
--

COPY public.order_line ("createdAt", "updatedAt", quantity, "orderPlacedQuantity", "listPriceIncludesTax", adjustments, "taxLines", id, "sellerChannelId", "shippingLineId", "productVariantId", "initialListPrice", "listPrice", "taxCategoryId", "featuredAssetId", "orderId", "customFieldsSubscriptionids", "customFieldsSubscriptionhash") FROM stdin;
2023-12-14 19:37:48.22731	2023-12-14 19:37:48.22731	1	0	f	[]	[{"description":"Standard Tax Europe","taxRate":20}]	1	\N	\N	31	89999	89999	1	17	2	\N	\N
2023-12-14 19:43:36.15635	2023-12-14 19:43:36.15635	1	0	f	[]	[{"description":"Standard Tax Europe","taxRate":20}]	2	\N	\N	35	249900	249900	1	21	2	\N	\N
2023-12-14 19:50:59.025523	2023-12-14 19:50:59.025523	1	0	f	[]	[{"description":"Standard Tax Europe","taxRate":20}]	3	\N	\N	2	139900	139900	1	1	2	\N	\N
2023-12-19 19:57:09.667927	2023-12-19 19:57:09.875615	1	0	f	[]	[{"description":"Standard Tax Europe","taxRate":20}]	4	\N	\N	3	219900	219900	1	1	2	\N	"4d8ed7eb-1a23-40aa-92bf-2c4d8840e0af"
\.


--
-- Data for Name: order_line_reference; Type: TABLE DATA; Schema: public; Owner: postgres
--

COPY public.order_line_reference ("createdAt", "updatedAt", quantity, id, "fulfillmentId", "modificationId", "orderLineId", "refundId", discriminator) FROM stdin;
\.


--
-- Data for Name: order_modification; Type: TABLE DATA; Schema: public; Owner: postgres
--

COPY public.order_modification ("createdAt", "updatedAt", note, "shippingAddressChange", "billingAddressChange", id, "priceChange", "orderId", "paymentId", "refundId") FROM stdin;
\.


--
-- Data for Name: order_promotions_promotion; Type: TABLE DATA; Schema: public; Owner: postgres
--

COPY public.order_promotions_promotion ("orderId", "promotionId") FROM stdin;
\.


--
-- Data for Name: payment; Type: TABLE DATA; Schema: public; Owner: postgres
--

COPY public.payment ("createdAt", "updatedAt", method, state, "errorMessage", "transactionId", metadata, id, amount, "orderId") FROM stdin;
\.


--
-- Data for Name: payment_method; Type: TABLE DATA; Schema: public; Owner: postgres
--

COPY public.payment_method ("createdAt", "updatedAt", code, enabled, checker, handler, id) FROM stdin;
2023-12-13 22:22:15.753293	2023-12-13 22:22:15.753293	standard-payment	t	\N	{"code":"dummy-payment-handler","args":[{"name":"automaticSettle","value":"false"}]}	1
\.


--
-- Data for Name: payment_method_channels_channel; Type: TABLE DATA; Schema: public; Owner: postgres
--

COPY public.payment_method_channels_channel ("paymentMethodId", "channelId") FROM stdin;
1	1
\.


--
-- Data for Name: payment_method_translation; Type: TABLE DATA; Schema: public; Owner: postgres
--

COPY public.payment_method_translation ("createdAt", "updatedAt", "languageCode", name, description, id, "baseId") FROM stdin;
2023-12-13 22:22:15.750215	2023-12-13 22:22:15.753293	en	Standard Payment		1	1
\.


--
-- Data for Name: product; Type: TABLE DATA; Schema: public; Owner: postgres
--

COPY public.product ("createdAt", "updatedAt", "deletedAt", enabled, id, "featuredAssetId") FROM stdin;
2023-12-13 22:22:15.986283	2023-12-13 22:22:15.986283	\N	t	1	1
2023-12-13 22:22:16.157653	2023-12-13 22:22:16.157653	\N	t	2	2
2023-12-13 22:22:16.262269	2023-12-13 22:22:16.262269	\N	t	3	3
2023-12-13 22:22:16.360554	2023-12-13 22:22:16.360554	\N	t	4	4
2023-12-13 22:22:16.423854	2023-12-13 22:22:16.423854	\N	t	5	5
2023-12-13 22:22:16.525009	2023-12-13 22:22:16.525009	\N	t	6	6
2023-12-13 22:22:16.665645	2023-12-13 22:22:16.665645	\N	t	7	7
2023-12-13 22:22:16.809862	2023-12-13 22:22:16.809862	\N	t	8	8
2023-12-13 22:22:16.95989	2023-12-13 22:22:16.95989	\N	t	9	9
2023-12-13 22:22:17.027346	2023-12-13 22:22:17.027346	\N	t	10	10
2023-12-13 22:22:17.08595	2023-12-13 22:22:17.08595	\N	t	11	11
2023-12-13 22:22:17.153632	2023-12-13 22:22:17.153632	\N	t	12	12
2023-12-13 22:22:17.218644	2023-12-13 22:22:17.218644	\N	t	13	13
2023-12-13 22:22:17.274903	2023-12-13 22:22:17.274903	\N	t	14	14
2023-12-13 22:22:17.335073	2023-12-13 22:22:17.335073	\N	t	15	15
2023-12-13 22:22:17.409207	2023-12-13 22:22:17.409207	\N	t	16	16
2023-12-13 22:22:17.482263	2023-12-13 22:22:17.482263	\N	t	17	17
2023-12-13 22:22:17.53244	2023-12-13 22:22:17.53244	\N	t	18	18
2023-12-13 22:22:17.595551	2023-12-13 22:22:17.595551	\N	t	19	19
2023-12-13 22:22:17.660581	2023-12-13 22:22:17.660581	\N	t	20	20
2023-12-13 22:22:17.74521	2023-12-13 22:22:17.74521	\N	t	21	21
2023-12-13 22:22:17.818769	2023-12-13 22:22:17.818769	\N	t	22	22
2023-12-13 22:22:17.874087	2023-12-13 22:22:17.874087	\N	t	23	23
2023-12-13 22:22:17.933833	2023-12-13 22:22:17.933833	\N	t	24	24
2023-12-13 22:22:17.991274	2023-12-13 22:22:17.991274	\N	t	25	25
2023-12-13 22:22:18.057185	2023-12-13 22:22:18.057185	\N	t	26	26
2023-12-13 22:22:18.117876	2023-12-13 22:22:18.117876	\N	t	27	27
2023-12-13 22:22:18.176052	2023-12-13 22:22:18.176052	\N	t	28	28
2023-12-13 22:22:18.281277	2023-12-13 22:22:18.281277	\N	t	29	29
2023-12-13 22:22:18.41319	2023-12-13 22:22:18.41319	\N	t	30	30
2023-12-13 22:22:18.542821	2023-12-13 22:22:18.542821	\N	t	31	31
2023-12-13 22:22:18.67211	2023-12-13 22:22:18.67211	\N	t	32	32
2023-12-13 22:22:18.803166	2023-12-13 22:22:18.803166	\N	t	33	33
2023-12-13 22:22:18.936277	2023-12-13 22:22:18.936277	\N	t	34	34
2023-12-13 22:22:19.094788	2023-12-13 22:22:19.094788	\N	t	35	35
2023-12-13 22:22:19.150043	2023-12-13 22:22:19.150043	\N	t	36	36
2023-12-13 22:22:19.207869	2023-12-13 22:22:19.207869	\N	t	37	37
2023-12-13 22:22:19.263297	2023-12-13 22:22:19.263297	\N	t	38	38
2023-12-13 22:22:19.323183	2023-12-13 22:22:19.323183	\N	t	39	39
2023-12-13 22:22:19.386068	2023-12-13 22:22:19.386068	\N	t	40	40
2023-12-13 22:22:19.43816	2023-12-13 22:22:19.43816	\N	t	41	41
2023-12-13 22:22:19.49349	2023-12-13 22:22:19.49349	\N	t	42	42
2023-12-13 22:22:19.569222	2023-12-13 22:22:19.569222	\N	t	43	43
2023-12-13 22:22:19.61484	2023-12-13 22:22:19.61484	\N	t	44	44
2023-12-13 22:22:19.656047	2023-12-13 22:22:19.656047	\N	t	45	45
2023-12-13 22:22:19.710938	2023-12-13 22:22:19.710938	\N	t	46	46
2023-12-13 22:22:19.776426	2023-12-13 22:22:19.776426	\N	t	47	47
2023-12-13 22:22:19.826595	2023-12-13 22:22:19.826595	\N	t	48	48
2023-12-13 22:22:19.889403	2023-12-13 22:22:19.889403	\N	t	49	49
2023-12-13 22:22:19.94162	2023-12-13 22:22:19.94162	\N	t	50	50
2023-12-13 22:22:20.000266	2023-12-13 22:22:20.000266	\N	t	51	51
2023-12-13 22:22:20.057711	2023-12-13 22:22:20.057711	\N	t	52	52
2023-12-13 22:22:20.111848	2023-12-13 22:22:20.111848	\N	t	53	53
2023-12-13 22:22:20.165806	2023-12-13 22:22:20.165806	\N	t	54	54
\.


--
-- Data for Name: product_asset; Type: TABLE DATA; Schema: public; Owner: postgres
--

COPY public.product_asset ("createdAt", "updatedAt", "assetId", "position", "productId", id) FROM stdin;
2023-12-13 22:22:15.992774	2023-12-13 22:22:15.992774	1	0	1	1
2023-12-13 22:22:16.16199	2023-12-13 22:22:16.16199	2	0	2	2
2023-12-13 22:22:16.267042	2023-12-13 22:22:16.267042	3	0	3	3
2023-12-13 22:22:16.365595	2023-12-13 22:22:16.365595	4	0	4	4
2023-12-13 22:22:16.428597	2023-12-13 22:22:16.428597	5	0	5	5
2023-12-13 22:22:16.535242	2023-12-13 22:22:16.535242	6	0	6	6
2023-12-13 22:22:16.669879	2023-12-13 22:22:16.669879	7	0	7	7
2023-12-13 22:22:16.81367	2023-12-13 22:22:16.81367	8	0	8	8
2023-12-13 22:22:16.964009	2023-12-13 22:22:16.964009	9	0	9	9
2023-12-13 22:22:17.031899	2023-12-13 22:22:17.031899	10	0	10	10
2023-12-13 22:22:17.090108	2023-12-13 22:22:17.090108	11	0	11	11
2023-12-13 22:22:17.15798	2023-12-13 22:22:17.15798	12	0	12	12
2023-12-13 22:22:17.222155	2023-12-13 22:22:17.222155	13	0	13	13
2023-12-13 22:22:17.278033	2023-12-13 22:22:17.278033	14	0	14	14
2023-12-13 22:22:17.33905	2023-12-13 22:22:17.33905	15	0	15	15
2023-12-13 22:22:17.413839	2023-12-13 22:22:17.413839	16	0	16	16
2023-12-13 22:22:17.486268	2023-12-13 22:22:17.486268	17	0	17	17
2023-12-13 22:22:17.536567	2023-12-13 22:22:17.536567	18	0	18	18
2023-12-13 22:22:17.602606	2023-12-13 22:22:17.602606	19	0	19	19
2023-12-13 22:22:17.666091	2023-12-13 22:22:17.666091	20	0	20	20
2023-12-13 22:22:17.749902	2023-12-13 22:22:17.749902	21	0	21	21
2023-12-13 22:22:17.82243	2023-12-13 22:22:17.82243	22	0	22	22
2023-12-13 22:22:17.878586	2023-12-13 22:22:17.878586	23	0	23	23
2023-12-13 22:22:17.938445	2023-12-13 22:22:17.938445	24	0	24	24
2023-12-13 22:22:17.995049	2023-12-13 22:22:17.995049	25	0	25	25
2023-12-13 22:22:18.060685	2023-12-13 22:22:18.060685	26	0	26	26
2023-12-13 22:22:18.121513	2023-12-13 22:22:18.121513	27	0	27	27
2023-12-13 22:22:18.18029	2023-12-13 22:22:18.18029	28	0	28	28
2023-12-13 22:22:18.285526	2023-12-13 22:22:18.285526	29	0	29	29
2023-12-13 22:22:18.417591	2023-12-13 22:22:18.417591	30	0	30	30
2023-12-13 22:22:18.547322	2023-12-13 22:22:18.547322	31	0	31	31
2023-12-13 22:22:18.678819	2023-12-13 22:22:18.678819	32	0	32	32
2023-12-13 22:22:18.809358	2023-12-13 22:22:18.809358	33	0	33	33
2023-12-13 22:22:18.94083	2023-12-13 22:22:18.94083	34	0	34	34
2023-12-13 22:22:19.09867	2023-12-13 22:22:19.09867	35	0	35	35
2023-12-13 22:22:19.153525	2023-12-13 22:22:19.153525	36	0	36	36
2023-12-13 22:22:19.212233	2023-12-13 22:22:19.212233	37	0	37	37
2023-12-13 22:22:19.26791	2023-12-13 22:22:19.26791	38	0	38	38
2023-12-13 22:22:19.328533	2023-12-13 22:22:19.328533	39	0	39	39
2023-12-13 22:22:19.39021	2023-12-13 22:22:19.39021	40	0	40	40
2023-12-13 22:22:19.441549	2023-12-13 22:22:19.441549	41	0	41	41
2023-12-13 22:22:19.497879	2023-12-13 22:22:19.497879	42	0	42	42
2023-12-13 22:22:19.572594	2023-12-13 22:22:19.572594	43	0	43	43
2023-12-13 22:22:19.618266	2023-12-13 22:22:19.618266	44	0	44	44
2023-12-13 22:22:19.660716	2023-12-13 22:22:19.660716	45	0	45	45
2023-12-13 22:22:19.716783	2023-12-13 22:22:19.716783	46	0	46	46
2023-12-13 22:22:19.780359	2023-12-13 22:22:19.780359	47	0	47	47
2023-12-13 22:22:19.831539	2023-12-13 22:22:19.831539	48	0	48	48
2023-12-13 22:22:19.893431	2023-12-13 22:22:19.893431	49	0	49	49
2023-12-13 22:22:19.94483	2023-12-13 22:22:19.94483	50	0	50	50
2023-12-13 22:22:20.004133	2023-12-13 22:22:20.004133	51	0	51	51
2023-12-13 22:22:20.061552	2023-12-13 22:22:20.061552	52	0	52	52
2023-12-13 22:22:20.117787	2023-12-13 22:22:20.117787	53	0	53	53
2023-12-13 22:22:20.168982	2023-12-13 22:22:20.168982	54	0	54	54
\.


--
-- Data for Name: product_channels_channel; Type: TABLE DATA; Schema: public; Owner: postgres
--

COPY public.product_channels_channel ("productId", "channelId") FROM stdin;
1	1
2	1
3	1
4	1
5	1
6	1
7	1
8	1
9	1
10	1
11	1
12	1
13	1
14	1
15	1
16	1
17	1
18	1
19	1
20	1
21	1
22	1
23	1
24	1
25	1
26	1
27	1
28	1
29	1
30	1
31	1
32	1
33	1
34	1
35	1
36	1
37	1
38	1
39	1
40	1
41	1
42	1
43	1
44	1
45	1
46	1
47	1
48	1
49	1
50	1
51	1
52	1
53	1
54	1
\.


--
-- Data for Name: product_facet_values_facet_value; Type: TABLE DATA; Schema: public; Owner: postgres
--

COPY public.product_facet_values_facet_value ("productId", "facetValueId") FROM stdin;
1	1
1	2
1	3
2	1
2	2
2	3
3	1
3	2
3	4
4	1
4	2
4	5
5	1
5	2
5	5
6	1
6	2
6	6
7	1
7	2
7	7
8	1
8	2
8	8
9	1
9	2
9	6
10	1
10	2
11	1
11	2
12	1
12	9
12	10
13	1
13	9
13	11
14	1
14	9
14	12
15	1
15	9
15	13
16	1
16	9
16	14
17	1
17	9
17	15
18	1
18	9
18	11
19	1
19	9
20	1
20	9
20	16
21	17
21	18
21	19
22	17
22	18
22	20
23	17
23	18
23	20
24	17
24	18
25	17
25	18
26	17
26	18
26	21
27	17
27	18
27	22
28	17
28	18
28	22
29	17
29	23
29	24
29	25
29	26
30	17
30	23
30	21
30	27
31	17
31	23
31	21
31	28
32	17
32	23
32	24
32	28
32	27
33	17
33	23
33	24
33	27
34	17
34	23
34	29
34	27
35	30
35	31
35	32
36	30
36	31
36	33
36	32
37	30
37	31
37	33
38	30
38	31
38	32
39	30
39	31
39	33
40	30
40	31
40	32
41	30
41	31
42	30
42	31
43	30
43	34
43	35
44	30
44	31
45	30
45	34
46	30
46	34
46	35
47	30
47	34
47	36
48	30
48	34
49	30
49	34
49	37
50	30
50	34
50	35
51	30
51	34
51	27
52	30
52	34
52	37
53	30
53	34
53	28
54	30
54	34
\.


--
-- Data for Name: product_option; Type: TABLE DATA; Schema: public; Owner: postgres
--

COPY public.product_option ("createdAt", "updatedAt", "deletedAt", code, id, "groupId") FROM stdin;
2023-12-13 22:22:16.003748	2023-12-13 22:22:16.003748	\N	13-inch	1	1
2023-12-13 22:22:16.010057	2023-12-13 22:22:16.010057	\N	15-inch	2	1
2023-12-13 22:22:16.025644	2023-12-13 22:22:16.025644	\N	8gb	3	2
2023-12-13 22:22:16.030523	2023-12-13 22:22:16.030523	\N	16gb	4	2
2023-12-13 22:22:16.169978	2023-12-13 22:22:16.169978	\N	32gb	5	3
2023-12-13 22:22:16.175114	2023-12-13 22:22:16.175114	\N	128gb	6	3
2023-12-13 22:22:16.437787	2023-12-13 22:22:16.437787	\N	24-inch	7	4
2023-12-13 22:22:16.442929	2023-12-13 22:22:16.442929	\N	27-inch	8	4
2023-12-13 22:22:16.54391	2023-12-13 22:22:16.54391	\N	4gb	9	5
2023-12-13 22:22:16.548077	2023-12-13 22:22:16.548077	\N	8gb	10	5
2023-12-13 22:22:16.554766	2023-12-13 22:22:16.554766	\N	16gb	11	5
2023-12-13 22:22:16.6777	2023-12-13 22:22:16.6777	\N	i7-8700	12	6
2023-12-13 22:22:16.682016	2023-12-13 22:22:16.682016	\N	r7-2700	13	6
2023-12-13 22:22:16.690533	2023-12-13 22:22:16.690533	\N	240gb-ssd	14	7
2023-12-13 22:22:16.693877	2023-12-13 22:22:16.693877	\N	120gb-ssd	15	7
2023-12-13 22:22:16.822611	2023-12-13 22:22:16.822611	\N	1tb	16	8
2023-12-13 22:22:16.827193	2023-12-13 22:22:16.827193	\N	2tb	17	8
2023-12-13 22:22:16.831443	2023-12-13 22:22:16.831443	\N	3tb	18	8
2023-12-13 22:22:16.834696	2023-12-13 22:22:16.834696	\N	4tb	19	8
2023-12-13 22:22:16.83849	2023-12-13 22:22:16.83849	\N	6tb	20	8
2023-12-13 22:22:18.291671	2023-12-13 22:22:18.291671	\N	size-40	21	9
2023-12-13 22:22:18.294973	2023-12-13 22:22:18.294973	\N	size-42	22	9
2023-12-13 22:22:18.29808	2023-12-13 22:22:18.29808	\N	size-44	23	9
2023-12-13 22:22:18.300759	2023-12-13 22:22:18.300759	\N	size-46	24	9
2023-12-13 22:22:18.423993	2023-12-13 22:22:18.423993	\N	size-40	25	10
2023-12-13 22:22:18.427925	2023-12-13 22:22:18.427925	\N	size-42	26	10
2023-12-13 22:22:18.431377	2023-12-13 22:22:18.431377	\N	size-44	27	10
2023-12-13 22:22:18.435214	2023-12-13 22:22:18.435214	\N	size-46	28	10
2023-12-13 22:22:18.555106	2023-12-13 22:22:18.555106	\N	size-40	29	11
2023-12-13 22:22:18.558627	2023-12-13 22:22:18.558627	\N	size-42	30	11
2023-12-13 22:22:18.562086	2023-12-13 22:22:18.562086	\N	size-44	31	11
2023-12-13 22:22:18.565363	2023-12-13 22:22:18.565363	\N	size-46	32	11
2023-12-13 22:22:18.688568	2023-12-13 22:22:18.688568	\N	size-40	33	12
2023-12-13 22:22:18.693497	2023-12-13 22:22:18.693497	\N	size-42	34	12
2023-12-13 22:22:18.699314	2023-12-13 22:22:18.699314	\N	size-44	35	12
2023-12-13 22:22:18.703768	2023-12-13 22:22:18.703768	\N	size-46	36	12
2023-12-13 22:22:18.816552	2023-12-13 22:22:18.816552	\N	size-40	37	13
2023-12-13 22:22:18.820802	2023-12-13 22:22:18.820802	\N	size-42	38	13
2023-12-13 22:22:18.824508	2023-12-13 22:22:18.824508	\N	size-44	39	13
2023-12-13 22:22:18.827809	2023-12-13 22:22:18.827809	\N	size-46	40	13
2023-12-13 22:22:18.947459	2023-12-13 22:22:18.947459	\N	size-40	41	14
2023-12-13 22:22:18.950775	2023-12-13 22:22:18.950775	\N	size-42	42	14
2023-12-13 22:22:18.953702	2023-12-13 22:22:18.953702	\N	size-44	43	14
2023-12-13 22:22:18.956709	2023-12-13 22:22:18.956709	\N	size-46	44	14
2023-12-13 22:22:20.176031	2023-12-13 22:22:20.176031	\N	mustard	45	15
2023-12-13 22:22:20.180831	2023-12-13 22:22:20.180831	\N	mint	46	15
2023-12-13 22:22:20.184427	2023-12-13 22:22:20.184427	\N	pearl	47	15
\.


--
-- Data for Name: product_option_group; Type: TABLE DATA; Schema: public; Owner: postgres
--

COPY public.product_option_group ("createdAt", "updatedAt", "deletedAt", code, id, "productId") FROM stdin;
2023-12-13 22:22:15.998152	2023-12-13 22:22:16.014914	\N	laptop-screen-size	1	1
2023-12-13 22:22:16.019627	2023-12-13 22:22:16.033714	\N	laptop-ram	2	1
2023-12-13 22:22:16.165707	2023-12-13 22:22:16.178837	\N	tablet-storage	3	2
2023-12-13 22:22:16.432813	2023-12-13 22:22:16.446668	\N	curvy-monitor-monitor-size	4	5
2023-12-13 22:22:16.539895	2023-12-13 22:22:16.557788	\N	high-performance-ram-size	5	6
2023-12-13 22:22:16.673682	2023-12-13 22:22:16.684299	\N	gaming-pc-cpu	6	7
2023-12-13 22:22:16.686915	2023-12-13 22:22:16.696247	\N	gaming-pc-hdd	7	7
2023-12-13 22:22:16.817931	2023-12-13 22:22:16.84082	\N	hard-drive-hdd	8	8
2023-12-13 22:22:18.288452	2023-12-13 22:22:18.30294	\N	ultraboost-running-shoe-size	9	29
2023-12-13 22:22:18.420393	2023-12-13 22:22:18.437688	\N	freerun-running-shoe-size	10	30
2023-12-13 22:22:18.551456	2023-12-13 22:22:18.5675	\N	hi-top-basketball-shoe-size	11	31
2023-12-13 22:22:18.683184	2023-12-13 22:22:18.707057	\N	pureboost-running-shoe-size	12	32
2023-12-13 22:22:18.812965	2023-12-13 22:22:18.829842	\N	runx-running-shoe-size	13	33
2023-12-13 22:22:18.943893	2023-12-13 22:22:18.958891	\N	allstar-sneakers-size	14	34
2023-12-13 22:22:20.172057	2023-12-13 22:22:20.188069	\N	modern-cafe-chair-color	15	54
\.


--
-- Data for Name: product_option_group_translation; Type: TABLE DATA; Schema: public; Owner: postgres
--

COPY public.product_option_group_translation ("createdAt", "updatedAt", "languageCode", name, id, "baseId") FROM stdin;
2023-12-13 22:22:15.995893	2023-12-13 22:22:15.998152	en	screen size	1	1
2023-12-13 22:22:16.016893	2023-12-13 22:22:16.019627	en	RAM	2	2
2023-12-13 22:22:16.164114	2023-12-13 22:22:16.165707	en	storage	3	3
2023-12-13 22:22:16.430675	2023-12-13 22:22:16.432813	en	monitor size	4	4
2023-12-13 22:22:16.537979	2023-12-13 22:22:16.539895	en	size	5	5
2023-12-13 22:22:16.671994	2023-12-13 22:22:16.673682	en	cpu	6	6
2023-12-13 22:22:16.685229	2023-12-13 22:22:16.686915	en	HDD	7	7
2023-12-13 22:22:16.815385	2023-12-13 22:22:16.817931	en	HDD	8	8
2023-12-13 22:22:18.287025	2023-12-13 22:22:18.288452	en	size	9	9
2023-12-13 22:22:18.418983	2023-12-13 22:22:18.420393	en	size	10	10
2023-12-13 22:22:18.549054	2023-12-13 22:22:18.551456	en	size	11	11
2023-12-13 22:22:18.681218	2023-12-13 22:22:18.683184	en	size	12	12
2023-12-13 22:22:18.8114	2023-12-13 22:22:18.812965	en	size	13	13
2023-12-13 22:22:18.942432	2023-12-13 22:22:18.943893	en	size	14	14
2023-12-13 22:22:20.170621	2023-12-13 22:22:20.172057	en	color	15	15
\.


--
-- Data for Name: product_option_translation; Type: TABLE DATA; Schema: public; Owner: postgres
--

COPY public.product_option_translation ("createdAt", "updatedAt", "languageCode", name, id, "baseId") FROM stdin;
2023-12-13 22:22:16.001381	2023-12-13 22:22:16.003748	en	13 inch	1	1
2023-12-13 22:22:16.007876	2023-12-13 22:22:16.010057	en	15 inch	2	2
2023-12-13 22:22:16.022653	2023-12-13 22:22:16.025644	en	8GB	3	3
2023-12-13 22:22:16.028866	2023-12-13 22:22:16.030523	en	16GB	4	4
2023-12-13 22:22:16.16808	2023-12-13 22:22:16.169978	en	32GB	5	5
2023-12-13 22:22:16.17271	2023-12-13 22:22:16.175114	en	128GB	6	6
2023-12-13 22:22:16.435717	2023-12-13 22:22:16.437787	en	24 inch	7	7
2023-12-13 22:22:16.440627	2023-12-13 22:22:16.442929	en	27 inch	8	8
2023-12-13 22:22:16.542239	2023-12-13 22:22:16.54391	en	4GB	9	9
2023-12-13 22:22:16.546613	2023-12-13 22:22:16.548077	en	8GB	10	10
2023-12-13 22:22:16.552261	2023-12-13 22:22:16.554766	en	16GB	11	11
2023-12-13 22:22:16.676005	2023-12-13 22:22:16.6777	en	i7-8700	12	12
2023-12-13 22:22:16.680277	2023-12-13 22:22:16.682016	en	R7-2700	13	13
2023-12-13 22:22:16.689015	2023-12-13 22:22:16.690533	en	240GB SSD	14	14
2023-12-13 22:22:16.692395	2023-12-13 22:22:16.693877	en	120GB SSD	15	15
2023-12-13 22:22:16.820732	2023-12-13 22:22:16.822611	en	1TB	16	16
2023-12-13 22:22:16.825445	2023-12-13 22:22:16.827193	en	2TB	17	17
2023-12-13 22:22:16.829754	2023-12-13 22:22:16.831443	en	3TB	18	18
2023-12-13 22:22:16.833463	2023-12-13 22:22:16.834696	en	4TB	19	19
2023-12-13 22:22:16.836647	2023-12-13 22:22:16.83849	en	6TB	20	20
2023-12-13 22:22:18.290425	2023-12-13 22:22:18.291671	en	Size 40	21	21
2023-12-13 22:22:18.293768	2023-12-13 22:22:18.294973	en	Size 42	22	22
2023-12-13 22:22:18.296853	2023-12-13 22:22:18.29808	en	Size 44	23	23
2023-12-13 22:22:18.299704	2023-12-13 22:22:18.300759	en	Size 46	24	24
2023-12-13 22:22:18.422518	2023-12-13 22:22:18.423993	en	Size 40	25	25
2023-12-13 22:22:18.426511	2023-12-13 22:22:18.427925	en	Size 42	26	26
2023-12-13 22:22:18.430036	2023-12-13 22:22:18.431377	en	Size 44	27	27
2023-12-13 22:22:18.43352	2023-12-13 22:22:18.435214	en	Size 46	28	28
2023-12-13 22:22:18.553732	2023-12-13 22:22:18.555106	en	Size 40	29	29
2023-12-13 22:22:18.557173	2023-12-13 22:22:18.558627	en	Size 42	30	30
2023-12-13 22:22:18.560608	2023-12-13 22:22:18.562086	en	Size 44	31	31
2023-12-13 22:22:18.563954	2023-12-13 22:22:18.565363	en	Size 46	32	32
2023-12-13 22:22:18.686509	2023-12-13 22:22:18.688568	en	Size 40	33	33
2023-12-13 22:22:18.691443	2023-12-13 22:22:18.693497	en	Size 42	34	34
2023-12-13 22:22:18.696577	2023-12-13 22:22:18.699314	en	Size 44	35	35
2023-12-13 22:22:18.702066	2023-12-13 22:22:18.703768	en	Size 46	36	36
2023-12-13 22:22:18.815126	2023-12-13 22:22:18.816552	en	Size 40	37	37
2023-12-13 22:22:18.819017	2023-12-13 22:22:18.820802	en	Size 42	38	38
2023-12-13 22:22:18.823201	2023-12-13 22:22:18.824508	en	Size 44	39	39
2023-12-13 22:22:18.826526	2023-12-13 22:22:18.827809	en	Size 46	40	40
2023-12-13 22:22:18.946022	2023-12-13 22:22:18.947459	en	Size 40	41	41
2023-12-13 22:22:18.949586	2023-12-13 22:22:18.950775	en	Size 42	42	42
2023-12-13 22:22:18.952473	2023-12-13 22:22:18.953702	en	Size 44	43	43
2023-12-13 22:22:18.955466	2023-12-13 22:22:18.956709	en	Size 46	44	44
2023-12-13 22:22:20.174135	2023-12-13 22:22:20.176031	en	mustard	45	45
2023-12-13 22:22:20.179116	2023-12-13 22:22:20.180831	en	mint	46	46
2023-12-13 22:22:20.18301	2023-12-13 22:22:20.184427	en	pearl	47	47
\.


--
-- Data for Name: product_translation; Type: TABLE DATA; Schema: public; Owner: postgres
--

COPY public.product_translation ("createdAt", "updatedAt", "languageCode", name, slug, description, id, "baseId") FROM stdin;
2023-12-13 22:22:15.982742	2023-12-13 22:22:15.986283	en	Laptop	laptop	Now equipped with seventh-generation Intel Core processors, Laptop is snappier than ever. From daily tasks like launching apps and opening files to more advanced computing, you can power through your day thanks to faster SSDs and Turbo Boost processing up to 3.6GHz.	1	1
2023-12-13 22:22:16.155435	2023-12-13 22:22:16.157653	en	Tablet	tablet	If the computer were invented today, what would it look like? It would be powerful enough for any task. So mobile you could take it everywhere. And so intuitive you could use it any way you wanted  with touch, a keyboard, or even a pencil. In other words, it wouldnt really be a "computer." It would be Tablet.	2	2
2023-12-13 22:22:16.259502	2023-12-13 22:22:16.262269	en	Wireless Optical Mouse	cordless-mouse	The Logitech M185 Wireless Optical Mouse is a great device for any computer user, and as Logitech are the global market leaders for these devices, you are also guaranteed absolute reliability. A mouse to be reckoned with!	3	3
2023-12-13 22:22:16.357995	2023-12-13 22:22:16.360554	en	32-Inch Monitor	32-inch-monitor	The UJ59 with Ultra HD resolution has 4x the pixels of Full HD, delivering more screen space and amazingly life-like images. That means you can view documents and webpages with less scrolling, work more comfortably with multiple windows and toolbars, and enjoy photos, videos and games in stunning 4K quality. Note: beverage not included.	4	4
2023-12-13 22:22:16.421536	2023-12-13 22:22:16.423854	en	Curvy Monitor	curvy-monitor	Discover a truly immersive viewing experience with this monitor curved more deeply than any other. Wrapping around your field of vision the 1,800 R screencreates a wider field of view, enhances depth perception, and minimises peripheral distractions to draw you deeper in to your content.	5	5
2023-12-13 22:22:16.521328	2023-12-13 22:22:16.525009	en	High Performance RAM	high-performance-ram	Each RAM module is built with a pure aluminium heat spreader for faster heat dissipation and cooler operation. Enhanced to XMP 2.0 profiles for better overclocking; Compatibility: Intel 100 Series, Intel 200 Series, Intel 300 Series, Intel X299, AMD 300 Series, AMD 400 Series.	6	6
2023-12-13 22:22:16.663776	2023-12-13 22:22:16.665645	en	Gaming PC	gaming-pc	This pc is optimised for gaming, and is also VR ready. The Intel Core-i7 CPU and High Performance GPU give the computer the raw power it needs to function at a high level.	7	7
2023-12-13 22:22:16.807705	2023-12-13 22:22:16.809862	en	Hard Drive	hard-drive	Boost your PC storage with this internal hard drive, designed just for desktop and all-in-one PCs.	8	8
2023-12-13 22:22:16.957926	2023-12-13 22:22:16.95989	en	Clacky Keyboard	clacky-keyboard	Let all your colleagues know that you are typing on this exclusive, colorful klicky-klacky keyboard. Huge travel on each keypress ensures maximum klack on each and every keystroke.	9	9
2023-12-13 22:22:17.025079	2023-12-13 22:22:17.027346	en	Ethernet Cable	ethernet-cable	5m (metres) Cat.6 network cable (upwards/downwards compatible) | Patch cable | 2 RJ-45 plug | plug with bend protection mantle. High transmission speeds due to operating frequency with up to 250 MHz (in comparison to Cat.5/Cat.5e cable bandwidth of 100 MHz).	10	10
2023-12-13 22:22:17.083991	2023-12-13 22:22:17.08595	en	USB Cable	usb-cable	Solid conductors eliminate strand-interaction distortion and reduce jitter. As the surface is made of high-purity silver, the performance is very close to that of a solid silver cable, but priced much closer to solid copper cable.	11	11
2023-12-13 22:22:17.151033	2023-12-13 22:22:17.153632	en	Instant Camera	instant-camera	With its nostalgic design and simple point-and-shoot functionality, the Instant Camera is the perfect pick to get started with instant photography.	12	12
2023-12-13 22:22:17.216438	2023-12-13 22:22:17.218644	en	Camera Lens	camera-lens	This lens is a Di type lens using an optical system with improved multi-coating designed to function with digital SLR cameras as well as film cameras.	13	13
2023-12-13 22:22:17.273251	2023-12-13 22:22:17.274903	en	Vintage Folding Camera	vintage-folding-camera	This vintage folding camera is so antiquated that you cannot possibly hope to produce actual photographs with it. However, it makes a wonderful decorative piece for the home or office.	14	14
2023-12-13 22:22:17.332956	2023-12-13 22:22:17.335073	en	Tripod	tripod	Capture vivid, professional-style photographs with help from this lightweight tripod. The adjustable-height tripod makes it easy to achieve reliable stability and score just the right angle when going after that award-winning shot.	15	15
2023-12-13 22:22:17.407186	2023-12-13 22:22:17.409207	en	Instamatic Camera	instamatic-camera	This inexpensive point-and-shoot camera uses easy-to-load 126 film cartridges. A built-in flash unit ensure great results, no matter the lighting conditions.	16	16
2023-12-13 22:22:17.480032	2023-12-13 22:22:17.482263	en	Compact Digital Camera	compact-digital-camera	Unleash your creative potential with high-level performance and advanced features such as AI-powered Real-time Eye AF; new, high-precision Real-time Tracking; high-speed continuous shooting and 4K HDR movie-shooting. The camera's innovative AF quickly and reliably detects the position of the subject and then tracks the subject's motion, keeping it in sharp focus.	17	17
2023-12-13 22:22:17.529493	2023-12-13 22:22:17.53244	en	Nikkormat SLR Camera	nikkormat-slr-camera	The Nikkormat FS was brought to market by Nikon in 1965. The lens is a 50mm f1.4 Nikkor. Nice glass, smooth focus and a working diaphragm. A UV filter and a Nikon front lens cap are included with the lens.	18	18
2023-12-13 22:22:17.593841	2023-12-13 22:22:17.595551	en	Compact SLR Camera	compact-slr-camera	Retro styled, portable in size and built around a powerful 24-megapixel APS-C CMOS sensor, this digital camera is the ideal companion for creative everyday photography. Packed full of high spec features such as an advanced hybrid autofocus system able to keep pace with even the most active subjects, a speedy 6fps continuous-shooting mode, high-resolution electronic viewfinder and intuitive swivelling touchscreen, it brings professional image making into everyones grasp.	19	19
2023-12-13 22:22:17.657074	2023-12-13 22:22:17.660581	en	Twin Lens Camera	twin-lens-camera	What makes a Rolleiflex TLR so special? Many things. To start, TLR stands for twin lens reflex. Twin because there are two lenses. And reflex means that the photographer looks through the lens to view the reflected image of an object or scene on the focusing screen. 	20	20
2023-12-13 22:22:17.742863	2023-12-13 22:22:17.74521	en	Road Bike	road-bike	Featuring a full carbon chassis - complete with cyclocross-specific carbon fork - and a component setup geared for hard use on the race circuit, it's got the low weight, exceptional efficiency and brilliant handling you'll need to stay at the front of the pack.	21	21
2023-12-13 22:22:17.815811	2023-12-13 22:22:17.818769	en	Skipping Rope	skipping-rope	When you're working out you need a quality rope that doesn't tangle at every couple of jumps and with this skipping rope you won't have this problem. The fact that it looks like a pair of tasty frankfurters is merely a bonus.	22	22
2023-12-13 22:22:17.931638	2023-12-13 22:22:17.933833	en	Tent	tent	With tons of space inside (for max. 4 persons), full head height throughout the entire tent and an unusual and striking shape, this tent offers you everything you need.	24	24
2023-12-13 22:22:17.872015	2023-12-13 22:22:17.874087	en	Boxing Gloves	boxing-gloves	Training gloves designed for optimum training. Our gloves promote proper punching technique because they are conformed to the natural shape of your fist. Dense, innovative two-layer foam provides better shock absorbency and full padding on the front, back and wrist to promote proper punching technique.	23	23
2023-12-13 22:22:19.567215	2023-12-13 22:22:19.569222	en	Guardian Lion Statue	guardian-lion-statue	Placing it at home or office can bring you fortune and prosperity, guard your house and ward off ill fortune.	43	43
2023-12-13 22:22:19.613264	2023-12-13 22:22:19.61484	en	Hand Trowel	hand-trowel	Hand trowel for garden cultivating hammer finish epoxy-coated head for improved resistance to rust, scratches, humidity and alkalines in the soil.	44	44
2023-12-13 22:22:19.653549	2023-12-13 22:22:19.656047	en	Balloon Chair	balloon-chair	A charming vintage white wooden chair featuring an extremely spherical pink balloon. The balloon may be detached and used for other purposes, for example as a party decoration.	45	45
2023-12-13 22:22:19.709435	2023-12-13 22:22:19.710938	en	Grey Fabric Sofa	grey-fabric-sofa	Seat cushions filled with high resilience foam and polyester fibre wadding give comfortable support for your body, and easily regain their shape when you get up. The cover is easy to keep clean as it is removable and can be machine washed.	46	46
2023-12-13 22:22:19.773595	2023-12-13 22:22:19.776426	en	Leather Sofa	leather-sofa	This premium, tan-brown bonded leather seat is part of the 'chill' sofa range. The lever activated recline feature makes it easy to adjust to any position. This smart, bustle back design with rounded tight padded arms has been designed with your comfort in mind. This well-padded chair has foam pocket sprung seat cushions and fibre-filled back cushions.	47	47
2023-12-13 22:22:19.824761	2023-12-13 22:22:19.826595	en	Light Shade	light-shade	Modern tapered white polycotton pendant shade with a metallic silver chrome interior finish for maximum light reflection. Reversible gimble so it can be used as a ceiling shade or as a lamp shade.	48	48
2023-12-13 22:22:19.8878	2023-12-13 22:22:19.889403	en	Wooden Side Desk	wooden-side-desk	Drawer stops prevent the drawers from being pulled out too far. Built-in cable management for collecting cables and cords; out of sight but close at hand.	49	49
2023-12-13 22:22:17.988913	2023-12-13 22:22:17.991274	en	Cruiser Skateboard	cruiser-skateboard	Based on the 1970s iconic shape, but made to a larger 69cm size, with updated, quality component, these skateboards are great for beginners to learn the foot spacing required, and are perfect for all-day cruising.	25	25
2023-12-13 22:22:18.055364	2023-12-13 22:22:18.057185	en	Football	football	This football features high-contrast graphics for high-visibility during play, while its machine-stitched tpu casing offers consistent performance.	26	26
2023-12-13 22:22:18.113644	2023-12-13 22:22:18.117876	en	Tennis Ball	tennis-ball	Our dog loves these tennis balls and they last for some time before they eventually either get lost in some field or bush or the covering comes off due to it being used most of the day every day.	27	27
2023-12-13 22:22:18.17375	2023-12-13 22:22:18.176052	en	Basketball	basketball	The Wilson MVP ball is perfect for playing basketball, and improving your skill for hours on end. Designed for new players, it is created with a high-quality rubber suitable for courts, allowing you to get full use during your practices.	28	28
2023-12-13 22:22:18.279183	2023-12-13 22:22:18.281277	en	Ultraboost Running Shoe	ultraboost-running-shoe	With its ultra-light, uber-responsive magic foam and a carbon fiber plate that feels like its propelling you forward, the Running Shoe is ready to push you to victories both large and small	29	29
2023-12-13 22:22:18.411061	2023-12-13 22:22:18.41319	en	Freerun Running Shoe	freerun-running-shoe	The Freerun Men's Running Shoe is built for record-breaking speed. The Flyknit upper delivers ultra-lightweight support that fits like a glove.	30	30
2023-12-13 22:22:19.939954	2023-12-13 22:22:19.94162	en	Comfy Padded Chair	comfy-padded-chair	You sit comfortably thanks to the shaped back. The chair frame is made of solid wood, which is a durable natural material.	50	50
2023-12-13 22:22:19.998647	2023-12-13 22:22:20.000266	en	Black Eaves Chair	black-eaves-chair	Comfortable to sit on thanks to the bowl-shaped seat and rounded shape of the backrest. No tools are required to assemble the chair, you just click it together with a simple mechanism under the seat.	51	51
2023-12-13 22:22:20.054637	2023-12-13 22:22:20.057711	en	Wooden Stool	wooden-stool	Solid wood is a hardwearing natural material, which can be sanded and surface treated as required.	52	52
2023-12-13 22:22:20.109746	2023-12-13 22:22:20.111848	en	Bedside Table	bedside-table	Every table is unique, with varying grain pattern and natural colour shifts that are part of the charm of wood.	53	53
2023-12-13 22:22:20.164107	2023-12-13 22:22:20.165806	en	Modern Cafe Chair	modern-cafe-chair	You sit comfortably thanks to the restful flexibility of the seat. Lightweight and easy to move around, yet stable enough even for the liveliest, young family members.	54	54
2023-12-13 22:22:18.540222	2023-12-13 22:22:18.542821	en	Hi-Top Basketball Shoe	hi-top-basketball-shoe	Boasting legendary performance since 2008, the Hyperdunkz Basketball Shoe needs no gimmicks to stand out. Air units deliver best-in-class cushioning, while a dynamic lacing system keeps your foot snug and secure, so you can focus on your game and nothing else.	31	31
2023-12-13 22:22:18.667907	2023-12-13 22:22:18.67211	en	Pureboost Running Shoe	pureboost-running-shoe	Built to handle curbs, corners and uneven sidewalks, these natural running shoes have an expanded landing zone and a heel plate for added stability. A lightweight and stretchy knit upper supports your native stride.	32	32
2023-12-13 22:22:18.80094	2023-12-13 22:22:18.803166	en	RunX Running Shoe	runx-running-shoe	These running shoes are made with an airy, lightweight mesh upper. The durable rubber outsole grips the pavement for added stability. A cushioned midsole brings comfort to each step.	33	33
2023-12-13 22:22:18.934236	2023-12-13 22:22:18.936277	en	Allstar Sneakers	allstar-sneakers	All Star is the most iconic sneaker in the world, recognised for its unmistakable silhouette, star-centred ankle patch and cultural authenticity. And like the best paradigms, it only gets better with time.	34	34
2023-12-13 22:22:19.092712	2023-12-13 22:22:19.094788	en	Spiky Cactus	spiky-cactus	A spiky yet elegant house cactus - perfect for the home or office. Origin and habitat: Probably native only to the Andes of Peru	35	35
2023-12-13 22:22:19.147321	2023-12-13 22:22:19.150043	en	Tulip Pot	tulip-pot	Bright crimson red species tulip with black centers, the poppy-like flowers will open up in full sun. Ideal for rock gardens, pots and border edging.	36	36
2023-12-13 22:22:19.205335	2023-12-13 22:22:19.207869	en	Hanging Plant	hanging-plant	Can be found in tropical and sub-tropical America where it grows on the branches of trees, but also on telephone wires and electricity cables and poles that sometimes topple with the weight of these plants. This plant loves a moist and warm air.	37	37
2023-12-13 22:22:19.261396	2023-12-13 22:22:19.263297	en	Aloe Vera	aloe-vera	Decorative Aloe vera makes a lovely house plant. A really trendy plant, Aloe vera is just so easy to care for. Aloe vera sap has been renowned for its remarkable medicinal and cosmetic properties for many centuries and has been used to treat grazes, insect bites and sunburn - it really works.	38	38
2023-12-13 22:22:19.319996	2023-12-13 22:22:19.323183	en	Fern Blechnum Gibbum	fern-blechnum-gibbum	Create a tropical feel in your home with this lush green tree fern, it has decorative leaves and will develop a short slender trunk in time.	39	39
2023-12-13 22:22:19.383908	2023-12-13 22:22:19.386068	en	Assorted Indoor Succulents	assorted-succulents	These assorted succulents come in a variety of different shapes and colours - each with their own unique personality. Succulents grow best in plenty of light: a sunny windowsill would be the ideal spot for them to thrive!	40	40
2023-12-13 22:22:19.436135	2023-12-13 22:22:19.43816	en	Orchid	orchid	Gloriously elegant. It can go along with any interior as it is a neutral color and the most popular Phalaenopsis overall. 2 to 3 foot stems host large white flowers that can last for over 2 months.	41	41
2023-12-13 22:22:19.491193	2023-12-13 22:22:19.49349	en	Bonsai Tree	bonsai-tree	Excellent semi-evergreen bonsai. Indoors or out but needs some winter protection. All trees sent will leave the nursery in excellent condition and will be of equal quality or better than the photograph shown.	42	42
\.


--
-- Data for Name: product_variant; Type: TABLE DATA; Schema: public; Owner: postgres
--

COPY public.product_variant ("createdAt", "updatedAt", "deletedAt", enabled, sku, "outOfStockThreshold", "useGlobalOutOfStockThreshold", "trackInventory", id, "productId", "featuredAssetId", "taxCategoryId") FROM stdin;
2023-12-13 22:22:16.039587	2023-12-13 22:22:16.039587	\N	t	L2201308	0	t	INHERIT	1	1	\N	1
2023-12-13 22:22:16.061813	2023-12-13 22:22:16.061813	\N	t	L2201508	0	t	INHERIT	2	1	\N	1
2023-12-13 22:22:16.077843	2023-12-13 22:22:16.077843	\N	t	L2201316	0	t	INHERIT	3	1	\N	1
2023-12-13 22:22:16.100299	2023-12-13 22:22:16.100299	\N	t	L2201516	0	t	INHERIT	4	1	\N	1
2023-12-13 22:22:16.182371	2023-12-13 22:22:16.182371	\N	t	TBL200032	0	t	INHERIT	5	2	\N	1
2023-12-13 22:22:16.199938	2023-12-13 22:22:16.199938	\N	t	TBL200128	0	t	INHERIT	6	2	\N	1
2023-12-13 22:22:16.272528	2023-12-13 22:22:16.272528	\N	t	834444	0	t	INHERIT	7	3	\N	1
2023-12-13 22:22:16.369491	2023-12-13 22:22:16.369491	\N	t	LU32J590UQUXEN	0	t	INHERIT	8	4	\N	1
2023-12-13 22:22:16.450178	2023-12-13 22:22:16.450178	\N	t	C24F390	0	t	INHERIT	9	5	\N	1
2023-12-13 22:22:16.464698	2023-12-13 22:22:16.464698	\N	t	C27F390	0	t	INHERIT	10	5	\N	1
2023-12-13 22:22:16.562578	2023-12-13 22:22:16.562578	\N	t	CMK32GX4M2AC04	0	t	INHERIT	11	6	\N	1
2023-12-13 22:22:16.588229	2023-12-13 22:22:16.588229	\N	t	CMK32GX4M2AC08	0	t	INHERIT	12	6	\N	1
2023-12-13 22:22:16.602767	2023-12-13 22:22:16.602767	\N	t	CMK32GX4M2AC16	0	t	INHERIT	13	6	\N	1
2023-12-13 22:22:16.699945	2023-12-13 22:22:16.699945	\N	t	CGS480VR1063	0	t	INHERIT	14	7	\N	1
2023-12-13 22:22:16.713601	2023-12-13 22:22:16.713601	\N	t	CGS480VR1064	0	t	INHERIT	15	7	\N	1
2023-12-13 22:22:16.730749	2023-12-13 22:22:16.730749	\N	t	CGS480VR1065	0	t	INHERIT	16	7	\N	1
2023-12-13 22:22:16.745124	2023-12-13 22:22:16.745124	\N	t	CGS480VR1066	0	t	INHERIT	17	7	\N	1
2023-12-13 22:22:16.843239	2023-12-13 22:22:16.843239	\N	t	IHD455T1	0	t	INHERIT	18	8	\N	1
2023-12-13 22:22:16.858118	2023-12-13 22:22:16.858118	\N	t	IHD455T2	0	t	INHERIT	19	8	\N	1
2023-12-13 22:22:16.875169	2023-12-13 22:22:16.875169	\N	t	IHD455T3	0	t	INHERIT	20	8	\N	1
2023-12-13 22:22:16.896578	2023-12-13 22:22:16.896578	\N	t	IHD455T4	0	t	INHERIT	21	8	\N	1
2023-12-13 22:22:16.911985	2023-12-13 22:22:16.911985	\N	t	IHD455T6	0	t	INHERIT	22	8	\N	1
2023-12-13 22:22:16.967725	2023-12-13 22:22:16.967725	\N	t	A4TKLA45535	0	t	INHERIT	23	9	\N	1
2023-12-13 22:22:17.038691	2023-12-13 22:22:17.038691	\N	t	A23334x30	0	t	INHERIT	24	10	\N	1
2023-12-13 22:22:17.093719	2023-12-13 22:22:17.093719	\N	t	USBCIN01.5MI	0	t	INHERIT	25	11	\N	1
2023-12-13 22:22:17.161557	2023-12-13 22:22:17.161557	\N	t	IC22MWDD	0	t	INHERIT	26	12	\N	1
2023-12-13 22:22:17.225787	2023-12-13 22:22:17.225787	\N	t	B0012UUP02	0	t	INHERIT	27	13	\N	1
2023-12-13 22:22:17.280682	2023-12-13 22:22:17.280682	\N	t	B00AFC9099	0	t	INHERIT	28	14	\N	1
2023-12-13 22:22:17.342415	2023-12-13 22:22:17.342415	\N	t	B00XI87KV8	0	t	INHERIT	29	15	\N	1
2023-12-13 22:22:17.422945	2023-12-13 22:22:17.422945	\N	t	B07K1330LL	0	t	INHERIT	30	16	\N	1
2023-12-13 22:22:17.489755	2023-12-13 22:22:17.489755	\N	t	B07D990021	0	t	INHERIT	31	17	\N	1
2023-12-13 22:22:17.547017	2023-12-13 22:22:17.547017	\N	t	B07D33B334	0	t	INHERIT	32	18	\N	1
2023-12-13 22:22:17.605612	2023-12-13 22:22:17.605612	\N	t	B07D75V44S	0	t	INHERIT	33	19	\N	1
2023-12-13 22:22:17.669398	2023-12-13 22:22:17.669398	\N	t	B07D78JTLR	0	t	INHERIT	34	20	\N	1
2023-12-13 22:22:17.753324	2023-12-13 22:22:17.753324	\N	t	RB000844334	0	t	INHERIT	35	21	\N	1
2023-12-13 22:22:17.825157	2023-12-13 22:22:17.825157	\N	t	B07CNGXVXT	0	t	INHERIT	36	22	\N	1
2023-12-13 22:22:17.881447	2023-12-13 22:22:17.881447	\N	t	B000ZYLPPU	0	t	INHERIT	37	23	\N	1
2023-12-13 22:22:17.941336	2023-12-13 22:22:17.941336	\N	t	2000023510	0	t	INHERIT	38	24	\N	1
2023-12-13 22:22:17.998247	2023-12-13 22:22:17.998247	\N	t	799872520	0	t	INHERIT	39	25	\N	1
2023-12-13 22:22:18.064347	2023-12-13 22:22:18.064347	\N	t	SC3137-056	0	t	INHERIT	40	26	\N	1
2023-12-13 22:22:18.124397	2023-12-13 22:22:18.124397	\N	t	WRT11752P	0	t	INHERIT	41	27	\N	1
2023-12-13 22:22:18.183396	2023-12-13 22:22:18.183396	\N	t	WTB1418XB06	0	t	INHERIT	42	28	\N	1
2023-12-13 22:22:18.306505	2023-12-13 22:22:18.306505	\N	t	RS0040	0	t	INHERIT	43	29	\N	1
2023-12-13 22:22:18.320353	2023-12-13 22:22:18.320353	\N	t	RS0042	0	t	INHERIT	44	29	\N	1
2023-12-13 22:22:18.332209	2023-12-13 22:22:18.332209	\N	t	RS0044	0	t	INHERIT	45	29	\N	1
2023-12-13 22:22:18.344253	2023-12-13 22:22:18.344253	\N	t	RS0046	0	t	INHERIT	46	29	\N	1
2023-12-13 22:22:18.440262	2023-12-13 22:22:18.440262	\N	t	AR4561-40	0	t	INHERIT	47	30	\N	1
2023-12-13 22:22:18.456502	2023-12-13 22:22:18.456502	\N	t	AR4561-42	0	t	INHERIT	48	30	\N	1
2023-12-13 22:22:18.470411	2023-12-13 22:22:18.470411	\N	t	AR4561-44	0	t	INHERIT	49	30	\N	1
2023-12-13 22:22:18.482254	2023-12-13 22:22:18.482254	\N	t	AR4561-46	0	t	INHERIT	50	30	\N	1
2023-12-13 22:22:18.572988	2023-12-13 22:22:18.572988	\N	t	AO7893-40	0	t	INHERIT	51	31	\N	1
2023-12-13 22:22:18.588792	2023-12-13 22:22:18.588792	\N	t	AO7893-42	0	t	INHERIT	52	31	\N	1
2023-12-13 22:22:18.603829	2023-12-13 22:22:18.603829	\N	t	AO7893-44	0	t	INHERIT	53	31	\N	1
2023-12-13 22:22:18.620964	2023-12-13 22:22:18.620964	\N	t	AO7893-46	0	t	INHERIT	54	31	\N	1
2023-12-13 22:22:18.711276	2023-12-13 22:22:18.711276	\N	t	F3578640	0	t	INHERIT	55	32	\N	1
2023-12-13 22:22:18.727976	2023-12-13 22:22:18.727976	\N	t	F3578642	0	t	INHERIT	56	32	\N	1
2023-12-13 22:22:18.744038	2023-12-13 22:22:18.744038	\N	t	F3578644	0	t	INHERIT	57	32	\N	1
2023-12-13 22:22:18.759132	2023-12-13 22:22:18.759132	\N	t	F3578646	0	t	INHERIT	58	32	\N	1
2023-12-13 22:22:18.832002	2023-12-13 22:22:18.832002	\N	t	F3633340	0	t	INHERIT	59	33	\N	1
2023-12-13 22:22:18.845264	2023-12-13 22:22:18.845264	\N	t	F3633342	0	t	INHERIT	60	33	\N	1
2023-12-13 22:22:18.861212	2023-12-13 22:22:18.861212	\N	t	F3633344	0	t	INHERIT	61	33	\N	1
2023-12-13 22:22:18.877017	2023-12-13 22:22:18.877017	\N	t	F3633346	0	t	INHERIT	62	33	\N	1
2023-12-13 22:22:18.961275	2023-12-13 22:22:18.961275	\N	t	CAS23340	0	t	INHERIT	63	34	\N	1
2023-12-13 22:22:18.973341	2023-12-13 22:22:18.973341	\N	t	CAS23342	0	t	INHERIT	64	34	\N	1
2023-12-13 22:22:18.987728	2023-12-13 22:22:18.987728	\N	t	CAS23344	0	t	INHERIT	65	34	\N	1
2023-12-13 22:22:19.004057	2023-12-13 22:22:19.004057	\N	t	CAS23346	0	t	INHERIT	66	34	\N	1
2023-12-13 22:22:19.101376	2023-12-13 22:22:19.101376	\N	t	SC011001	0	t	INHERIT	67	35	\N	1
2023-12-13 22:22:19.156893	2023-12-13 22:22:19.156893	\N	t	A58477	0	t	INHERIT	68	36	\N	1
2023-12-13 22:22:19.215967	2023-12-13 22:22:19.215967	\N	t	A44223	0	t	INHERIT	69	37	\N	1
2023-12-13 22:22:19.271806	2023-12-13 22:22:19.271806	\N	t	A44352	0	t	INHERIT	70	38	\N	1
2023-12-13 22:22:19.334227	2023-12-13 22:22:19.334227	\N	t	A04851	0	t	INHERIT	71	39	\N	1
2023-12-13 22:22:19.392972	2023-12-13 22:22:19.392972	\N	t	A08593	0	t	INHERIT	72	40	\N	1
2023-12-13 22:22:19.444911	2023-12-13 22:22:19.444911	\N	t	ROR00221	0	t	INHERIT	73	41	\N	1
2023-12-13 22:22:19.502552	2023-12-13 22:22:19.502552	\N	t	B01MXFLUSV	0	t	INHERIT	74	42	\N	1
2023-12-13 22:22:19.575776	2023-12-13 22:22:19.575776	\N	t	GL34LLW11	0	t	INHERIT	75	43	\N	1
2023-12-13 22:22:19.621136	2023-12-13 22:22:19.621136	\N	t	4058NB/09	0	t	INHERIT	76	44	\N	1
2023-12-13 22:22:19.663578	2023-12-13 22:22:19.663578	\N	t	34-BC82444	0	t	INHERIT	77	45	\N	1
2023-12-13 22:22:19.720377	2023-12-13 22:22:19.720377	\N	t	CH00001-12	0	t	INHERIT	78	46	\N	1
2023-12-13 22:22:19.783241	2023-12-13 22:22:19.783241	\N	t	CH00001-02	0	t	INHERIT	79	47	\N	1
2023-12-13 22:22:19.836237	2023-12-13 22:22:19.836237	\N	t	B45809LSW	0	t	INHERIT	80	48	\N	1
2023-12-13 22:22:19.89695	2023-12-13 22:22:19.89695	\N	t	304.096.29	0	t	INHERIT	81	49	\N	1
2023-12-13 22:22:19.949486	2023-12-13 22:22:19.949486	\N	t	404.068.14	0	t	INHERIT	82	50	\N	1
2023-12-13 22:22:20.00913	2023-12-13 22:22:20.00913	\N	t	003.600.02	0	t	INHERIT	83	51	\N	1
2023-12-13 22:22:20.064065	2023-12-13 22:22:20.064065	\N	t	202.493.30	0	t	INHERIT	84	52	\N	1
2023-12-13 22:22:20.122225	2023-12-13 22:22:20.122225	\N	t	404.290.14	0	t	INHERIT	85	53	\N	1
2023-12-13 22:22:20.199554	2023-12-13 22:22:20.199554	\N	t	404.038.96	0	t	INHERIT	86	54	\N	1
2023-12-13 22:22:20.231726	2023-12-13 22:22:20.231726	\N	t	404.038.96	0	t	INHERIT	87	54	\N	1
2023-12-13 22:22:20.24938	2023-12-13 22:22:20.24938	\N	t	404.038.96	0	t	INHERIT	88	54	\N	1
\.


--
-- Data for Name: product_variant_asset; Type: TABLE DATA; Schema: public; Owner: postgres
--

COPY public.product_variant_asset ("createdAt", "updatedAt", "assetId", "position", "productVariantId", id) FROM stdin;
\.


--
-- Data for Name: product_variant_channels_channel; Type: TABLE DATA; Schema: public; Owner: postgres
--

COPY public.product_variant_channels_channel ("productVariantId", "channelId") FROM stdin;
1	1
2	1
3	1
4	1
5	1
6	1
7	1
8	1
9	1
10	1
11	1
12	1
13	1
14	1
15	1
16	1
17	1
18	1
19	1
20	1
21	1
22	1
23	1
24	1
25	1
26	1
27	1
28	1
29	1
30	1
31	1
32	1
33	1
34	1
35	1
36	1
37	1
38	1
39	1
40	1
41	1
42	1
43	1
44	1
45	1
46	1
47	1
48	1
49	1
50	1
51	1
52	1
53	1
54	1
55	1
56	1
57	1
58	1
59	1
60	1
61	1
62	1
63	1
64	1
65	1
66	1
67	1
68	1
69	1
70	1
71	1
72	1
73	1
74	1
75	1
76	1
77	1
78	1
79	1
80	1
81	1
82	1
83	1
84	1
85	1
86	1
87	1
88	1
\.


--
-- Data for Name: product_variant_facet_values_facet_value; Type: TABLE DATA; Schema: public; Owner: postgres
--

COPY public.product_variant_facet_values_facet_value ("productVariantId", "facetValueId") FROM stdin;
86	38
87	39
88	28
\.


--
-- Data for Name: product_variant_options_product_option; Type: TABLE DATA; Schema: public; Owner: postgres
--

COPY public.product_variant_options_product_option ("productVariantId", "productOptionId") FROM stdin;
1	1
1	3
2	2
2	3
3	1
3	4
4	2
4	4
5	5
6	6
9	7
10	8
11	9
12	10
13	11
14	12
14	14
15	13
15	14
16	12
16	15
17	13
17	15
18	16
19	17
20	18
21	19
22	20
43	21
44	22
45	23
46	24
47	25
48	26
49	27
50	28
51	29
52	30
53	31
54	32
55	33
56	34
57	35
58	36
59	37
60	38
61	39
62	40
63	41
64	42
65	43
66	44
86	45
87	46
88	47
\.


--
-- Data for Name: product_variant_price; Type: TABLE DATA; Schema: public; Owner: postgres
--

COPY public.product_variant_price ("createdAt", "updatedAt", "currencyCode", id, "channelId", price, "variantId") FROM stdin;
2023-12-13 22:22:16.057207	2023-12-13 22:22:16.057207	USD	1	1	129900	1
2023-12-13 22:22:16.074232	2023-12-13 22:22:16.074232	USD	2	1	139900	2
2023-12-13 22:22:16.091636	2023-12-13 22:22:16.091636	USD	3	1	219900	3
2023-12-13 22:22:16.116399	2023-12-13 22:22:16.116399	USD	4	1	229900	4
2023-12-13 22:22:16.195798	2023-12-13 22:22:16.195798	USD	5	1	32900	5
2023-12-13 22:22:16.214006	2023-12-13 22:22:16.214006	USD	6	1	44500	6
2023-12-13 22:22:16.285922	2023-12-13 22:22:16.285922	USD	7	1	1899	7
2023-12-13 22:22:16.380794	2023-12-13 22:22:16.380794	USD	8	1	31000	8
2023-12-13 22:22:16.461659	2023-12-13 22:22:16.461659	USD	9	1	14374	9
2023-12-13 22:22:16.475083	2023-12-13 22:22:16.475083	USD	10	1	16994	10
2023-12-13 22:22:16.582948	2023-12-13 22:22:16.582948	USD	11	1	13785	11
2023-12-13 22:22:16.599164	2023-12-13 22:22:16.599164	USD	12	1	14639	12
2023-12-13 22:22:16.619498	2023-12-13 22:22:16.619498	USD	13	1	28181	13
2023-12-13 22:22:16.709776	2023-12-13 22:22:16.709776	USD	14	1	108720	14
2023-12-13 22:22:16.727305	2023-12-13 22:22:16.727305	USD	15	1	109995	15
2023-12-13 22:22:16.741982	2023-12-13 22:22:16.741982	USD	16	1	93120	16
2023-12-13 22:22:16.758082	2023-12-13 22:22:16.758082	USD	17	1	94920	17
2023-12-13 22:22:16.853605	2023-12-13 22:22:16.853605	USD	18	1	3799	18
2023-12-13 22:22:16.871217	2023-12-13 22:22:16.871217	USD	19	1	5374	19
2023-12-13 22:22:16.893045	2023-12-13 22:22:16.893045	USD	20	1	7896	20
2023-12-13 22:22:16.906865	2023-12-13 22:22:16.906865	USD	21	1	9299	21
2023-12-13 22:22:16.926109	2023-12-13 22:22:16.926109	USD	22	1	13435	22
2023-12-13 22:22:16.978688	2023-12-13 22:22:16.978688	USD	23	1	7489	23
2023-12-13 22:22:17.051679	2023-12-13 22:22:17.051679	USD	24	1	597	24
2023-12-13 22:22:17.103065	2023-12-13 22:22:17.103065	USD	25	1	6900	25
2023-12-13 22:22:17.172621	2023-12-13 22:22:17.172621	USD	26	1	17499	26
2023-12-13 22:22:17.235604	2023-12-13 22:22:17.235604	USD	27	1	10400	27
2023-12-13 22:22:17.290459	2023-12-13 22:22:17.290459	USD	28	1	535000	28
2023-12-13 22:22:17.353315	2023-12-13 22:22:17.353315	USD	29	1	1498	29
2023-12-13 22:22:17.433514	2023-12-13 22:22:17.433514	USD	30	1	2000	30
2023-12-13 22:22:17.498921	2023-12-13 22:22:17.498921	USD	31	1	89999	31
2023-12-13 22:22:17.563969	2023-12-13 22:22:17.563969	USD	32	1	61500	32
2023-12-13 22:22:17.614024	2023-12-13 22:22:17.614024	USD	33	1	52100	33
2023-12-13 22:22:17.680234	2023-12-13 22:22:17.680234	USD	34	1	79900	34
2023-12-13 22:22:17.765358	2023-12-13 22:22:17.765358	USD	35	1	249900	35
2023-12-13 22:22:17.835689	2023-12-13 22:22:17.835689	USD	36	1	799	36
2023-12-13 22:22:17.892995	2023-12-13 22:22:17.892995	USD	37	1	3304	37
2023-12-13 22:22:17.94953	2023-12-13 22:22:17.94953	USD	38	1	21493	38
2023-12-13 22:22:18.006189	2023-12-13 22:22:18.006189	USD	39	1	2499	39
2023-12-13 22:22:18.07491	2023-12-13 22:22:18.07491	USD	40	1	5707	40
2023-12-13 22:22:18.132688	2023-12-13 22:22:18.132688	USD	41	1	1273	41
2023-12-13 22:22:18.195232	2023-12-13 22:22:18.195232	USD	42	1	3562	42
2023-12-13 22:22:18.317511	2023-12-13 22:22:18.317511	USD	43	1	9999	43
2023-12-13 22:22:18.329114	2023-12-13 22:22:18.329114	USD	44	1	9999	44
2023-12-13 22:22:18.341516	2023-12-13 22:22:18.341516	USD	45	1	9999	45
2023-12-13 22:22:18.356147	2023-12-13 22:22:18.356147	USD	46	1	9999	46
2023-12-13 22:22:18.449798	2023-12-13 22:22:18.449798	USD	47	1	16000	47
2023-12-13 22:22:18.466608	2023-12-13 22:22:18.466608	USD	48	1	16000	48
2023-12-13 22:22:18.479437	2023-12-13 22:22:18.479437	USD	49	1	16000	49
2023-12-13 22:22:18.490983	2023-12-13 22:22:18.490983	USD	50	1	16000	50
2023-12-13 22:22:18.586046	2023-12-13 22:22:18.586046	USD	51	1	14000	51
2023-12-13 22:22:18.599255	2023-12-13 22:22:18.599255	USD	52	1	14000	52
2023-12-13 22:22:18.616463	2023-12-13 22:22:18.616463	USD	53	1	14000	53
2023-12-13 22:22:18.632213	2023-12-13 22:22:18.632213	USD	54	1	14000	54
2023-12-13 22:22:18.724553	2023-12-13 22:22:18.724553	USD	55	1	9995	55
2023-12-13 22:22:18.741112	2023-12-13 22:22:18.741112	USD	56	1	9995	56
2023-12-13 22:22:18.75564	2023-12-13 22:22:18.75564	USD	57	1	9995	57
2023-12-13 22:22:18.769214	2023-12-13 22:22:18.769214	USD	58	1	9995	58
2023-12-13 22:22:18.841573	2023-12-13 22:22:18.841573	USD	59	1	4495	59
2023-12-13 22:22:18.857229	2023-12-13 22:22:18.857229	USD	60	1	4495	60
2023-12-13 22:22:18.873704	2023-12-13 22:22:18.873704	USD	61	1	4495	61
2023-12-13 22:22:18.886688	2023-12-13 22:22:18.886688	USD	62	1	4495	62
2023-12-13 22:22:18.969582	2023-12-13 22:22:18.969582	USD	63	1	6500	63
2023-12-13 22:22:18.984722	2023-12-13 22:22:18.984722	USD	64	1	6500	64
2023-12-13 22:22:18.999413	2023-12-13 22:22:18.999413	USD	65	1	6500	65
2023-12-13 22:22:19.016257	2023-12-13 22:22:19.016257	USD	66	1	6500	66
2023-12-13 22:22:19.109534	2023-12-13 22:22:19.109534	USD	67	1	1550	67
2023-12-13 22:22:19.168557	2023-12-13 22:22:19.168557	USD	68	1	675	68
2023-12-13 22:22:19.227782	2023-12-13 22:22:19.227782	USD	69	1	1995	69
2023-12-13 22:22:19.280524	2023-12-13 22:22:19.280524	USD	70	1	699	70
2023-12-13 22:22:19.345136	2023-12-13 22:22:19.345136	USD	71	1	895	71
2023-12-13 22:22:19.402275	2023-12-13 22:22:19.402275	USD	72	1	3250	72
2023-12-13 22:22:19.455653	2023-12-13 22:22:19.455653	USD	73	1	6500	73
2023-12-13 22:22:19.5147	2023-12-13 22:22:19.5147	USD	74	1	1999	74
2023-12-13 22:22:19.584456	2023-12-13 22:22:19.584456	USD	75	1	18853	75
2023-12-13 22:22:19.629267	2023-12-13 22:22:19.629267	USD	76	1	499	76
2023-12-13 22:22:19.675227	2023-12-13 22:22:19.675227	USD	77	1	6500	77
2023-12-13 22:22:19.732172	2023-12-13 22:22:19.732172	USD	78	1	29500	78
2023-12-13 22:22:19.795125	2023-12-13 22:22:19.795125	USD	79	1	124500	79
2023-12-13 22:22:19.845809	2023-12-13 22:22:19.845809	USD	80	1	2845	80
2023-12-13 22:22:19.905792	2023-12-13 22:22:19.905792	USD	81	1	12500	81
2023-12-13 22:22:19.96024	2023-12-13 22:22:19.96024	USD	82	1	13000	82
2023-12-13 22:22:20.021065	2023-12-13 22:22:20.021065	USD	83	1	7000	83
2023-12-13 22:22:20.073303	2023-12-13 22:22:20.073303	USD	84	1	1400	84
2023-12-13 22:22:20.132653	2023-12-13 22:22:20.132653	USD	85	1	13000	85
2023-12-13 22:22:20.217996	2023-12-13 22:22:20.217996	USD	86	1	10000	86
2023-12-13 22:22:20.245701	2023-12-13 22:22:20.245701	USD	87	1	10000	87
2023-12-13 22:22:20.262634	2023-12-13 22:22:20.262634	USD	88	1	10000	88
\.


--
-- Data for Name: product_variant_translation; Type: TABLE DATA; Schema: public; Owner: postgres
--

COPY public.product_variant_translation ("createdAt", "updatedAt", "languageCode", name, id, "baseId") FROM stdin;
2023-12-13 22:22:16.036054	2023-12-13 22:22:16.039587	en	Laptop 13 inch 8GB	1	1
2023-12-13 22:22:16.059834	2023-12-13 22:22:16.061813	en	Laptop 15 inch 8GB	2	2
2023-12-13 22:22:16.076099	2023-12-13 22:22:16.077843	en	Laptop 13 inch 16GB	3	3
2023-12-13 22:22:16.097297	2023-12-13 22:22:16.100299	en	Laptop 15 inch 16GB	4	4
2023-12-13 22:22:16.180175	2023-12-13 22:22:16.182371	en	Tablet 32GB	5	5
2023-12-13 22:22:16.198203	2023-12-13 22:22:16.199938	en	Tablet 128GB	6	6
2023-12-13 22:22:16.269302	2023-12-13 22:22:16.272528	en	Wireless Optical Mouse	7	7
2023-12-13 22:22:16.367596	2023-12-13 22:22:16.369491	en	32-Inch Monitor	8	8
2023-12-13 22:22:16.448147	2023-12-13 22:22:16.450178	en	Curvy Monitor 24 inch	9	9
2023-12-13 22:22:16.463232	2023-12-13 22:22:16.464698	en	Curvy Monitor 27 inch	10	10
2023-12-13 22:22:16.55959	2023-12-13 22:22:16.562578	en	High Performance RAM 4GB	11	11
2023-12-13 22:22:16.586348	2023-12-13 22:22:16.588229	en	High Performance RAM 8GB	12	12
2023-12-13 22:22:16.60105	2023-12-13 22:22:16.602767	en	High Performance RAM 16GB	13	13
2023-12-13 22:22:16.697899	2023-12-13 22:22:16.699945	en	Gaming PC i7-8700 240GB SSD	14	14
2023-12-13 22:22:16.711651	2023-12-13 22:22:16.713601	en	Gaming PC R7-2700 240GB SSD	15	15
2023-12-13 22:22:16.729004	2023-12-13 22:22:16.730749	en	Gaming PC i7-8700 120GB SSD	16	16
2023-12-13 22:22:16.743523	2023-12-13 22:22:16.745124	en	Gaming PC R7-2700 120GB SSD	17	17
2023-12-13 22:22:16.8418	2023-12-13 22:22:16.843239	en	Hard Drive 1TB	18	18
2023-12-13 22:22:16.855607	2023-12-13 22:22:16.858118	en	Hard Drive 2TB	19	19
2023-12-13 22:22:16.87333	2023-12-13 22:22:16.875169	en	Hard Drive 3TB	20	20
2023-12-13 22:22:16.894927	2023-12-13 22:22:16.896578	en	Hard Drive 4TB	21	21
2023-12-13 22:22:16.908285	2023-12-13 22:22:16.911985	en	Hard Drive 6TB	22	22
2023-12-13 22:22:16.966035	2023-12-13 22:22:16.967725	en	Clacky Keyboard	23	23
2023-12-13 22:22:17.033809	2023-12-13 22:22:17.038691	en	Ethernet Cable	24	24
2023-12-13 22:22:17.091834	2023-12-13 22:22:17.093719	en	USB Cable	25	25
2023-12-13 22:22:17.159585	2023-12-13 22:22:17.161557	en	Instant Camera	26	26
2023-12-13 22:22:17.223627	2023-12-13 22:22:17.225787	en	Camera Lens	27	27
2023-12-13 22:22:17.279349	2023-12-13 22:22:17.280682	en	Vintage Folding Camera	28	28
2023-12-13 22:22:17.340742	2023-12-13 22:22:17.342415	en	Tripod	29	29
2023-12-13 22:22:17.420358	2023-12-13 22:22:17.422945	en	Instamatic Camera	30	30
2023-12-13 22:22:17.488063	2023-12-13 22:22:17.489755	en	Compact Digital Camera	31	31
2023-12-13 22:22:17.544988	2023-12-13 22:22:17.547017	en	Nikkormat SLR Camera	32	32
2023-12-13 22:22:17.604094	2023-12-13 22:22:17.605612	en	Compact SLR Camera	33	33
2023-12-13 22:22:17.667465	2023-12-13 22:22:17.669398	en	Twin Lens Camera	34	34
2023-12-13 22:22:17.751521	2023-12-13 22:22:17.753324	en	Road Bike	35	35
2023-12-13 22:22:17.823643	2023-12-13 22:22:17.825157	en	Skipping Rope	36	36
2023-12-13 22:22:17.880052	2023-12-13 22:22:17.881447	en	Boxing Gloves	37	37
2023-12-13 22:22:17.939861	2023-12-13 22:22:17.941336	en	Tent	38	38
2023-12-13 22:22:17.996591	2023-12-13 22:22:17.998247	en	Cruiser Skateboard	39	39
2023-12-13 22:22:18.062101	2023-12-13 22:22:18.064347	en	Football	40	40
2023-12-13 22:22:18.122937	2023-12-13 22:22:18.124397	en	Tennis Ball	41	41
2023-12-13 22:22:18.181909	2023-12-13 22:22:18.183396	en	Basketball	42	42
2023-12-13 22:22:18.30437	2023-12-13 22:22:18.306505	en	Ultraboost Running Shoe Size 40	43	43
2023-12-13 22:22:18.319059	2023-12-13 22:22:18.320353	en	Ultraboost Running Shoe Size 42	44	44
2023-12-13 22:22:18.330784	2023-12-13 22:22:18.332209	en	Ultraboost Running Shoe Size 44	45	45
2023-12-13 22:22:18.342852	2023-12-13 22:22:18.344253	en	Ultraboost Running Shoe Size 46	46	46
2023-12-13 22:22:18.438622	2023-12-13 22:22:18.440262	en	Freerun Running Shoe Size 40	47	47
2023-12-13 22:22:18.45322	2023-12-13 22:22:18.456502	en	Freerun Running Shoe Size 42	48	48
2023-12-13 22:22:18.46878	2023-12-13 22:22:18.470411	en	Freerun Running Shoe Size 44	49	49
2023-12-13 22:22:18.480781	2023-12-13 22:22:18.482254	en	Freerun Running Shoe Size 46	50	50
2023-12-13 22:22:18.570993	2023-12-13 22:22:18.572988	en	Hi-Top Basketball Shoe Size 40	51	51
2023-12-13 22:22:18.587436	2023-12-13 22:22:18.588792	en	Hi-Top Basketball Shoe Size 42	52	52
2023-12-13 22:22:18.602044	2023-12-13 22:22:18.603829	en	Hi-Top Basketball Shoe Size 44	53	53
2023-12-13 22:22:18.618748	2023-12-13 22:22:18.620964	en	Hi-Top Basketball Shoe Size 46	54	54
2023-12-13 22:22:18.708378	2023-12-13 22:22:18.711276	en	Pureboost Running Shoe Size 40	55	55
2023-12-13 22:22:18.725949	2023-12-13 22:22:18.727976	en	Pureboost Running Shoe Size 42	56	56
2023-12-13 22:22:18.742598	2023-12-13 22:22:18.744038	en	Pureboost Running Shoe Size 44	57	57
2023-12-13 22:22:18.75752	2023-12-13 22:22:18.759132	en	Pureboost Running Shoe Size 46	58	58
2023-12-13 22:22:18.830661	2023-12-13 22:22:18.832002	en	RunX Running Shoe Size 40	59	59
2023-12-13 22:22:18.843483	2023-12-13 22:22:18.845264	en	RunX Running Shoe Size 42	60	60
2023-12-13 22:22:18.859426	2023-12-13 22:22:18.861212	en	RunX Running Shoe Size 44	61	61
2023-12-13 22:22:18.87527	2023-12-13 22:22:18.877017	en	RunX Running Shoe Size 46	62	62
2023-12-13 22:22:18.959766	2023-12-13 22:22:18.961275	en	Allstar Sneakers Size 40	63	63
2023-12-13 22:22:18.971513	2023-12-13 22:22:18.973341	en	Allstar Sneakers Size 42	64	64
2023-12-13 22:22:18.98626	2023-12-13 22:22:18.987728	en	Allstar Sneakers Size 44	65	65
2023-12-13 22:22:19.001951	2023-12-13 22:22:19.004057	en	Allstar Sneakers Size 46	66	66
2023-12-13 22:22:19.09998	2023-12-13 22:22:19.101376	en	Spiky Cactus	67	67
2023-12-13 22:22:19.155009	2023-12-13 22:22:19.156893	en	Tulip Pot	68	68
2023-12-13 22:22:19.213714	2023-12-13 22:22:19.215967	en	Hanging Plant	69	69
2023-12-13 22:22:19.269764	2023-12-13 22:22:19.271806	en	Aloe Vera	70	70
2023-12-13 22:22:19.331482	2023-12-13 22:22:19.334227	en	Fern Blechnum Gibbum	71	71
2023-12-13 22:22:19.39163	2023-12-13 22:22:19.392972	en	Assorted Indoor Succulents	72	72
2023-12-13 22:22:19.443157	2023-12-13 22:22:19.444911	en	Orchid	73	73
2023-12-13 22:22:19.500006	2023-12-13 22:22:19.502552	en	Bonsai Tree	74	74
2023-12-13 22:22:19.574115	2023-12-13 22:22:19.575776	en	Guardian Lion Statue	75	75
2023-12-13 22:22:19.619398	2023-12-13 22:22:19.621136	en	Hand Trowel	76	76
2023-12-13 22:22:19.662121	2023-12-13 22:22:19.663578	en	Balloon Chair	77	77
2023-12-13 22:22:19.718584	2023-12-13 22:22:19.720377	en	Grey Fabric Sofa	78	78
2023-12-13 22:22:19.781795	2023-12-13 22:22:19.783241	en	Leather Sofa	79	79
2023-12-13 22:22:19.83313	2023-12-13 22:22:19.836237	en	Light Shade	80	80
2023-12-13 22:22:19.895408	2023-12-13 22:22:19.89695	en	Wooden Side Desk	81	81
2023-12-13 22:22:19.946951	2023-12-13 22:22:19.949486	en	Comfy Padded Chair	82	82
2023-12-13 22:22:20.007272	2023-12-13 22:22:20.00913	en	Black Eaves Chair	83	83
2023-12-13 22:22:20.062859	2023-12-13 22:22:20.064065	en	Wooden Stool	84	84
2023-12-13 22:22:20.120211	2023-12-13 22:22:20.122225	en	Bedside Table	85	85
2023-12-13 22:22:20.197442	2023-12-13 22:22:20.199554	en	Modern Cafe Chair mustard	86	86
2023-12-13 22:22:20.228535	2023-12-13 22:22:20.231726	en	Modern Cafe Chair mint	87	87
2023-12-13 22:22:20.247378	2023-12-13 22:22:20.24938	en	Modern Cafe Chair pearl	88	88
\.


--
-- Data for Name: promotion; Type: TABLE DATA; Schema: public; Owner: postgres
--

COPY public.promotion ("createdAt", "updatedAt", "deletedAt", "startsAt", "endsAt", "couponCode", "perCustomerUsageLimit", "usageLimit", enabled, conditions, actions, "priorityScore", id) FROM stdin;
\.


--
-- Data for Name: promotion_channels_channel; Type: TABLE DATA; Schema: public; Owner: postgres
--

COPY public.promotion_channels_channel ("promotionId", "channelId") FROM stdin;
\.


--
-- Data for Name: promotion_translation; Type: TABLE DATA; Schema: public; Owner: postgres
--

COPY public.promotion_translation ("createdAt", "updatedAt", "languageCode", name, description, id, "baseId") FROM stdin;
\.


--
-- Data for Name: refund; Type: TABLE DATA; Schema: public; Owner: postgres
--

COPY public.refund ("createdAt", "updatedAt", method, reason, state, "transactionId", metadata, id, "paymentId", items, shipping, adjustment, total) FROM stdin;
\.


--
-- Data for Name: region; Type: TABLE DATA; Schema: public; Owner: postgres
--

COPY public.region ("createdAt", "updatedAt", code, type, enabled, id, "parentId", discriminator) FROM stdin;
2023-12-13 22:22:13.473752	2023-12-13 22:22:13.473752	AF	country	t	1	\N	Country
2023-12-13 22:22:13.500858	2023-12-13 22:22:13.500858	AX	country	t	2	\N	Country
2023-12-13 22:22:13.516988	2023-12-13 22:22:13.516988	AL	country	t	3	\N	Country
2023-12-13 22:22:13.52581	2023-12-13 22:22:13.52581	DZ	country	t	4	\N	Country
2023-12-13 22:22:13.543804	2023-12-13 22:22:13.543804	AS	country	t	5	\N	Country
2023-12-13 22:22:13.563787	2023-12-13 22:22:13.563787	AD	country	t	6	\N	Country
2023-12-13 22:22:13.573041	2023-12-13 22:22:13.573041	AO	country	t	7	\N	Country
2023-12-13 22:22:13.580526	2023-12-13 22:22:13.580526	AI	country	t	8	\N	Country
2023-12-13 22:22:13.599292	2023-12-13 22:22:13.599292	AG	country	t	9	\N	Country
2023-12-13 22:22:13.612419	2023-12-13 22:22:13.612419	AR	country	t	10	\N	Country
2023-12-13 22:22:13.619233	2023-12-13 22:22:13.619233	AM	country	t	11	\N	Country
2023-12-13 22:22:13.626317	2023-12-13 22:22:13.626317	AW	country	t	12	\N	Country
2023-12-13 22:22:13.633552	2023-12-13 22:22:13.633552	AU	country	t	13	\N	Country
2023-12-13 22:22:13.640755	2023-12-13 22:22:13.640755	AT	country	t	14	\N	Country
2023-12-13 22:22:13.64775	2023-12-13 22:22:13.64775	AZ	country	t	15	\N	Country
2023-12-13 22:22:13.660494	2023-12-13 22:22:13.660494	BS	country	t	16	\N	Country
2023-12-13 22:22:13.669361	2023-12-13 22:22:13.669361	BH	country	t	17	\N	Country
2023-12-13 22:22:13.676347	2023-12-13 22:22:13.676347	BD	country	t	18	\N	Country
2023-12-13 22:22:13.686744	2023-12-13 22:22:13.686744	BB	country	t	19	\N	Country
2023-12-13 22:22:13.695822	2023-12-13 22:22:13.695822	BY	country	t	20	\N	Country
2023-12-13 22:22:13.704788	2023-12-13 22:22:13.704788	BE	country	t	21	\N	Country
2023-12-13 22:22:13.7137	2023-12-13 22:22:13.7137	BZ	country	t	22	\N	Country
2023-12-13 22:22:13.721472	2023-12-13 22:22:13.721472	BJ	country	t	23	\N	Country
2023-12-13 22:22:13.729012	2023-12-13 22:22:13.729012	BM	country	t	24	\N	Country
2023-12-13 22:22:13.737865	2023-12-13 22:22:13.737865	BT	country	t	25	\N	Country
2023-12-13 22:22:13.74505	2023-12-13 22:22:13.74505	BO	country	t	26	\N	Country
2023-12-13 22:22:13.75149	2023-12-13 22:22:13.75149	BQ	country	t	27	\N	Country
2023-12-13 22:22:13.75795	2023-12-13 22:22:13.75795	BA	country	t	28	\N	Country
2023-12-13 22:22:13.764969	2023-12-13 22:22:13.764969	BW	country	t	29	\N	Country
2023-12-13 22:22:13.772312	2023-12-13 22:22:13.772312	BV	country	t	30	\N	Country
2023-12-13 22:22:13.779994	2023-12-13 22:22:13.779994	BR	country	t	31	\N	Country
2023-12-13 22:22:13.788271	2023-12-13 22:22:13.788271	IO	country	t	32	\N	Country
2023-12-13 22:22:13.794915	2023-12-13 22:22:13.794915	BN	country	t	33	\N	Country
2023-12-13 22:22:13.800617	2023-12-13 22:22:13.800617	BG	country	t	34	\N	Country
2023-12-13 22:22:13.806691	2023-12-13 22:22:13.806691	BF	country	t	35	\N	Country
2023-12-13 22:22:13.812786	2023-12-13 22:22:13.812786	BI	country	t	36	\N	Country
2023-12-13 22:22:13.818734	2023-12-13 22:22:13.818734	CV	country	t	37	\N	Country
2023-12-13 22:22:13.830446	2023-12-13 22:22:13.830446	KH	country	t	38	\N	Country
2023-12-13 22:22:13.83745	2023-12-13 22:22:13.83745	CM	country	t	39	\N	Country
2023-12-13 22:22:13.847095	2023-12-13 22:22:13.847095	CA	country	t	40	\N	Country
2023-12-13 22:22:13.857522	2023-12-13 22:22:13.857522	KY	country	t	41	\N	Country
2023-12-13 22:22:13.866108	2023-12-13 22:22:13.866108	CF	country	t	42	\N	Country
2023-12-13 22:22:13.873508	2023-12-13 22:22:13.873508	TD	country	t	43	\N	Country
2023-12-13 22:22:13.884304	2023-12-13 22:22:13.884304	CL	country	t	44	\N	Country
2023-12-13 22:22:13.891132	2023-12-13 22:22:13.891132	CN	country	t	45	\N	Country
2023-12-13 22:22:13.89824	2023-12-13 22:22:13.89824	CX	country	t	46	\N	Country
2023-12-13 22:22:13.907022	2023-12-13 22:22:13.907022	CC	country	t	47	\N	Country
2023-12-13 22:22:13.916161	2023-12-13 22:22:13.916161	CO	country	t	48	\N	Country
2023-12-13 22:22:13.924542	2023-12-13 22:22:13.924542	KM	country	t	49	\N	Country
2023-12-13 22:22:13.932374	2023-12-13 22:22:13.932374	CG	country	t	50	\N	Country
2023-12-13 22:22:13.938558	2023-12-13 22:22:13.938558	CD	country	t	51	\N	Country
2023-12-13 22:22:13.945504	2023-12-13 22:22:13.945504	CK	country	t	52	\N	Country
2023-12-13 22:22:13.954156	2023-12-13 22:22:13.954156	CR	country	t	53	\N	Country
2023-12-13 22:22:13.9611	2023-12-13 22:22:13.9611	CI	country	t	54	\N	Country
2023-12-13 22:22:13.966962	2023-12-13 22:22:13.966962	HR	country	t	55	\N	Country
2023-12-13 22:22:13.975112	2023-12-13 22:22:13.975112	CU	country	t	56	\N	Country
2023-12-13 22:22:13.980613	2023-12-13 22:22:13.980613	CW	country	t	57	\N	Country
2023-12-13 22:22:13.987622	2023-12-13 22:22:13.987622	CY	country	t	58	\N	Country
2023-12-13 22:22:13.994828	2023-12-13 22:22:13.994828	CZ	country	t	59	\N	Country
2023-12-13 22:22:14.001416	2023-12-13 22:22:14.001416	DK	country	t	60	\N	Country
2023-12-13 22:22:14.008328	2023-12-13 22:22:14.008328	DJ	country	t	61	\N	Country
2023-12-13 22:22:14.013853	2023-12-13 22:22:14.013853	DM	country	t	62	\N	Country
2023-12-13 22:22:14.020665	2023-12-13 22:22:14.020665	DO	country	t	63	\N	Country
2023-12-13 22:22:14.030918	2023-12-13 22:22:14.030918	EC	country	t	64	\N	Country
2023-12-13 22:22:14.037256	2023-12-13 22:22:14.037256	EG	country	t	65	\N	Country
2023-12-13 22:22:14.043472	2023-12-13 22:22:14.043472	SV	country	t	66	\N	Country
2023-12-13 22:22:14.050261	2023-12-13 22:22:14.050261	GQ	country	t	67	\N	Country
2023-12-13 22:22:14.056986	2023-12-13 22:22:14.056986	ER	country	t	68	\N	Country
2023-12-13 22:22:14.064882	2023-12-13 22:22:14.064882	EE	country	t	69	\N	Country
2023-12-13 22:22:14.074603	2023-12-13 22:22:14.074603	SZ	country	t	70	\N	Country
2023-12-13 22:22:14.081371	2023-12-13 22:22:14.081371	ET	country	t	71	\N	Country
2023-12-13 22:22:14.08853	2023-12-13 22:22:14.08853	FK	country	t	72	\N	Country
2023-12-13 22:22:14.096126	2023-12-13 22:22:14.096126	FO	country	t	73	\N	Country
2023-12-13 22:22:14.103955	2023-12-13 22:22:14.103955	FJ	country	t	74	\N	Country
2023-12-13 22:22:14.115933	2023-12-13 22:22:14.115933	FI	country	t	75	\N	Country
2023-12-13 22:22:14.124834	2023-12-13 22:22:14.124834	FR	country	t	76	\N	Country
2023-12-13 22:22:14.137442	2023-12-13 22:22:14.137442	GF	country	t	77	\N	Country
2023-12-13 22:22:14.147445	2023-12-13 22:22:14.147445	PF	country	t	78	\N	Country
2023-12-13 22:22:14.155543	2023-12-13 22:22:14.155543	TF	country	t	79	\N	Country
2023-12-13 22:22:14.165378	2023-12-13 22:22:14.165378	GA	country	t	80	\N	Country
2023-12-13 22:22:14.173218	2023-12-13 22:22:14.173218	GM	country	t	81	\N	Country
2023-12-13 22:22:14.179717	2023-12-13 22:22:14.179717	GE	country	t	82	\N	Country
2023-12-13 22:22:14.185508	2023-12-13 22:22:14.185508	DE	country	t	83	\N	Country
2023-12-13 22:22:14.191496	2023-12-13 22:22:14.191496	GH	country	t	84	\N	Country
2023-12-13 22:22:14.197047	2023-12-13 22:22:14.197047	GI	country	t	85	\N	Country
2023-12-13 22:22:14.206807	2023-12-13 22:22:14.206807	GR	country	t	86	\N	Country
2023-12-13 22:22:14.213357	2023-12-13 22:22:14.213357	GL	country	t	87	\N	Country
2023-12-13 22:22:14.22142	2023-12-13 22:22:14.22142	GD	country	t	88	\N	Country
2023-12-13 22:22:14.229259	2023-12-13 22:22:14.229259	GP	country	t	89	\N	Country
2023-12-13 22:22:14.237004	2023-12-13 22:22:14.237004	GU	country	t	90	\N	Country
2023-12-13 22:22:14.244151	2023-12-13 22:22:14.244151	GT	country	t	91	\N	Country
2023-12-13 22:22:14.251497	2023-12-13 22:22:14.251497	GG	country	t	92	\N	Country
2023-12-13 22:22:14.259017	2023-12-13 22:22:14.259017	GN	country	t	93	\N	Country
2023-12-13 22:22:14.269064	2023-12-13 22:22:14.269064	GW	country	t	94	\N	Country
2023-12-13 22:22:14.277711	2023-12-13 22:22:14.277711	GY	country	t	95	\N	Country
2023-12-13 22:22:14.284439	2023-12-13 22:22:14.284439	HT	country	t	96	\N	Country
2023-12-13 22:22:14.290889	2023-12-13 22:22:14.290889	HM	country	t	97	\N	Country
2023-12-13 22:22:14.301578	2023-12-13 22:22:14.301578	VA	country	t	98	\N	Country
2023-12-13 22:22:14.309691	2023-12-13 22:22:14.309691	HN	country	t	99	\N	Country
2023-12-13 22:22:14.321595	2023-12-13 22:22:14.321595	HK	country	t	100	\N	Country
2023-12-13 22:22:14.32856	2023-12-13 22:22:14.32856	HU	country	t	101	\N	Country
2023-12-13 22:22:14.338598	2023-12-13 22:22:14.338598	IS	country	t	102	\N	Country
2023-12-13 22:22:14.34629	2023-12-13 22:22:14.34629	IN	country	t	103	\N	Country
2023-12-13 22:22:14.353328	2023-12-13 22:22:14.353328	ID	country	t	104	\N	Country
2023-12-13 22:22:14.360865	2023-12-13 22:22:14.360865	IR	country	t	105	\N	Country
2023-12-13 22:22:14.368073	2023-12-13 22:22:14.368073	IQ	country	t	106	\N	Country
2023-12-13 22:22:14.374609	2023-12-13 22:22:14.374609	IE	country	t	107	\N	Country
2023-12-13 22:22:14.38126	2023-12-13 22:22:14.38126	IM	country	t	108	\N	Country
2023-12-13 22:22:14.387317	2023-12-13 22:22:14.387317	IL	country	t	109	\N	Country
2023-12-13 22:22:14.400044	2023-12-13 22:22:14.400044	IT	country	t	110	\N	Country
2023-12-13 22:22:14.40698	2023-12-13 22:22:14.40698	JM	country	t	111	\N	Country
2023-12-13 22:22:14.415303	2023-12-13 22:22:14.415303	JP	country	t	112	\N	Country
2023-12-13 22:22:14.422753	2023-12-13 22:22:14.422753	JE	country	t	113	\N	Country
2023-12-13 22:22:14.42898	2023-12-13 22:22:14.42898	JO	country	t	114	\N	Country
2023-12-13 22:22:14.4359	2023-12-13 22:22:14.4359	KZ	country	t	115	\N	Country
2023-12-13 22:22:14.441522	2023-12-13 22:22:14.441522	KE	country	t	116	\N	Country
2023-12-13 22:22:14.449529	2023-12-13 22:22:14.449529	KI	country	t	117	\N	Country
2023-12-13 22:22:14.462696	2023-12-13 22:22:14.462696	KP	country	t	118	\N	Country
2023-12-13 22:22:14.469567	2023-12-13 22:22:14.469567	KR	country	t	119	\N	Country
2023-12-13 22:22:14.475971	2023-12-13 22:22:14.475971	KW	country	t	120	\N	Country
2023-12-13 22:22:14.482611	2023-12-13 22:22:14.482611	KG	country	t	121	\N	Country
2023-12-13 22:22:14.490378	2023-12-13 22:22:14.490378	LA	country	t	122	\N	Country
2023-12-13 22:22:14.498282	2023-12-13 22:22:14.498282	LV	country	t	123	\N	Country
2023-12-13 22:22:14.504808	2023-12-13 22:22:14.504808	LB	country	t	124	\N	Country
2023-12-13 22:22:14.515818	2023-12-13 22:22:14.515818	LS	country	t	125	\N	Country
2023-12-13 22:22:14.523953	2023-12-13 22:22:14.523953	LR	country	t	126	\N	Country
2023-12-13 22:22:14.531138	2023-12-13 22:22:14.531138	LY	country	t	127	\N	Country
2023-12-13 22:22:14.537469	2023-12-13 22:22:14.537469	LI	country	t	128	\N	Country
2023-12-13 22:22:14.543637	2023-12-13 22:22:14.543637	LT	country	t	129	\N	Country
2023-12-13 22:22:14.550752	2023-12-13 22:22:14.550752	LU	country	t	130	\N	Country
2023-12-13 22:22:14.558329	2023-12-13 22:22:14.558329	MO	country	t	131	\N	Country
2023-12-13 22:22:14.566541	2023-12-13 22:22:14.566541	MK	country	t	132	\N	Country
2023-12-13 22:22:14.574438	2023-12-13 22:22:14.574438	MG	country	t	133	\N	Country
2023-12-13 22:22:14.580278	2023-12-13 22:22:14.580278	MW	country	t	134	\N	Country
2023-12-13 22:22:14.585896	2023-12-13 22:22:14.585896	MY	country	t	135	\N	Country
2023-12-13 22:22:14.593456	2023-12-13 22:22:14.593456	MV	country	t	136	\N	Country
2023-12-13 22:22:14.599938	2023-12-13 22:22:14.599938	ML	country	t	137	\N	Country
2023-12-13 22:22:14.606308	2023-12-13 22:22:14.606308	MT	country	t	138	\N	Country
2023-12-13 22:22:14.613924	2023-12-13 22:22:14.613924	MH	country	t	139	\N	Country
2023-12-13 22:22:14.622324	2023-12-13 22:22:14.622324	MQ	country	t	140	\N	Country
2023-12-13 22:22:14.63207	2023-12-13 22:22:14.63207	MR	country	t	141	\N	Country
2023-12-13 22:22:14.638785	2023-12-13 22:22:14.638785	MU	country	t	142	\N	Country
2023-12-13 22:22:14.644983	2023-12-13 22:22:14.644983	YT	country	t	143	\N	Country
2023-12-13 22:22:14.65398	2023-12-13 22:22:14.65398	MX	country	t	144	\N	Country
2023-12-13 22:22:14.660413	2023-12-13 22:22:14.660413	FM	country	t	145	\N	Country
2023-12-13 22:22:14.667169	2023-12-13 22:22:14.667169	MD	country	t	146	\N	Country
2023-12-13 22:22:14.676158	2023-12-13 22:22:14.676158	MC	country	t	147	\N	Country
2023-12-13 22:22:14.684391	2023-12-13 22:22:14.684391	MN	country	t	148	\N	Country
2023-12-13 22:22:14.692978	2023-12-13 22:22:14.692978	ME	country	t	149	\N	Country
2023-12-13 22:22:14.702066	2023-12-13 22:22:14.702066	MS	country	t	150	\N	Country
2023-12-13 22:22:14.710549	2023-12-13 22:22:14.710549	MA	country	t	151	\N	Country
2023-12-13 22:22:14.716587	2023-12-13 22:22:14.716587	MZ	country	t	152	\N	Country
2023-12-13 22:22:14.72716	2023-12-13 22:22:14.72716	MM	country	t	153	\N	Country
2023-12-13 22:22:14.736429	2023-12-13 22:22:14.736429	NA	country	t	154	\N	Country
2023-12-13 22:22:14.750858	2023-12-13 22:22:14.750858	NR	country	t	155	\N	Country
2023-12-13 22:22:14.75859	2023-12-13 22:22:14.75859	NP	country	t	156	\N	Country
2023-12-13 22:22:14.764689	2023-12-13 22:22:14.764689	NL	country	t	157	\N	Country
2023-12-13 22:22:14.770778	2023-12-13 22:22:14.770778	NC	country	t	158	\N	Country
2023-12-13 22:22:14.776236	2023-12-13 22:22:14.776236	NZ	country	t	159	\N	Country
2023-12-13 22:22:14.781945	2023-12-13 22:22:14.781945	NI	country	t	160	\N	Country
2023-12-13 22:22:14.786998	2023-12-13 22:22:14.786998	NE	country	t	161	\N	Country
2023-12-13 22:22:14.792385	2023-12-13 22:22:14.792385	NG	country	t	162	\N	Country
2023-12-13 22:22:14.800453	2023-12-13 22:22:14.800453	NU	country	t	163	\N	Country
2023-12-13 22:22:14.806356	2023-12-13 22:22:14.806356	NF	country	t	164	\N	Country
2023-12-13 22:22:14.811925	2023-12-13 22:22:14.811925	MP	country	t	165	\N	Country
2023-12-13 22:22:14.817832	2023-12-13 22:22:14.817832	NO	country	t	166	\N	Country
2023-12-13 22:22:14.825711	2023-12-13 22:22:14.825711	OM	country	t	167	\N	Country
2023-12-13 22:22:14.832479	2023-12-13 22:22:14.832479	PK	country	t	168	\N	Country
2023-12-13 22:22:14.839354	2023-12-13 22:22:14.839354	PW	country	t	169	\N	Country
2023-12-13 22:22:14.845591	2023-12-13 22:22:14.845591	PS	country	t	170	\N	Country
2023-12-13 22:22:14.851512	2023-12-13 22:22:14.851512	PA	country	t	171	\N	Country
2023-12-13 22:22:14.858249	2023-12-13 22:22:14.858249	PG	country	t	172	\N	Country
2023-12-13 22:22:14.864218	2023-12-13 22:22:14.864218	PY	country	t	173	\N	Country
2023-12-13 22:22:14.869839	2023-12-13 22:22:14.869839	PE	country	t	174	\N	Country
2023-12-13 22:22:14.87582	2023-12-13 22:22:14.87582	PH	country	t	175	\N	Country
2023-12-13 22:22:14.88528	2023-12-13 22:22:14.88528	PN	country	t	176	\N	Country
2023-12-13 22:22:14.891817	2023-12-13 22:22:14.891817	PL	country	t	177	\N	Country
2023-12-13 22:22:14.898727	2023-12-13 22:22:14.898727	PT	country	t	178	\N	Country
2023-12-13 22:22:14.905635	2023-12-13 22:22:14.905635	PR	country	t	179	\N	Country
2023-12-13 22:22:14.91287	2023-12-13 22:22:14.91287	QA	country	t	180	\N	Country
2023-12-13 22:22:14.919844	2023-12-13 22:22:14.919844	RE	country	t	181	\N	Country
2023-12-13 22:22:14.924977	2023-12-13 22:22:14.924977	RO	country	t	182	\N	Country
2023-12-13 22:22:14.930425	2023-12-13 22:22:14.930425	RU	country	t	183	\N	Country
2023-12-13 22:22:14.935376	2023-12-13 22:22:14.935376	RW	country	t	184	\N	Country
2023-12-13 22:22:14.941251	2023-12-13 22:22:14.941251	BL	country	t	185	\N	Country
2023-12-13 22:22:14.946808	2023-12-13 22:22:14.946808	SH	country	t	186	\N	Country
2023-12-13 22:22:14.951996	2023-12-13 22:22:14.951996	KN	country	t	187	\N	Country
2023-12-13 22:22:14.956602	2023-12-13 22:22:14.956602	LC	country	t	188	\N	Country
2023-12-13 22:22:14.960887	2023-12-13 22:22:14.960887	MF	country	t	189	\N	Country
2023-12-13 22:22:14.96889	2023-12-13 22:22:14.96889	PM	country	t	190	\N	Country
2023-12-13 22:22:14.98154	2023-12-13 22:22:14.98154	VC	country	t	191	\N	Country
2023-12-13 22:22:14.987613	2023-12-13 22:22:14.987613	WS	country	t	192	\N	Country
2023-12-13 22:22:14.996082	2023-12-13 22:22:14.996082	SM	country	t	193	\N	Country
2023-12-13 22:22:15.007896	2023-12-13 22:22:15.007896	ST	country	t	194	\N	Country
2023-12-13 22:22:15.020678	2023-12-13 22:22:15.020678	SA	country	t	195	\N	Country
2023-12-13 22:22:15.028175	2023-12-13 22:22:15.028175	SN	country	t	196	\N	Country
2023-12-13 22:22:15.03555	2023-12-13 22:22:15.03555	RS	country	t	197	\N	Country
2023-12-13 22:22:15.04068	2023-12-13 22:22:15.04068	SC	country	t	198	\N	Country
2023-12-13 22:22:15.046784	2023-12-13 22:22:15.046784	SL	country	t	199	\N	Country
2023-12-13 22:22:15.052827	2023-12-13 22:22:15.052827	SG	country	t	200	\N	Country
2023-12-13 22:22:15.058792	2023-12-13 22:22:15.058792	SX	country	t	201	\N	Country
2023-12-13 22:22:15.064108	2023-12-13 22:22:15.064108	SK	country	t	202	\N	Country
2023-12-13 22:22:15.070039	2023-12-13 22:22:15.070039	SI	country	t	203	\N	Country
2023-12-13 22:22:15.076698	2023-12-13 22:22:15.076698	SB	country	t	204	\N	Country
2023-12-13 22:22:15.083355	2023-12-13 22:22:15.083355	SO	country	t	205	\N	Country
2023-12-13 22:22:15.088823	2023-12-13 22:22:15.088823	ZA	country	t	206	\N	Country
2023-12-13 22:22:15.094888	2023-12-13 22:22:15.094888	GS	country	t	207	\N	Country
2023-12-13 22:22:15.102708	2023-12-13 22:22:15.102708	SS	country	t	208	\N	Country
2023-12-13 22:22:15.11104	2023-12-13 22:22:15.11104	ES	country	t	209	\N	Country
2023-12-13 22:22:15.116773	2023-12-13 22:22:15.116773	LK	country	t	210	\N	Country
2023-12-13 22:22:15.124205	2023-12-13 22:22:15.124205	SD	country	t	211	\N	Country
2023-12-13 22:22:15.132408	2023-12-13 22:22:15.132408	SR	country	t	212	\N	Country
2023-12-13 22:22:15.140134	2023-12-13 22:22:15.140134	SJ	country	t	213	\N	Country
2023-12-13 22:22:15.148893	2023-12-13 22:22:15.148893	SE	country	t	214	\N	Country
2023-12-13 22:22:15.155997	2023-12-13 22:22:15.155997	CH	country	t	215	\N	Country
2023-12-13 22:22:15.162029	2023-12-13 22:22:15.162029	SY	country	t	216	\N	Country
2023-12-13 22:22:15.167599	2023-12-13 22:22:15.167599	TW	country	t	217	\N	Country
2023-12-13 22:22:15.174102	2023-12-13 22:22:15.174102	TJ	country	t	218	\N	Country
2023-12-13 22:22:15.182201	2023-12-13 22:22:15.182201	TZ	country	t	219	\N	Country
2023-12-13 22:22:15.191457	2023-12-13 22:22:15.191457	TH	country	t	220	\N	Country
2023-12-13 22:22:15.198097	2023-12-13 22:22:15.198097	TL	country	t	221	\N	Country
2023-12-13 22:22:15.204847	2023-12-13 22:22:15.204847	TG	country	t	222	\N	Country
2023-12-13 22:22:15.21047	2023-12-13 22:22:15.21047	TK	country	t	223	\N	Country
2023-12-13 22:22:15.215887	2023-12-13 22:22:15.215887	TO	country	t	224	\N	Country
2023-12-13 22:22:15.225617	2023-12-13 22:22:15.225617	TT	country	t	225	\N	Country
2023-12-13 22:22:15.231889	2023-12-13 22:22:15.231889	TN	country	t	226	\N	Country
2023-12-13 22:22:15.239286	2023-12-13 22:22:15.239286	TR	country	t	227	\N	Country
2023-12-13 22:22:15.247807	2023-12-13 22:22:15.247807	TM	country	t	228	\N	Country
2023-12-13 22:22:15.260399	2023-12-13 22:22:15.260399	TC	country	t	229	\N	Country
2023-12-13 22:22:15.266289	2023-12-13 22:22:15.266289	TV	country	t	230	\N	Country
2023-12-13 22:22:15.271324	2023-12-13 22:22:15.271324	UG	country	t	231	\N	Country
2023-12-13 22:22:15.28015	2023-12-13 22:22:15.28015	UA	country	t	232	\N	Country
2023-12-13 22:22:15.286084	2023-12-13 22:22:15.286084	AE	country	t	233	\N	Country
2023-12-13 22:22:15.292742	2023-12-13 22:22:15.292742	GB	country	t	234	\N	Country
2023-12-13 22:22:15.299252	2023-12-13 22:22:15.299252	US	country	t	235	\N	Country
2023-12-13 22:22:15.306443	2023-12-13 22:22:15.306443	UM	country	t	236	\N	Country
2023-12-13 22:22:15.312719	2023-12-13 22:22:15.312719	UY	country	t	237	\N	Country
2023-12-13 22:22:15.318959	2023-12-13 22:22:15.318959	UZ	country	t	238	\N	Country
2023-12-13 22:22:15.325749	2023-12-13 22:22:15.325749	VU	country	t	239	\N	Country
2023-12-13 22:22:15.331164	2023-12-13 22:22:15.331164	VE	country	t	240	\N	Country
2023-12-13 22:22:15.336501	2023-12-13 22:22:15.336501	VN	country	t	241	\N	Country
2023-12-13 22:22:15.341769	2023-12-13 22:22:15.341769	VG	country	t	242	\N	Country
2023-12-13 22:22:15.346535	2023-12-13 22:22:15.346535	VI	country	t	243	\N	Country
2023-12-13 22:22:15.351185	2023-12-13 22:22:15.351185	WF	country	t	244	\N	Country
2023-12-13 22:22:15.355961	2023-12-13 22:22:15.355961	EH	country	t	245	\N	Country
2023-12-13 22:22:15.360148	2023-12-13 22:22:15.360148	YE	country	t	246	\N	Country
2023-12-13 22:22:15.364491	2023-12-13 22:22:15.364491	ZM	country	t	247	\N	Country
2023-12-13 22:22:15.369181	2023-12-13 22:22:15.369181	ZW	country	t	248	\N	Country
\.


--
-- Data for Name: region_translation; Type: TABLE DATA; Schema: public; Owner: postgres
--

COPY public.region_translation ("createdAt", "updatedAt", "languageCode", name, id, "baseId") FROM stdin;
2023-12-13 22:22:13.46917	2023-12-13 22:22:13.473752	en	Afghanistan	1	1
2023-12-13 22:22:13.497814	2023-12-13 22:22:13.500858	en	land Islands	2	2
2023-12-13 22:22:13.514498	2023-12-13 22:22:13.516988	en	Albania	3	3
2023-12-13 22:22:13.523137	2023-12-13 22:22:13.52581	en	Algeria	4	4
2023-12-13 22:22:13.54161	2023-12-13 22:22:13.543804	en	American Samoa	5	5
2023-12-13 22:22:13.560983	2023-12-13 22:22:13.563787	en	Andorra	6	6
2023-12-13 22:22:13.570821	2023-12-13 22:22:13.573041	en	Angola	7	7
2023-12-13 22:22:13.578263	2023-12-13 22:22:13.580526	en	Anguilla	8	8
2023-12-13 22:22:13.595243	2023-12-13 22:22:13.599292	en	Antigua and Barbuda	9	9
2023-12-13 22:22:13.610517	2023-12-13 22:22:13.612419	en	Argentina	10	10
2023-12-13 22:22:13.617388	2023-12-13 22:22:13.619233	en	Armenia	11	11
2023-12-13 22:22:13.623944	2023-12-13 22:22:13.626317	en	Aruba	12	12
2023-12-13 22:22:13.631782	2023-12-13 22:22:13.633552	en	Australia	13	13
2023-12-13 22:22:13.638827	2023-12-13 22:22:13.640755	en	Austria	14	14
2023-12-13 22:22:13.645346	2023-12-13 22:22:13.64775	en	Azerbaijan	15	15
2023-12-13 22:22:13.654685	2023-12-13 22:22:13.660494	en	Bahamas	16	16
2023-12-13 22:22:13.667109	2023-12-13 22:22:13.669361	en	Bahrain	17	17
2023-12-13 22:22:13.674164	2023-12-13 22:22:13.676347	en	Bangladesh	18	18
2023-12-13 22:22:13.683649	2023-12-13 22:22:13.686744	en	Barbados	19	19
2023-12-13 22:22:13.693474	2023-12-13 22:22:13.695822	en	Belarus	20	20
2023-12-13 22:22:13.702735	2023-12-13 22:22:13.704788	en	Belgium	21	21
2023-12-13 22:22:13.711804	2023-12-13 22:22:13.7137	en	Belize	22	22
2023-12-13 22:22:13.719474	2023-12-13 22:22:13.721472	en	Benin	23	23
2023-12-13 22:22:13.726918	2023-12-13 22:22:13.729012	en	Bermuda	24	24
2023-12-13 22:22:13.734424	2023-12-13 22:22:13.737865	en	Bhutan	25	25
2023-12-13 22:22:13.743146	2023-12-13 22:22:13.74505	en	Bolivia (Plurinational State of)	26	26
2023-12-13 22:22:13.749695	2023-12-13 22:22:13.75149	en	Bonaire, Sint Eustatius and Saba	27	27
2023-12-13 22:22:13.756226	2023-12-13 22:22:13.75795	en	Bosnia and Herzegovina	28	28
2023-12-13 22:22:13.762982	2023-12-13 22:22:13.764969	en	Botswana	29	29
2023-12-13 22:22:13.770279	2023-12-13 22:22:13.772312	en	Bouvet Island	30	30
2023-12-13 22:22:13.776725	2023-12-13 22:22:13.779994	en	Brazil	31	31
2023-12-13 22:22:13.786525	2023-12-13 22:22:13.788271	en	British Indian Ocean Territory	32	32
2023-12-13 22:22:13.793121	2023-12-13 22:22:13.794915	en	Brunei Darussalam	33	33
2023-12-13 22:22:13.79894	2023-12-13 22:22:13.800617	en	Bulgaria	34	34
2023-12-13 22:22:13.804653	2023-12-13 22:22:13.806691	en	Burkina Faso	35	35
2023-12-13 22:22:13.810861	2023-12-13 22:22:13.812786	en	Burundi	36	36
2023-12-13 22:22:13.81685	2023-12-13 22:22:13.818734	en	Cabo Verde	37	37
2023-12-13 22:22:13.827389	2023-12-13 22:22:13.830446	en	Cambodia	38	38
2023-12-13 22:22:13.83543	2023-12-13 22:22:13.83745	en	Cameroon	39	39
2023-12-13 22:22:13.844857	2023-12-13 22:22:13.847095	en	Canada	40	40
2023-12-13 22:22:13.855438	2023-12-13 22:22:13.857522	en	Cayman Islands	41	41
2023-12-13 22:22:13.863014	2023-12-13 22:22:13.866108	en	Central African Republic	42	42
2023-12-13 22:22:13.87152	2023-12-13 22:22:13.873508	en	Chad	43	43
2023-12-13 22:22:13.882165	2023-12-13 22:22:13.884304	en	Chile	44	44
2023-12-13 22:22:13.889217	2023-12-13 22:22:13.891132	en	China	45	45
2023-12-13 22:22:13.896419	2023-12-13 22:22:13.89824	en	Christmas Island	46	46
2023-12-13 22:22:13.905097	2023-12-13 22:22:13.907022	en	Cocos (Keeling) Islands	47	47
2023-12-13 22:22:13.913117	2023-12-13 22:22:13.916161	en	Colombia	48	48
2023-12-13 22:22:13.92218	2023-12-13 22:22:13.924542	en	Comoros	49	49
2023-12-13 22:22:13.930583	2023-12-13 22:22:13.932374	en	Congo	50	50
2023-12-13 22:22:13.936779	2023-12-13 22:22:13.938558	en	Congo (Democratic Republic of the)	51	51
2023-12-13 22:22:13.943513	2023-12-13 22:22:13.945504	en	Cook Islands	52	52
2023-12-13 22:22:13.952391	2023-12-13 22:22:13.954156	en	Costa Rica	53	53
2023-12-13 22:22:13.959049	2023-12-13 22:22:13.9611	en	Cte d'Ivoire	54	54
2023-12-13 22:22:13.965433	2023-12-13 22:22:13.966962	en	Croatia	55	55
2023-12-13 22:22:13.972737	2023-12-13 22:22:13.975112	en	Cuba	56	56
2023-12-13 22:22:13.978945	2023-12-13 22:22:13.980613	en	Curaao	57	57
2023-12-13 22:22:13.985736	2023-12-13 22:22:13.987622	en	Cyprus	58	58
2023-12-13 22:22:13.993009	2023-12-13 22:22:13.994828	en	Czechia	59	59
2023-12-13 22:22:13.999368	2023-12-13 22:22:14.001416	en	Denmark	60	60
2023-12-13 22:22:14.006568	2023-12-13 22:22:14.008328	en	Djibouti	61	61
2023-12-13 22:22:14.012258	2023-12-13 22:22:14.013853	en	Dominica	62	62
2023-12-13 22:22:14.018561	2023-12-13 22:22:14.020665	en	Dominican Republic	63	63
2023-12-13 22:22:14.027966	2023-12-13 22:22:14.030918	en	Ecuador	64	64
2023-12-13 22:22:14.035465	2023-12-13 22:22:14.037256	en	Egypt	65	65
2023-12-13 22:22:14.041732	2023-12-13 22:22:14.043472	en	El Salvador	66	66
2023-12-13 22:22:14.048358	2023-12-13 22:22:14.050261	en	Equatorial Guinea	67	67
2023-12-13 22:22:14.054798	2023-12-13 22:22:14.056986	en	Eritrea	68	68
2023-12-13 22:22:14.062136	2023-12-13 22:22:14.064882	en	Estonia	69	69
2023-12-13 22:22:14.072086	2023-12-13 22:22:14.074603	en	Eswatini	70	70
2023-12-13 22:22:14.079611	2023-12-13 22:22:14.081371	en	Ethiopia	71	71
2023-12-13 22:22:14.086672	2023-12-13 22:22:14.08853	en	Falkland Islands (Malvinas)	72	72
2023-12-13 22:22:14.093696	2023-12-13 22:22:14.096126	en	Faroe Islands	73	73
2023-12-13 22:22:14.101581	2023-12-13 22:22:14.103955	en	Fiji	74	74
2023-12-13 22:22:14.113609	2023-12-13 22:22:14.115933	en	Finland	75	75
2023-12-13 22:22:14.12246	2023-12-13 22:22:14.124834	en	France	76	76
2023-12-13 22:22:14.134762	2023-12-13 22:22:14.137442	en	French Guiana	77	77
2023-12-13 22:22:14.143338	2023-12-13 22:22:14.147445	en	French Polynesia	78	78
2023-12-13 22:22:14.153356	2023-12-13 22:22:14.155543	en	French Southern Territories	79	79
2023-12-13 22:22:14.163244	2023-12-13 22:22:14.165378	en	Gabon	80	80
2023-12-13 22:22:14.171042	2023-12-13 22:22:14.173218	en	Gambia	81	81
2023-12-13 22:22:14.177897	2023-12-13 22:22:14.179717	en	Georgia	82	82
2023-12-13 22:22:14.183956	2023-12-13 22:22:14.185508	en	Germany	83	83
2023-12-13 22:22:14.189839	2023-12-13 22:22:14.191496	en	Ghana	84	84
2023-12-13 22:22:14.195416	2023-12-13 22:22:14.197047	en	Gibraltar	85	85
2023-12-13 22:22:14.204833	2023-12-13 22:22:14.206807	en	Greece	86	86
2023-12-13 22:22:14.211353	2023-12-13 22:22:14.213357	en	Greenland	87	87
2023-12-13 22:22:14.219006	2023-12-13 22:22:14.22142	en	Grenada	88	88
2023-12-13 22:22:14.22724	2023-12-13 22:22:14.229259	en	Guadeloupe	89	89
2023-12-13 22:22:14.235135	2023-12-13 22:22:14.237004	en	Guam	90	90
2023-12-13 22:22:14.242443	2023-12-13 22:22:14.244151	en	Guatemala	91	91
2023-12-13 22:22:14.249528	2023-12-13 22:22:14.251497	en	Guernsey	92	92
2023-12-13 22:22:14.256564	2023-12-13 22:22:14.259017	en	Guinea	93	93
2023-12-13 22:22:14.265566	2023-12-13 22:22:14.269064	en	Guinea-Bissau	94	94
2023-12-13 22:22:14.274686	2023-12-13 22:22:14.277711	en	Guyana	95	95
2023-12-13 22:22:14.28271	2023-12-13 22:22:14.284439	en	Haiti	96	96
2023-12-13 22:22:14.288854	2023-12-13 22:22:14.290889	en	Heard Island and McDonald Islands	97	97
2023-12-13 22:22:14.298608	2023-12-13 22:22:14.301578	en	Holy See	98	98
2023-12-13 22:22:14.307329	2023-12-13 22:22:14.309691	en	Honduras	99	99
2023-12-13 22:22:14.319552	2023-12-13 22:22:14.321595	en	Hong Kong	100	100
2023-12-13 22:22:14.326348	2023-12-13 22:22:14.32856	en	Hungary	101	101
2023-12-13 22:22:14.335092	2023-12-13 22:22:14.338598	en	Iceland	102	102
2023-12-13 22:22:14.344266	2023-12-13 22:22:14.34629	en	India	103	103
2023-12-13 22:22:14.351451	2023-12-13 22:22:14.353328	en	Indonesia	104	104
2023-12-13 22:22:14.358605	2023-12-13 22:22:14.360865	en	Iran (Islamic Republic of)	105	105
2023-12-13 22:22:14.366032	2023-12-13 22:22:14.368073	en	Iraq	106	106
2023-12-13 22:22:14.372687	2023-12-13 22:22:14.374609	en	Ireland	107	107
2023-12-13 22:22:14.379268	2023-12-13 22:22:14.38126	en	Isle of Man	108	108
2023-12-13 22:22:14.385634	2023-12-13 22:22:14.387317	en	Israel	109	109
2023-12-13 22:22:14.397287	2023-12-13 22:22:14.400044	en	Italy	110	110
2023-12-13 22:22:14.405095	2023-12-13 22:22:14.40698	en	Jamaica	111	111
2023-12-13 22:22:14.413593	2023-12-13 22:22:14.415303	en	Japan	112	112
2023-12-13 22:22:14.420903	2023-12-13 22:22:14.422753	en	Jersey	113	113
2023-12-13 22:22:14.427107	2023-12-13 22:22:14.42898	en	Jordan	114	114
2023-12-13 22:22:14.434025	2023-12-13 22:22:14.4359	en	Kazakhstan	115	115
2023-12-13 22:22:14.439995	2023-12-13 22:22:14.441522	en	Kenya	116	116
2023-12-13 22:22:14.447123	2023-12-13 22:22:14.449529	en	Kiribati	117	117
2023-12-13 22:22:14.460819	2023-12-13 22:22:14.462696	en	Korea (Democratic People's Republic of)	118	118
2023-12-13 22:22:14.466926	2023-12-13 22:22:14.469567	en	Korea (Republic of)	119	119
2023-12-13 22:22:14.474204	2023-12-13 22:22:14.475971	en	Kuwait	120	120
2023-12-13 22:22:14.480726	2023-12-13 22:22:14.482611	en	Kyrgyzstan	121	121
2023-12-13 22:22:14.487692	2023-12-13 22:22:14.490378	en	Lao People's Democratic Republic	122	122
2023-12-13 22:22:14.496065	2023-12-13 22:22:14.498282	en	Latvia	123	123
2023-12-13 22:22:14.503	2023-12-13 22:22:14.504808	en	Lebanon	124	124
2023-12-13 22:22:14.51335	2023-12-13 22:22:14.515818	en	Lesotho	125	125
2023-12-13 22:22:14.521652	2023-12-13 22:22:14.523953	en	Liberia	126	126
2023-12-13 22:22:14.529158	2023-12-13 22:22:14.531138	en	Libya	127	127
2023-12-13 22:22:14.535588	2023-12-13 22:22:14.537469	en	Liechtenstein	128	128
2023-12-13 22:22:14.541845	2023-12-13 22:22:14.543637	en	Lithuania	129	129
2023-12-13 22:22:14.548238	2023-12-13 22:22:14.550752	en	Luxembourg	130	130
2023-12-13 22:22:14.55556	2023-12-13 22:22:14.558329	en	Macao	131	131
2023-12-13 22:22:14.563804	2023-12-13 22:22:14.566541	en	Macedonia (the former Yugoslav Republic of)	132	132
2023-12-13 22:22:14.572778	2023-12-13 22:22:14.574438	en	Madagascar	133	133
2023-12-13 22:22:14.578664	2023-12-13 22:22:14.580278	en	Malawi	134	134
2023-12-13 22:22:14.584359	2023-12-13 22:22:14.585896	en	Malaysia	135	135
2023-12-13 22:22:14.591436	2023-12-13 22:22:14.593456	en	Maldives	136	136
2023-12-13 22:22:14.597765	2023-12-13 22:22:14.599938	en	Mali	137	137
2023-12-13 22:22:14.604513	2023-12-13 22:22:14.606308	en	Malta	138	138
2023-12-13 22:22:14.611756	2023-12-13 22:22:14.613924	en	Marshall Islands	139	139
2023-12-13 22:22:14.619751	2023-12-13 22:22:14.622324	en	Martinique	140	140
2023-12-13 22:22:14.629861	2023-12-13 22:22:14.63207	en	Mauritania	141	141
2023-12-13 22:22:14.637101	2023-12-13 22:22:14.638785	en	Mauritius	142	142
2023-12-13 22:22:14.642879	2023-12-13 22:22:14.644983	en	Mayotte	143	143
2023-12-13 22:22:14.651774	2023-12-13 22:22:14.65398	en	Mexico	144	144
2023-12-13 22:22:14.658783	2023-12-13 22:22:14.660413	en	Micronesia (Federated States of)	145	145
2023-12-13 22:22:14.665183	2023-12-13 22:22:14.667169	en	Moldova (Republic of)	146	146
2023-12-13 22:22:14.674287	2023-12-13 22:22:14.676158	en	Monaco	147	147
2023-12-13 22:22:14.682152	2023-12-13 22:22:14.684391	en	Mongolia	148	148
2023-12-13 22:22:14.689238	2023-12-13 22:22:14.692978	en	Montenegro	149	149
2023-12-13 22:22:14.698368	2023-12-13 22:22:14.702066	en	Montserrat	150	150
2023-12-13 22:22:14.708469	2023-12-13 22:22:14.710549	en	Morocco	151	151
2023-12-13 22:22:14.714992	2023-12-13 22:22:14.716587	en	Mozambique	152	152
2023-12-13 22:22:14.725219	2023-12-13 22:22:14.72716	en	Myanmar	153	153
2023-12-13 22:22:14.732266	2023-12-13 22:22:14.736429	en	Namibia	154	154
2023-12-13 22:22:14.74846	2023-12-13 22:22:14.750858	en	Nauru	155	155
2023-12-13 22:22:14.756434	2023-12-13 22:22:14.75859	en	Nepal	156	156
2023-12-13 22:22:14.76299	2023-12-13 22:22:14.764689	en	Netherlands	157	157
2023-12-13 22:22:14.769021	2023-12-13 22:22:14.770778	en	New Caledonia	158	158
2023-12-13 22:22:14.774762	2023-12-13 22:22:14.776236	en	New Zealand	159	159
2023-12-13 22:22:14.779964	2023-12-13 22:22:14.781945	en	Nicaragua	160	160
2023-12-13 22:22:14.785461	2023-12-13 22:22:14.786998	en	Niger	161	161
2023-12-13 22:22:14.790977	2023-12-13 22:22:14.792385	en	Nigeria	162	162
2023-12-13 22:22:14.796875	2023-12-13 22:22:14.800453	en	Niue	163	163
2023-12-13 22:22:14.804613	2023-12-13 22:22:14.806356	en	Norfolk Island	164	164
2023-12-13 22:22:14.810329	2023-12-13 22:22:14.811925	en	Northern Mariana Islands	165	165
2023-12-13 22:22:14.815796	2023-12-13 22:22:14.817832	en	Norway	166	166
2023-12-13 22:22:14.823478	2023-12-13 22:22:14.825711	en	Oman	167	167
2023-12-13 22:22:14.830161	2023-12-13 22:22:14.832479	en	Pakistan	168	168
2023-12-13 22:22:14.837532	2023-12-13 22:22:14.839354	en	Palau	169	169
2023-12-13 22:22:14.843876	2023-12-13 22:22:14.845591	en	Palestine, State of	170	170
2023-12-13 22:22:14.849562	2023-12-13 22:22:14.851512	en	Panama	171	171
2023-12-13 22:22:14.856283	2023-12-13 22:22:14.858249	en	Papua New Guinea	172	172
2023-12-13 22:22:14.86273	2023-12-13 22:22:14.864218	en	Paraguay	173	173
2023-12-13 22:22:14.867963	2023-12-13 22:22:14.869839	en	Peru	174	174
2023-12-13 22:22:14.873447	2023-12-13 22:22:14.87582	en	Philippines	175	175
2023-12-13 22:22:14.880618	2023-12-13 22:22:14.88528	en	Pitcairn	176	176
2023-12-13 22:22:14.890153	2023-12-13 22:22:14.891817	en	Poland	177	177
2023-12-13 22:22:14.896799	2023-12-13 22:22:14.898727	en	Portugal	178	178
2023-12-13 22:22:14.903661	2023-12-13 22:22:14.905635	en	Puerto Rico	179	179
2023-12-13 22:22:14.910867	2023-12-13 22:22:14.91287	en	Qatar	180	180
2023-12-13 22:22:14.917799	2023-12-13 22:22:14.919844	en	Runion	181	181
2023-12-13 22:22:14.92362	2023-12-13 22:22:14.924977	en	Romania	182	182
2023-12-13 22:22:14.928751	2023-12-13 22:22:14.930425	en	Russian Federation	183	183
2023-12-13 22:22:14.933959	2023-12-13 22:22:14.935376	en	Rwanda	184	184
2023-12-13 22:22:14.93943	2023-12-13 22:22:14.941251	en	Saint Barthlemy	185	185
2023-12-13 22:22:14.945314	2023-12-13 22:22:14.946808	en	Saint Helena, Ascension and Tristan da Cunha	186	186
2023-12-13 22:22:14.950671	2023-12-13 22:22:14.951996	en	Saint Kitts and Nevis	187	187
2023-12-13 22:22:14.955407	2023-12-13 22:22:14.956602	en	Saint Lucia	188	188
2023-12-13 22:22:14.95957	2023-12-13 22:22:14.960887	en	Saint Martin (French part)	189	189
2023-12-13 22:22:14.967081	2023-12-13 22:22:14.96889	en	Saint Pierre and Miquelon	190	190
2023-12-13 22:22:14.979824	2023-12-13 22:22:14.98154	en	Saint Vincent and the Grenadines	191	191
2023-12-13 22:22:14.985178	2023-12-13 22:22:14.987613	en	Samoa	192	192
2023-12-13 22:22:14.993382	2023-12-13 22:22:14.996082	en	San Marino	193	193
2023-12-13 22:22:15.004811	2023-12-13 22:22:15.007896	en	Sao Tome and Principe	194	194
2023-12-13 22:22:15.016715	2023-12-13 22:22:15.020678	en	Saudi Arabia	195	195
2023-12-13 22:22:15.026314	2023-12-13 22:22:15.028175	en	Senegal	196	196
2023-12-13 22:22:15.033889	2023-12-13 22:22:15.03555	en	Serbia	197	197
2023-12-13 22:22:15.039277	2023-12-13 22:22:15.04068	en	Seychelles	198	198
2023-12-13 22:22:15.044212	2023-12-13 22:22:15.046784	en	Sierra Leone	199	199
2023-12-13 22:22:15.051246	2023-12-13 22:22:15.052827	en	Singapore	200	200
2023-12-13 22:22:15.056869	2023-12-13 22:22:15.058792	en	Sint Maarten (Dutch part)	201	201
2023-12-13 22:22:15.06251	2023-12-13 22:22:15.064108	en	Slovakia	202	202
2023-12-13 22:22:15.06851	2023-12-13 22:22:15.070039	en	Slovenia	203	203
2023-12-13 22:22:15.075005	2023-12-13 22:22:15.076698	en	Solomon Islands	204	204
2023-12-13 22:22:15.081556	2023-12-13 22:22:15.083355	en	Somalia	205	205
2023-12-13 22:22:15.087333	2023-12-13 22:22:15.088823	en	South Africa	206	206
2023-12-13 22:22:15.093146	2023-12-13 22:22:15.094888	en	South Georgia and the South Sandwich Islands	207	207
2023-12-13 22:22:15.100422	2023-12-13 22:22:15.102708	en	South Sudan	208	208
2023-12-13 22:22:15.108722	2023-12-13 22:22:15.11104	en	Spain	209	209
2023-12-13 22:22:15.115161	2023-12-13 22:22:15.116773	en	Sri Lanka	210	210
2023-12-13 22:22:15.122158	2023-12-13 22:22:15.124205	en	Sudan	211	211
2023-12-13 22:22:15.130095	2023-12-13 22:22:15.132408	en	Suriname	212	212
2023-12-13 22:22:15.137712	2023-12-13 22:22:15.140134	en	Svalbard and Jan Mayen	213	213
2023-12-13 22:22:15.146531	2023-12-13 22:22:15.148893	en	Sweden	214	214
2023-12-13 22:22:15.154215	2023-12-13 22:22:15.155997	en	Switzerland	215	215
2023-12-13 22:22:15.160407	2023-12-13 22:22:15.162029	en	Syrian Arab Republic	216	216
2023-12-13 22:22:15.165817	2023-12-13 22:22:15.167599	en	Taiwan, Province of China	217	217
2023-12-13 22:22:15.172233	2023-12-13 22:22:15.174102	en	Tajikistan	218	218
2023-12-13 22:22:15.179659	2023-12-13 22:22:15.182201	en	Tanzania, United Republic of	219	219
2023-12-13 22:22:15.188698	2023-12-13 22:22:15.191457	en	Thailand	220	220
2023-12-13 22:22:15.196264	2023-12-13 22:22:15.198097	en	Timor-Leste	221	221
2023-12-13 22:22:15.203039	2023-12-13 22:22:15.204847	en	Togo	222	222
2023-12-13 22:22:15.208908	2023-12-13 22:22:15.21047	en	Tokelau	223	223
2023-12-13 22:22:15.214153	2023-12-13 22:22:15.215887	en	Tonga	224	224
2023-12-13 22:22:15.223271	2023-12-13 22:22:15.225617	en	Trinidad and Tobago	225	225
2023-12-13 22:22:15.230135	2023-12-13 22:22:15.231889	en	Tunisia	226	226
2023-12-13 22:22:15.236768	2023-12-13 22:22:15.239286	en	Turkey	227	227
2023-12-13 22:22:15.245644	2023-12-13 22:22:15.247807	en	Turkmenistan	228	228
2023-12-13 22:22:15.254447	2023-12-13 22:22:15.260399	en	Turks and Caicos Islands	229	229
2023-12-13 22:22:15.264706	2023-12-13 22:22:15.266289	en	Tuvalu	230	230
2023-12-13 22:22:15.270079	2023-12-13 22:22:15.271324	en	Uganda	231	231
2023-12-13 22:22:15.27774	2023-12-13 22:22:15.28015	en	Ukraine	232	232
2023-12-13 22:22:15.28395	2023-12-13 22:22:15.286084	en	United Arab Emirates	233	233
2023-12-13 22:22:15.290155	2023-12-13 22:22:15.292742	en	United Kingdom	234	234
2023-12-13 22:22:15.297556	2023-12-13 22:22:15.299252	en	United States of America	235	235
2023-12-13 22:22:15.304599	2023-12-13 22:22:15.306443	en	United States Minor Outlying Islands	236	236
2023-12-13 22:22:15.311091	2023-12-13 22:22:15.312719	en	Uruguay	237	237
2023-12-13 22:22:15.316479	2023-12-13 22:22:15.318959	en	Uzbekistan	238	238
2023-12-13 22:22:15.324083	2023-12-13 22:22:15.325749	en	Vanuatu	239	239
2023-12-13 22:22:15.329664	2023-12-13 22:22:15.331164	en	Venezuela (Bolivarian Republic of)	240	240
2023-12-13 22:22:15.334841	2023-12-13 22:22:15.336501	en	Viet Nam	241	241
2023-12-13 22:22:15.340245	2023-12-13 22:22:15.341769	en	Virgin Islands (British)	242	242
2023-12-13 22:22:15.345191	2023-12-13 22:22:15.346535	en	Virgin Islands (U.S.)	243	243
2023-12-13 22:22:15.349935	2023-12-13 22:22:15.351185	en	Wallis and Futuna	244	244
2023-12-13 22:22:15.354591	2023-12-13 22:22:15.355961	en	Western Sahara	245	245
2023-12-13 22:22:15.358982	2023-12-13 22:22:15.360148	en	Yemen	246	246
2023-12-13 22:22:15.363219	2023-12-13 22:22:15.364491	en	Zambia	247	247
2023-12-13 22:22:15.367846	2023-12-13 22:22:15.369181	en	Zimbabwe	248	248
\.


--
-- Data for Name: role; Type: TABLE DATA; Schema: public; Owner: postgres
--

COPY public.role ("createdAt", "updatedAt", code, description, permissions, id) FROM stdin;
2023-12-13 22:22:12.688034	2023-12-13 22:22:12.688034	__customer_role__	Customer	Authenticated	2
2023-12-13 22:22:15.792683	2023-12-13 22:22:15.792683	order-manager	Order manager	Authenticated,CreateOrder,ReadOrder,UpdateOrder,DeleteOrder,ReadCustomer,ReadPaymentMethod,ReadShippingMethod,ReadPromotion,ReadCountry,ReadZone	4
2023-12-13 22:22:15.79907	2023-12-13 22:22:15.79907	inventory-manager	Inventory manager	Authenticated,CreateCatalog,ReadCatalog,UpdateCatalog,DeleteCatalog,CreateTag,ReadTag,UpdateTag,DeleteTag,ReadCustomer	5
2023-12-20 11:28:14.451599	2023-12-20 11:28:14.451599	cube	Cube	Authenticated	6
2023-12-13 22:22:15.7858	2023-12-14 13:30:07.490704	administrator	Administrator	Authenticated,CreateCatalog,ReadCatalog,UpdateCatalog,DeleteCatalog,CreateSettings,ReadSettings,UpdateSettings,DeleteSettings,CreateCustomer,ReadCustomer,UpdateCustomer,DeleteCustomer,CreateCustomerGroup,ReadCustomerGroup,UpdateCustomerGroup,DeleteCustomerGroup,CreateOrder,ReadOrder,UpdateOrder,DeleteOrder,CreateSystem,ReadSystem,UpdateSystem,DeleteSystem	3
2023-12-13 22:22:12.679996	2023-12-14 13:31:52.976635	__super_admin_role__	SuperAdmin	Authenticated,SuperAdmin,UpdateGlobalSettings,CreateCatalog,ReadCatalog,UpdateCatalog,DeleteCatalog,CreateSettings,ReadSettings,UpdateSettings,DeleteSettings,CreateAdministrator,ReadAdministrator,UpdateAdministrator,DeleteAdministrator,CreateAsset,ReadAsset,UpdateAsset,DeleteAsset,CreateChannel,ReadChannel,UpdateChannel,DeleteChannel,CreateCollection,ReadCollection,UpdateCollection,DeleteCollection,CreateCountry,ReadCountry,UpdateCountry,DeleteCountry,CreateCustomer,ReadCustomer,UpdateCustomer,DeleteCustomer,CreateCustomerGroup,ReadCustomerGroup,UpdateCustomerGroup,DeleteCustomerGroup,CreateFacet,ReadFacet,UpdateFacet,DeleteFacet,CreateOrder,ReadOrder,UpdateOrder,DeleteOrder,CreatePaymentMethod,ReadPaymentMethod,UpdatePaymentMethod,DeletePaymentMethod,CreateProduct,ReadProduct,UpdateProduct,DeleteProduct,CreatePromotion,ReadPromotion,UpdatePromotion,DeletePromotion,CreateShippingMethod,ReadShippingMethod,UpdateShippingMethod,DeleteShippingMethod,CreateTag,ReadTag,UpdateTag,DeleteTag,CreateTaxCategory,ReadTaxCategory,UpdateTaxCategory,DeleteTaxCategory,CreateTaxRate,ReadTaxRate,UpdateTaxRate,DeleteTaxRate,CreateSeller,ReadSeller,UpdateSeller,DeleteSeller,CreateStockLocation,ReadStockLocation,UpdateStockLocation,DeleteStockLocation,CreateSystem,ReadSystem,UpdateSystem,DeleteSystem,CreateZone,ReadZone,UpdateZone,DeleteZone,SetWebhook	1
\.


--
-- Data for Name: role_channels_channel; Type: TABLE DATA; Schema: public; Owner: postgres
--

COPY public.role_channels_channel ("roleId", "channelId") FROM stdin;
1	1
2	1
3	1
4	1
5	1
\.


--
-- Data for Name: search_index_item; Type: TABLE DATA; Schema: public; Owner: postgres
--

COPY public.search_index_item ("languageCode", enabled, "productName", "productVariantName", description, slug, sku, "facetIds", "facetValueIds", "collectionIds", "collectionSlugs", "channelIds", "productPreview", "productPreviewFocalPoint", "productVariantPreview", "productVariantPreviewFocalPoint", "inStock", "productInStock", "productVariantId", "channelId", "productId", "productAssetId", "productVariantAssetId", price, "priceWithTax") FROM stdin;
en	t	Freerun Running Shoe	Freerun Running Shoe Size 40	The Freerun Men's Running Shoe is built for record-breaking speed. The Flyknit upper delivers ultra-lightweight support that fits like a glove.	freerun-running-shoe	AR4561-40	1,2,3	17,23,21,27	10,8	footwear,sports-outdoor	1	preview/0f/imani-clovis-234736-unsplash__preview.jpg	\N		\N	t	t	47	1	30	30	\N	16000	19200
en	t	Ultraboost Running Shoe	Ultraboost Running Shoe Size 46	With its ultra-light, uber-responsive magic foam and a carbon fiber plate that feels like its propelling you forward, the Running Shoe is ready to push you to victories both large and small	ultraboost-running-shoe	RS0046	1,2,3	17,23,24,25,26	10,8	footwear,sports-outdoor	1	preview/ed/chuttersnap-584518-unsplash__preview.jpg	\N		\N	t	t	46	1	29	29	\N	9999	11999
en	t	Hi-Top Basketball Shoe	Hi-Top Basketball Shoe Size 42	Boasting legendary performance since 2008, the Hyperdunkz Basketball Shoe needs no gimmicks to stand out. Air units deliver best-in-class cushioning, while a dynamic lacing system keeps your foot snug and secure, so you can focus on your game and nothing else.	hi-top-basketball-shoe	AO7893-42	1,2,3	17,23,21,28	10,8	footwear,sports-outdoor	1	preview/3c/xavier-teo-469050-unsplash__preview.jpg	\N		\N	t	t	52	1	31	31	\N	14000	16800
en	t	Freerun Running Shoe	Freerun Running Shoe Size 42	The Freerun Men's Running Shoe is built for record-breaking speed. The Flyknit upper delivers ultra-lightweight support that fits like a glove.	freerun-running-shoe	AR4561-42	1,2,3	17,23,21,27	10,8	footwear,sports-outdoor	1	preview/0f/imani-clovis-234736-unsplash__preview.jpg	\N		\N	t	t	48	1	30	30	\N	16000	19200
en	t	Tulip Pot	Tulip Pot	Bright crimson red species tulip with black centers, the poppy-like flowers will open up in full sun. Ideal for rock gardens, pots and border edging.	tulip-pot	A58477	1,4	30,31,33,32	7,5	plants,home-garden	1	preview/14/natalia-y-345738-unsplash__preview.jpg	\N		\N	t	t	68	1	36	36	\N	675	810
en	t	Spiky Cactus	Spiky Cactus	A spiky yet elegant house cactus - perfect for the home or office. Origin and habitat: Probably native only to the Andes of Peru	spiky-cactus	SC011001	1,4	30,31,32	7,5	plants,home-garden	1	preview/78/charles-deluvio-695736-unsplash__preview.jpg	\N		\N	t	t	67	1	35	35	\N	1550	1860
en	t	Hanging Plant	Hanging Plant	Can be found in tropical and sub-tropical America where it grows on the branches of trees, but also on telephone wires and electricity cables and poles that sometimes topple with the weight of these plants. This plant loves a moist and warm air.	hanging-plant	A44223	1,4	30,31,33	7,5	plants,home-garden	1	preview/5b/alex-rodriguez-santibanez-200278-unsplash__preview.jpg	\N		\N	t	t	69	1	37	37	\N	1995	2394
en	t	Bonsai Tree	Bonsai Tree	Excellent semi-evergreen bonsai. Indoors or out but needs some winter protection. All trees sent will leave the nursery in excellent condition and will be of equal quality or better than the photograph shown.	bonsai-tree	B01MXFLUSV	1	30,31	7,5	plants,home-garden	1	preview/f3/mark-tegethoff-667351-unsplash__preview.jpg	\N		\N	t	t	74	1	42	42	\N	1999	2399
en	t	Aloe Vera	Aloe Vera	Decorative Aloe vera makes a lovely house plant. A really trendy plant, Aloe vera is just so easy to care for. Aloe vera sap has been renowned for its remarkable medicinal and cosmetic properties for many centuries and has been used to treat grazes, insect bites and sunburn - it really works.	aloe-vera	A44352	1,4	30,31,32	7,5	plants,home-garden	1	preview/29/silvia-agrasar-227575-unsplash__preview.jpg	\N		\N	t	t	70	1	38	38	\N	699	839
en	t	Comfy Padded Chair	Comfy Padded Chair	You sit comfortably thanks to the shaped back. The chair frame is made of solid wood, which is a durable natural material.	comfy-padded-chair	404.068.14	1,3	30,34,35	6,5	furniture,home-garden	1	preview/3b/kari-shea-398668-unsplash__preview.jpg	\N		\N	t	t	82	1	50	50	\N	13000	15600
en	t	Black Eaves Chair	Black Eaves Chair	Comfortable to sit on thanks to the bowl-shaped seat and rounded shape of the backrest. No tools are required to assemble the chair, you just click it together with a simple mechanism under the seat.	black-eaves-chair	003.600.02	1,3	30,34,27	6,5	furniture,home-garden	1	preview/09/andres-jasso-220776-unsplash__preview.jpg	\N		\N	t	t	83	1	51	51	\N	7000	8400
en	t	Balloon Chair	Balloon Chair	A charming vintage white wooden chair featuring an extremely spherical pink balloon. The balloon may be detached and used for other purposes, for example as a party decoration.	balloon-chair	34-BC82444	1	30,34	6,5	furniture,home-garden	1	preview/ef/florian-klauer-14840-unsplash__preview.jpg	\N		\N	t	t	77	1	45	45	\N	6500	7800
en	t	Bedside Table	Bedside Table	Every table is unique, with varying grain pattern and natural colour shifts that are part of the charm of wood.	bedside-table	404.290.14	1,3	30,34,28	6,5	furniture,home-garden	1	preview/72/benjamin-voros-310026-unsplash__preview.jpg	\N		\N	t	t	85	1	53	53	\N	13000	15600
en	t	Grey Fabric Sofa	Grey Fabric Sofa	Seat cushions filled with high resilience foam and polyester fibre wadding give comfortable support for your body, and easily regain their shape when you get up. The cover is easy to keep clean as it is removable and can be machine washed.	grey-fabric-sofa	CH00001-12	1,3	30,34,35	6,5	furniture,home-garden	1	preview/69/nathan-fertig-249917-unsplash__preview.jpg	\N		\N	t	t	78	1	46	46	\N	29500	35400
en	t	Light Shade	Light Shade	Modern tapered white polycotton pendant shade with a metallic silver chrome interior finish for maximum light reflection. Reversible gimble so it can be used as a ceiling shade or as a lamp shade.	light-shade	B45809LSW	1	30,34	6,5	furniture,home-garden	1	preview/5f/pierre-chatel-innocenti-483198-unsplash__preview.jpg	\N		\N	t	t	80	1	48	48	\N	2845	3414
en	t	Wooden Side Desk	Wooden Side Desk	Drawer stops prevent the drawers from being pulled out too far. Built-in cable management for collecting cables and cords; out of sight but close at hand.	wooden-side-desk	304.096.29	1,3	30,34,37	6,5	furniture,home-garden	1	preview/40/abel-y-costa-716024-unsplash__preview.jpg	\N		\N	t	t	81	1	49	49	\N	12500	15000
en	t	Leather Sofa	Leather Sofa	This premium, tan-brown bonded leather seat is part of the 'chill' sofa range. The lever activated recline feature makes it easy to adjust to any position. This smart, bustle back design with rounded tight padded arms has been designed with your comfort in mind. This well-padded chair has foam pocket sprung seat cushions and fibre-filled back cushions.	leather-sofa	CH00001-02	1,3	30,34,36	6,5	furniture,home-garden	1	preview/3e/paul-weaver-1120584-unsplash__preview.jpg	\N		\N	t	t	79	1	47	47	\N	124500	149400
en	t	Wooden Stool	Wooden Stool	Solid wood is a hardwearing natural material, which can be sanded and surface treated as required.	wooden-stool	202.493.30	1,3	30,34,37	6,5	furniture,home-garden	1	preview/d0/ruslan-bardash-351288-unsplash__preview.jpg	\N		\N	t	t	84	1	52	52	\N	1400	1680
en	t	Guardian Lion Statue	Guardian Lion Statue	Placing it at home or office can bring you fortune and prosperity, guard your house and ward off ill fortune.	guardian-lion-statue	GL34LLW11	1,3	30,34,35	6,5	furniture,home-garden	1	preview/44/vincent-liu-525429-unsplash__preview.jpg	\N		\N	t	t	75	1	43	43	\N	18853	22624
en	t	RunX Running Shoe	RunX Running Shoe Size 46	These running shoes are made with an airy, lightweight mesh upper. The durable rubber outsole grips the pavement for added stability. A cushioned midsole brings comfort to each step.	runx-running-shoe	F3633346	1,2,3	17,23,24,27	10,8	footwear,sports-outdoor	1	preview/00/nikolai-chernichenko-1299748-unsplash__preview.jpg	\N		\N	t	t	62	1	33	33	\N	4495	5394
en	t	Freerun Running Shoe	Freerun Running Shoe Size 46	The Freerun Men's Running Shoe is built for record-breaking speed. The Flyknit upper delivers ultra-lightweight support that fits like a glove.	freerun-running-shoe	AR4561-46	1,2,3	17,23,21,27	10,8	footwear,sports-outdoor	1	preview/0f/imani-clovis-234736-unsplash__preview.jpg	\N		\N	t	t	50	1	30	30	\N	16000	19200
en	t	Hi-Top Basketball Shoe	Hi-Top Basketball Shoe Size 40	Boasting legendary performance since 2008, the Hyperdunkz Basketball Shoe needs no gimmicks to stand out. Air units deliver best-in-class cushioning, while a dynamic lacing system keeps your foot snug and secure, so you can focus on your game and nothing else.	hi-top-basketball-shoe	AO7893-40	1,2,3	17,23,21,28	10,8	footwear,sports-outdoor	1	preview/3c/xavier-teo-469050-unsplash__preview.jpg	\N		\N	t	t	51	1	31	31	\N	14000	16800
en	t	RunX Running Shoe	RunX Running Shoe Size 40	These running shoes are made with an airy, lightweight mesh upper. The durable rubber outsole grips the pavement for added stability. A cushioned midsole brings comfort to each step.	runx-running-shoe	F3633340	1,2,3	17,23,24,27	10,8	footwear,sports-outdoor	1	preview/00/nikolai-chernichenko-1299748-unsplash__preview.jpg	\N		\N	t	t	59	1	33	33	\N	4495	5394
en	t	Hi-Top Basketball Shoe	Hi-Top Basketball Shoe Size 46	Boasting legendary performance since 2008, the Hyperdunkz Basketball Shoe needs no gimmicks to stand out. Air units deliver best-in-class cushioning, while a dynamic lacing system keeps your foot snug and secure, so you can focus on your game and nothing else.	hi-top-basketball-shoe	AO7893-46	1,2,3	17,23,21,28	10,8	footwear,sports-outdoor	1	preview/3c/xavier-teo-469050-unsplash__preview.jpg	\N		\N	t	t	54	1	31	31	\N	14000	16800
en	t	Hi-Top Basketball Shoe	Hi-Top Basketball Shoe Size 44	Boasting legendary performance since 2008, the Hyperdunkz Basketball Shoe needs no gimmicks to stand out. Air units deliver best-in-class cushioning, while a dynamic lacing system keeps your foot snug and secure, so you can focus on your game and nothing else.	hi-top-basketball-shoe	AO7893-44	1,2,3	17,23,21,28	10,8	footwear,sports-outdoor	1	preview/3c/xavier-teo-469050-unsplash__preview.jpg	\N		\N	t	t	53	1	31	31	\N	14000	16800
en	t	Ultraboost Running Shoe	Ultraboost Running Shoe Size 42	With its ultra-light, uber-responsive magic foam and a carbon fiber plate that feels like its propelling you forward, the Running Shoe is ready to push you to victories both large and small	ultraboost-running-shoe	RS0042	1,2,3	17,23,24,25,26	10,8	footwear,sports-outdoor	1	preview/ed/chuttersnap-584518-unsplash__preview.jpg	\N		\N	t	t	44	1	29	29	\N	9999	11999
en	t	Pureboost Running Shoe	Pureboost Running Shoe Size 46	Built to handle curbs, corners and uneven sidewalks, these natural running shoes have an expanded landing zone and a heel plate for added stability. A lightweight and stretchy knit upper supports your native stride.	pureboost-running-shoe	F3578646	1,2,3	17,23,24,28,27	10,8	footwear,sports-outdoor	1	preview/a2/thomas-serer-420833-unsplash__preview.jpg	\N		\N	t	t	58	1	32	32	\N	9995	11994
en	t	Freerun Running Shoe	Freerun Running Shoe Size 44	The Freerun Men's Running Shoe is built for record-breaking speed. The Flyknit upper delivers ultra-lightweight support that fits like a glove.	freerun-running-shoe	AR4561-44	1,2,3	17,23,21,27	10,8	footwear,sports-outdoor	1	preview/0f/imani-clovis-234736-unsplash__preview.jpg	\N		\N	t	t	49	1	30	30	\N	16000	19200
en	t	Ultraboost Running Shoe	Ultraboost Running Shoe Size 44	With its ultra-light, uber-responsive magic foam and a carbon fiber plate that feels like its propelling you forward, the Running Shoe is ready to push you to victories both large and small	ultraboost-running-shoe	RS0044	1,2,3	17,23,24,25,26	10,8	footwear,sports-outdoor	1	preview/ed/chuttersnap-584518-unsplash__preview.jpg	\N		\N	t	t	45	1	29	29	\N	9999	11999
en	t	RunX Running Shoe	RunX Running Shoe Size 42	These running shoes are made with an airy, lightweight mesh upper. The durable rubber outsole grips the pavement for added stability. A cushioned midsole brings comfort to each step.	runx-running-shoe	F3633342	1,2,3	17,23,24,27	10,8	footwear,sports-outdoor	1	preview/00/nikolai-chernichenko-1299748-unsplash__preview.jpg	\N		\N	t	t	60	1	33	33	\N	4495	5394
en	t	Ultraboost Running Shoe	Ultraboost Running Shoe Size 40	With its ultra-light, uber-responsive magic foam and a carbon fiber plate that feels like its propelling you forward, the Running Shoe is ready to push you to victories both large and small	ultraboost-running-shoe	RS0040	1,2,3	17,23,24,25,26	10,8	footwear,sports-outdoor	1	preview/ed/chuttersnap-584518-unsplash__preview.jpg	\N		\N	t	t	43	1	29	29	\N	9999	11999
en	t	RunX Running Shoe	RunX Running Shoe Size 44	These running shoes are made with an airy, lightweight mesh upper. The durable rubber outsole grips the pavement for added stability. A cushioned midsole brings comfort to each step.	runx-running-shoe	F3633344	1,2,3	17,23,24,27	10,8	footwear,sports-outdoor	1	preview/00/nikolai-chernichenko-1299748-unsplash__preview.jpg	\N		\N	t	t	61	1	33	33	\N	4495	5394
en	t	Allstar Sneakers	Allstar Sneakers Size 40	All Star is the most iconic sneaker in the world, recognised for its unmistakable silhouette, star-centred ankle patch and cultural authenticity. And like the best paradigms, it only gets better with time.	allstar-sneakers	CAS23340	1,2,3	17,23,29,27	10,8	footwear,sports-outdoor	1	preview/aa/mitch-lensink-256007-unsplash__preview.jpg	\N		\N	t	t	63	1	34	34	\N	6500	7800
en	t	Cruiser Skateboard	Cruiser Skateboard	Based on the 1970s iconic shape, but made to a larger 69cm size, with updated, quality component, these skateboards are great for beginners to learn the foot spacing required, and are perfect for all-day cruising.	cruiser-skateboard	799872520	1	17,18	9,8	equipment,sports-outdoor	1	preview/35/max-tarkhov-737999-unsplash__preview.jpg	\N		\N	t	t	39	1	25	25	\N	2499	2999
en	t	Football	Football	This football features high-contrast graphics for high-visibility during play, while its machine-stitched tpu casing offers consistent performance.	football	SC3137-056	1,2	17,18,21	9,8	equipment,sports-outdoor	1	preview/d6/nik-shuliahin-619349-unsplash__preview.jpg	\N		\N	t	t	40	1	26	26	\N	5707	6848
en	t	Road Bike	Road Bike	Featuring a full carbon chassis - complete with cyclocross-specific carbon fork - and a component setup geared for hard use on the race circuit, it's got the low weight, exceptional efficiency and brilliant handling you'll need to stay at the front of the pack.	road-bike	RB000844334	1,2	17,18,19	9,8	equipment,sports-outdoor	1	preview/2f/mikkel-bech-748940-unsplash__preview.jpg	\N		\N	t	t	35	1	21	21	\N	249900	299880
en	t	Tripod	Tripod	Capture vivid, professional-style photographs with help from this lightweight tripod. The adjustable-height tripod makes it easy to achieve reliable stability and score just the right angle when going after that award-winning shot.	tripod	B00XI87KV8	1,2	1,9,13	4	camera-photo	1	preview/21/zoltan-tasi-423051-unsplash__preview.jpg	\N		\N	t	t	29	1	15	15	\N	1498	1798
en	t	Allstar Sneakers	Allstar Sneakers Size 46	All Star is the most iconic sneaker in the world, recognised for its unmistakable silhouette, star-centred ankle patch and cultural authenticity. And like the best paradigms, it only gets better with time.	allstar-sneakers	CAS23346	1,2,3	17,23,29,27	10,8	footwear,sports-outdoor	1	preview/aa/mitch-lensink-256007-unsplash__preview.jpg	\N		\N	t	t	66	1	34	34	\N	6500	7800
en	t	Pureboost Running Shoe	Pureboost Running Shoe Size 44	Built to handle curbs, corners and uneven sidewalks, these natural running shoes have an expanded landing zone and a heel plate for added stability. A lightweight and stretchy knit upper supports your native stride.	pureboost-running-shoe	F3578644	1,2,3	17,23,24,28,27	10,8	footwear,sports-outdoor	1	preview/a2/thomas-serer-420833-unsplash__preview.jpg	\N		\N	t	t	57	1	32	32	\N	9995	11994
en	t	Allstar Sneakers	Allstar Sneakers Size 42	All Star is the most iconic sneaker in the world, recognised for its unmistakable silhouette, star-centred ankle patch and cultural authenticity. And like the best paradigms, it only gets better with time.	allstar-sneakers	CAS23342	1,2,3	17,23,29,27	10,8	footwear,sports-outdoor	1	preview/aa/mitch-lensink-256007-unsplash__preview.jpg	\N		\N	t	t	64	1	34	34	\N	6500	7800
en	t	Pureboost Running Shoe	Pureboost Running Shoe Size 42	Built to handle curbs, corners and uneven sidewalks, these natural running shoes have an expanded landing zone and a heel plate for added stability. A lightweight and stretchy knit upper supports your native stride.	pureboost-running-shoe	F3578642	1,2,3	17,23,24,28,27	10,8	footwear,sports-outdoor	1	preview/a2/thomas-serer-420833-unsplash__preview.jpg	\N		\N	t	t	56	1	32	32	\N	9995	11994
en	t	Allstar Sneakers	Allstar Sneakers Size 44	All Star is the most iconic sneaker in the world, recognised for its unmistakable silhouette, star-centred ankle patch and cultural authenticity. And like the best paradigms, it only gets better with time.	allstar-sneakers	CAS23344	1,2,3	17,23,29,27	10,8	footwear,sports-outdoor	1	preview/aa/mitch-lensink-256007-unsplash__preview.jpg	\N		\N	t	t	65	1	34	34	\N	6500	7800
en	t	Pureboost Running Shoe	Pureboost Running Shoe Size 40	Built to handle curbs, corners and uneven sidewalks, these natural running shoes have an expanded landing zone and a heel plate for added stability. A lightweight and stretchy knit upper supports your native stride.	pureboost-running-shoe	F3578640	1,2,3	17,23,24,28,27	10,8	footwear,sports-outdoor	1	preview/a2/thomas-serer-420833-unsplash__preview.jpg	\N		\N	t	t	55	1	32	32	\N	9995	11994
en	t	Boxing Gloves	Boxing Gloves	Training gloves designed for optimum training. Our gloves promote proper punching technique because they are conformed to the natural shape of your fist. Dense, innovative two-layer foam provides better shock absorbency and full padding on the front, back and wrist to promote proper punching technique.	boxing-gloves	B000ZYLPPU	1,2	17,18,20	9,8	equipment,sports-outdoor	1	preview/4f/neonbrand-428982-unsplash__preview.jpg	\N		\N	t	t	37	1	23	23	\N	3304	3965
en	t	Tent	Tent	With tons of space inside (for max. 4 persons), full head height throughout the entire tent and an unusual and striking shape, this tent offers you everything you need.	tent	2000023510	1	17,18	9,8	equipment,sports-outdoor	1	preview/96/michael-guite-571169-unsplash__preview.jpg	\N		\N	t	t	38	1	24	24	\N	21493	25792
en	t	Basketball	Basketball	The Wilson MVP ball is perfect for playing basketball, and improving your skill for hours on end. Designed for new players, it is created with a high-quality rubber suitable for courts, allowing you to get full use during your practices.	basketball	WTB1418XB06	1,2	17,18,22	9,8	equipment,sports-outdoor	1	preview/0f/tommy-bebo-600358-unsplash__preview.jpg	\N		\N	t	t	42	1	28	28	\N	3562	4274
en	t	Tennis Ball	Tennis Ball	Our dog loves these tennis balls and they last for some time before they eventually either get lost in some field or bush or the covering comes off due to it being used most of the day every day.	tennis-ball	WRT11752P	1,2	17,18,22	9,8	equipment,sports-outdoor	1	preview/30/ben-hershey-574483-unsplash__preview.jpg	\N		\N	t	t	41	1	27	27	\N	1273	1528
en	t	Skipping Rope	Skipping Rope	When you're working out you need a quality rope that doesn't tangle at every couple of jumps and with this skipping rope you won't have this problem. The fact that it looks like a pair of tasty frankfurters is merely a bonus.	skipping-rope	B07CNGXVXT	1,2	17,18,20	9,8	equipment,sports-outdoor	1	preview/34/stoica-ionela-530966-unsplash__preview.jpg	\N		\N	t	t	36	1	22	22	\N	799	959
en	t	Instant Camera	Instant Camera	With its nostalgic design and simple point-and-shoot functionality, the Instant Camera is the perfect pick to get started with instant photography.	instant-camera	IC22MWDD	1,2	1,9,10	4	camera-photo	1	preview/b5/eniko-kis-663725-unsplash__preview.jpg	\N		\N	t	t	26	1	12	12	\N	17499	20999
en	t	Camera Lens	Camera Lens	This lens is a Di type lens using an optical system with improved multi-coating designed to function with digital SLR cameras as well as film cameras.	camera-lens	B0012UUP02	1,2	1,9,11	4	camera-photo	1	preview/9b/brandi-redd-104140-unsplash__preview.jpg	\N		\N	t	t	27	1	13	13	\N	10400	12480
en	t	Compact SLR Camera	Compact SLR Camera	Retro styled, portable in size and built around a powerful 24-megapixel APS-C CMOS sensor, this digital camera is the ideal companion for creative everyday photography. Packed full of high spec features such as an advanced hybrid autofocus system able to keep pace with even the most active subjects, a speedy 6fps continuous-shooting mode, high-resolution electronic viewfinder and intuitive swivelling touchscreen, it brings professional image making into everyones grasp.	compact-slr-camera	B07D75V44S	1	1,9	4	camera-photo	1	preview/9d/robert-shunev-528016-unsplash__preview.jpg	\N		\N	t	t	33	1	19	19	\N	52100	62520
en	t	Compact Digital Camera	Compact Digital Camera	Unleash your creative potential with high-level performance and advanced features such as AI-powered Real-time Eye AF; new, high-precision Real-time Tracking; high-speed continuous shooting and 4K HDR movie-shooting. The camera's innovative AF quickly and reliably detects the position of the subject and then tracks the subject's motion, keeping it in sharp focus.	compact-digital-camera	B07D990021	1,2	1,9,15	4	camera-photo	1	preview/bc/patrick-brinksma-663044-unsplash__preview.jpg	\N		\N	t	t	31	1	17	17	\N	89999	107999
en	t	Twin Lens Camera	Twin Lens Camera	What makes a Rolleiflex TLR so special? Many things. To start, TLR stands for twin lens reflex. Twin because there are two lenses. And reflex means that the photographer looks through the lens to view the reflected image of an object or scene on the focusing screen. 	twin-lens-camera	B07D78JTLR	1,2	1,9,16	4	camera-photo	1	preview/ef/alexander-andrews-260988-unsplash__preview.jpg	\N		\N	t	t	34	1	20	20	\N	79900	95880
en	t	Nikkormat SLR Camera	Nikkormat SLR Camera	The Nikkormat FS was brought to market by Nikon in 1965. The lens is a 50mm f1.4 Nikkor. Nice glass, smooth focus and a working diaphragm. A UV filter and a Nikon front lens cap are included with the lens.	nikkormat-slr-camera	B07D33B334	1,2	1,9,11	4	camera-photo	1	preview/95/chuttersnap-324234-unsplash__preview.jpg	\N		\N	t	t	32	1	18	18	\N	61500	73800
en	t	Vintage Folding Camera	Vintage Folding Camera	This vintage folding camera is so antiquated that you cannot possibly hope to produce actual photographs with it. However, it makes a wonderful decorative piece for the home or office.	vintage-folding-camera	B00AFC9099	1,2	1,9,12	4	camera-photo	1	preview/3c/jonathan-talbert-697262-unsplash__preview.jpg	\N		\N	t	t	28	1	14	14	\N	535000	642000
en	t	Hand Trowel	Hand Trowel	Hand trowel for garden cultivating hammer finish epoxy-coated head for improved resistance to rust, scratches, humidity and alkalines in the soil.	hand-trowel	4058NB/09	1	30,31	7,5	plants,home-garden	1	preview/7d/neslihan-gunaydin-3493-unsplash__preview.jpg	\N		\N	t	t	76	1	44	44	\N	499	599
en	t	Instamatic Camera	Instamatic Camera	This inexpensive point-and-shoot camera uses easy-to-load 126 film cartridges. A built-in flash unit ensure great results, no matter the lighting conditions.	instamatic-camera	B07K1330LL	1,2	1,9,14	4	camera-photo	1	preview/5b/jakob-owens-274337-unsplash__preview.jpg	\N		\N	t	t	30	1	16	16	\N	2000	2400
en	t	Modern Cafe Chair	Modern Cafe Chair mustard	You sit comfortably thanks to the restful flexibility of the seat. Lightweight and easy to move around, yet stable enough even for the liveliest, young family members.	modern-cafe-chair	404.038.96	3,1	38,30,34	6,5	furniture,home-garden	1	preview/b1/jean-philippe-delberghe-1400011-unsplash__preview.jpg	\N		\N	t	t	86	1	54	54	\N	10000	12000
en	t	Modern Cafe Chair	Modern Cafe Chair mint	You sit comfortably thanks to the restful flexibility of the seat. Lightweight and easy to move around, yet stable enough even for the liveliest, young family members.	modern-cafe-chair	404.038.96	3,1	39,30,34	6,5	furniture,home-garden	1	preview/b1/jean-philippe-delberghe-1400011-unsplash__preview.jpg	\N		\N	t	t	87	1	54	54	\N	10000	12000
en	t	Modern Cafe Chair	Modern Cafe Chair pearl	You sit comfortably thanks to the restful flexibility of the seat. Lightweight and easy to move around, yet stable enough even for the liveliest, young family members.	modern-cafe-chair	404.038.96	3,1	28,30,34	6,5	furniture,home-garden	1	preview/b1/jean-philippe-delberghe-1400011-unsplash__preview.jpg	\N		\N	t	t	88	1	54	54	\N	10000	12000
en	t	Fern Blechnum Gibbum	Fern Blechnum Gibbum	Create a tropical feel in your home with this lush green tree fern, it has decorative leaves and will develop a short slender trunk in time.	fern-blechnum-gibbum	A04851	1,4	30,31,33	7,5	plants,home-garden	1	preview/6d/caleb-george-536388-unsplash__preview.jpg	\N		\N	t	t	71	1	39	39	\N	895	1074
en	t	Assorted Indoor Succulents	Assorted Indoor Succulents	These assorted succulents come in a variety of different shapes and colours - each with their own unique personality. Succulents grow best in plenty of light: a sunny windowsill would be the ideal spot for them to thrive!	assorted-succulents	A08593	1,4	30,31,32	7,5	plants,home-garden	1	preview/81/annie-spratt-78044-unsplash__preview.jpg	\N		\N	t	t	72	1	40	40	\N	3250	3900
en	t	Orchid	Orchid	Gloriously elegant. It can go along with any interior as it is a neutral color and the most popular Phalaenopsis overall. 2 to 3 foot stems host large white flowers that can last for over 2 months.	orchid	ROR00221	1	30,31	7,5	plants,home-garden	1	preview/88/zoltan-kovacs-642412-unsplash__preview.jpg	\N		\N	t	t	73	1	41	41	\N	6500	7800
en	t	Hard Drive	Hard Drive 3TB	Boost your PC storage with this internal hard drive, designed just for desktop and all-in-one PCs.	hard-drive	IHD455T3	1,2	1,2,8	3	computers	1	preview/96/vincent-botta-736919-unsplash__preview.jpg	\N		\N	t	t	20	1	8	8	\N	7896	9475
en	t	USB Cable	USB Cable	Solid conductors eliminate strand-interaction distortion and reduce jitter. As the surface is made of high-purity silver, the performance is very close to that of a solid silver cable, but priced much closer to solid copper cable.	usb-cable	USBCIN01.5MI	1	1,2	3	computers	1	preview/64/adam-birkett-239153-unsplash__preview.jpg	\N		\N	t	t	25	1	11	11	\N	6900	8280
en	t	High Performance RAM	High Performance RAM 4GB	Each RAM module is built with a pure aluminium heat spreader for faster heat dissipation and cooler operation. Enhanced to XMP 2.0 profiles for better overclocking; Compatibility: Intel 100 Series, Intel 200 Series, Intel 300 Series, Intel X299, AMD 300 Series, AMD 400 Series.	high-performance-ram	CMK32GX4M2AC04	1,2	1,2,6	3	computers	1	preview/58/liam-briese-1128307-unsplash__preview.jpg	\N		\N	t	t	11	1	6	6	\N	13785	16542
en	t	Gaming PC	Gaming PC R7-2700 120GB SSD	This pc is optimised for gaming, and is also VR ready. The Intel Core-i7 CPU and High Performance GPU give the computer the raw power it needs to function at a high level.	gaming-pc	CGS480VR1066	1,2	1,2,7	3	computers	1	preview/5a/florian-olivo-1166419-unsplash__preview.jpg	\N		\N	t	t	17	1	7	7	\N	94920	113904
en	t	High Performance RAM	High Performance RAM 8GB	Each RAM module is built with a pure aluminium heat spreader for faster heat dissipation and cooler operation. Enhanced to XMP 2.0 profiles for better overclocking; Compatibility: Intel 100 Series, Intel 200 Series, Intel 300 Series, Intel X299, AMD 300 Series, AMD 400 Series.	high-performance-ram	CMK32GX4M2AC08	1,2	1,2,6	3	computers	1	preview/58/liam-briese-1128307-unsplash__preview.jpg	\N		\N	t	t	12	1	6	6	\N	14639	17567
en	t	Curvy Monitor	Curvy Monitor 27 inch	Discover a truly immersive viewing experience with this monitor curved more deeply than any other. Wrapping around your field of vision the 1,800 R screencreates a wider field of view, enhances depth perception, and minimises peripheral distractions to draw you deeper in to your content.	curvy-monitor	C27F390	1,2	1,2,5	3	computers	1	preview/9c/alexandru-acea-686569-unsplash__preview.jpg	\N		\N	t	t	10	1	5	5	\N	16994	20393
en	t	Hard Drive	Hard Drive 1TB	Boost your PC storage with this internal hard drive, designed just for desktop and all-in-one PCs.	hard-drive	IHD455T1	1,2	1,2,8	3	computers	1	preview/96/vincent-botta-736919-unsplash__preview.jpg	\N		\N	t	t	18	1	8	8	\N	3799	4559
en	t	Laptop	Laptop 15 inch 8GB	Now equipped with seventh-generation Intel Core processors, Laptop is snappier than ever. From daily tasks like launching apps and opening files to more advanced computing, you can power through your day thanks to faster SSDs and Turbo Boost processing up to 3.6GHz.	laptop	L2201508	1,2	1,2,3	3	computers	1	preview/71/derick-david-409858-unsplash__preview.jpg	\N		\N	t	t	2	1	1	1	\N	139900	167880
en	t	Gaming PC	Gaming PC R7-2700 240GB SSD	This pc is optimised for gaming, and is also VR ready. The Intel Core-i7 CPU and High Performance GPU give the computer the raw power it needs to function at a high level.	gaming-pc	CGS480VR1064	1,2	1,2,7	3	computers	1	preview/5a/florian-olivo-1166419-unsplash__preview.jpg	\N		\N	t	t	15	1	7	7	\N	109995	131994
en	t	High Performance RAM	High Performance RAM 16GB	Each RAM module is built with a pure aluminium heat spreader for faster heat dissipation and cooler operation. Enhanced to XMP 2.0 profiles for better overclocking; Compatibility: Intel 100 Series, Intel 200 Series, Intel 300 Series, Intel X299, AMD 300 Series, AMD 400 Series.	high-performance-ram	CMK32GX4M2AC16	1,2	1,2,6	3	computers	1	preview/58/liam-briese-1128307-unsplash__preview.jpg	\N		\N	t	t	13	1	6	6	\N	28181	33817
en	t	Hard Drive	Hard Drive 4TB	Boost your PC storage with this internal hard drive, designed just for desktop and all-in-one PCs.	hard-drive	IHD455T4	1,2	1,2,8	3	computers	1	preview/96/vincent-botta-736919-unsplash__preview.jpg	\N		\N	t	t	21	1	8	8	\N	9299	11159
en	t	Tablet	Tablet 32GB	If the computer were invented today, what would it look like? It would be powerful enough for any task. So mobile you could take it everywhere. And so intuitive you could use it any way you wanted  with touch, a keyboard, or even a pencil. In other words, it wouldnt really be a "computer." It would be Tablet.	tablet	TBL200032	1,2	1,2,3	3	computers	1	preview/b8/kelly-sikkema-685291-unsplash__preview.jpg	\N		\N	t	t	5	1	2	2	\N	32900	39480
en	t	Hard Drive	Hard Drive 2TB	Boost your PC storage with this internal hard drive, designed just for desktop and all-in-one PCs.	hard-drive	IHD455T2	1,2	1,2,8	3	computers	1	preview/96/vincent-botta-736919-unsplash__preview.jpg	\N		\N	t	t	19	1	8	8	\N	5374	6449
en	t	Ethernet Cable	Ethernet Cable	5m (metres) Cat.6 network cable (upwards/downwards compatible) | Patch cable | 2 RJ-45 plug | plug with bend protection mantle. High transmission speeds due to operating frequency with up to 250 MHz (in comparison to Cat.5/Cat.5e cable bandwidth of 100 MHz).	ethernet-cable	A23334x30	1	1,2	3	computers	1	preview/7b/thomas-q-1229169-unsplash__preview.jpg	\N		\N	t	t	24	1	10	10	\N	597	716
en	t	32-Inch Monitor	32-Inch Monitor	The UJ59 with Ultra HD resolution has 4x the pixels of Full HD, delivering more screen space and amazingly life-like images. That means you can view documents and webpages with less scrolling, work more comfortably with multiple windows and toolbars, and enjoy photos, videos and games in stunning 4K quality. Note: beverage not included.	32-inch-monitor	LU32J590UQUXEN	1,2	1,2,5	3	computers	1	preview/d2/daniel-korpai-1302051-unsplash__preview.jpg	\N		\N	t	t	8	1	4	4	\N	31000	37200
en	t	Tablet	Tablet 128GB	If the computer were invented today, what would it look like? It would be powerful enough for any task. So mobile you could take it everywhere. And so intuitive you could use it any way you wanted  with touch, a keyboard, or even a pencil. In other words, it wouldnt really be a "computer." It would be Tablet.	tablet	TBL200128	1,2	1,2,3	3	computers	1	preview/b8/kelly-sikkema-685291-unsplash__preview.jpg	\N		\N	t	t	6	1	2	2	\N	44500	53400
en	t	Gaming PC	Gaming PC i7-8700 120GB SSD	This pc is optimised for gaming, and is also VR ready. The Intel Core-i7 CPU and High Performance GPU give the computer the raw power it needs to function at a high level.	gaming-pc	CGS480VR1065	1,2	1,2,7	3	computers	1	preview/5a/florian-olivo-1166419-unsplash__preview.jpg	\N		\N	t	t	16	1	7	7	\N	93120	111744
en	t	Laptop	Laptop 15 inch 16GB	Now equipped with seventh-generation Intel Core processors, Laptop is snappier than ever. From daily tasks like launching apps and opening files to more advanced computing, you can power through your day thanks to faster SSDs and Turbo Boost processing up to 3.6GHz.	laptop	L2201516	1,2	1,2,3	3	computers	1	preview/71/derick-david-409858-unsplash__preview.jpg	\N		\N	t	t	4	1	1	1	\N	229900	275880
en	t	Clacky Keyboard	Clacky Keyboard	Let all your colleagues know that you are typing on this exclusive, colorful klicky-klacky keyboard. Huge travel on each keypress ensures maximum klack on each and every keystroke.	clacky-keyboard	A4TKLA45535	1,2	1,2,6	3	computers	1	preview/09/juan-gomez-674574-unsplash__preview.jpg	\N		\N	t	t	23	1	9	9	\N	7489	8987
en	t	Laptop	Laptop 13 inch 8GB	Now equipped with seventh-generation Intel Core processors, Laptop is snappier than ever. From daily tasks like launching apps and opening files to more advanced computing, you can power through your day thanks to faster SSDs and Turbo Boost processing up to 3.6GHz.	laptop	L2201308	1,2	1,2,3	3	computers	1	preview/71/derick-david-409858-unsplash__preview.jpg	\N		\N	t	t	1	1	1	1	\N	129900	155880
en	t	Hard Drive	Hard Drive 6TB	Boost your PC storage with this internal hard drive, designed just for desktop and all-in-one PCs.	hard-drive	IHD455T6	1,2	1,2,8	3	computers	1	preview/96/vincent-botta-736919-unsplash__preview.jpg	\N		\N	t	t	22	1	8	8	\N	13435	16122
en	t	Laptop	Laptop 13 inch 16GB	Now equipped with seventh-generation Intel Core processors, Laptop is snappier than ever. From daily tasks like launching apps and opening files to more advanced computing, you can power through your day thanks to faster SSDs and Turbo Boost processing up to 3.6GHz.	laptop	L2201316	1,2	1,2,3	3	computers	1	preview/71/derick-david-409858-unsplash__preview.jpg	\N		\N	t	t	3	1	1	1	\N	219900	263880
en	t	Gaming PC	Gaming PC i7-8700 240GB SSD	This pc is optimised for gaming, and is also VR ready. The Intel Core-i7 CPU and High Performance GPU give the computer the raw power it needs to function at a high level.	gaming-pc	CGS480VR1063	1,2	1,2,7	3	computers	1	preview/5a/florian-olivo-1166419-unsplash__preview.jpg	\N		\N	t	t	14	1	7	7	\N	108720	130464
en	t	Curvy Monitor	Curvy Monitor 24 inch	Discover a truly immersive viewing experience with this monitor curved more deeply than any other. Wrapping around your field of vision the 1,800 R screencreates a wider field of view, enhances depth perception, and minimises peripheral distractions to draw you deeper in to your content.	curvy-monitor	C24F390	1,2	1,2,5	3	computers	1	preview/9c/alexandru-acea-686569-unsplash__preview.jpg	\N		\N	t	t	9	1	5	5	\N	14374	17249
en	t	Wireless Optical Mouse	Wireless Optical Mouse	The Logitech M185 Wireless Optical Mouse is a great device for any computer user, and as Logitech are the global market leaders for these devices, you are also guaranteed absolute reliability. A mouse to be reckoned with!	cordless-mouse	834444	1,2	1,2,4	3	computers	1	preview/a1/oscar-ivan-esquivel-arteaga-687447-unsplash__preview.jpg	\N		\N	t	t	7	1	3	3	\N	1899	2279
\.


--
-- Data for Name: seller; Type: TABLE DATA; Schema: public; Owner: postgres
--

COPY public.seller ("createdAt", "updatedAt", "deletedAt", name, id) FROM stdin;
2023-12-13 22:22:12.632562	2023-12-13 22:22:12.632562	\N	Default Seller	1
2023-12-13 23:07:33.480139	2023-12-13 23:07:33.480139	\N	renata	2
\.


--
-- Data for Name: session; Type: TABLE DATA; Schema: public; Owner: postgres
--

COPY public.session ("createdAt", "updatedAt", token, expires, invalidated, "authenticationStrategy", id, "activeOrderId", "activeChannelId", type, "userId") FROM stdin;
2023-12-13 22:27:41.735123	2023-12-13 22:27:41.765487	3dd74256b7ad96f2564a32a321be605391d106a4ec01f60d765637b1084de4da	2024-12-13 04:27:41.733	f	\N	1	\N	1	AnonymousSession	\N
2023-12-14 01:02:44.111185	2023-12-14 01:02:44.143881	5b8a06c7092cc4bd34659c2de36affdfc4d08a3dd32e9b365b4ee1f051a04c39	2024-12-13 07:02:44.11	f	\N	3	\N	1	AnonymousSession	\N
2023-12-14 01:05:57.045813	2023-12-14 01:05:57.075772	56d9693011b568dcd5529e7a61d4b71c3358baf08e6aaecced96079c2dc55fe3	2024-12-13 07:05:57.032	f	\N	6	\N	1	AnonymousSession	\N
2023-12-14 13:04:56.903991	2023-12-14 13:04:56.930185	53912abea7c05b93736c9739bda715bd20af743cda50fc22298f5e5356f232d6	2024-12-13 19:04:56.903	f	\N	7	\N	1	AnonymousSession	\N
2023-12-14 13:05:02.147737	2023-12-14 13:05:02.73995	0b458445186a953b31d51bca9efe36f0c6389b6d6d4ade08d773aec57c693b6e	2024-12-13 19:05:02.494	f	native	8	\N	1	AuthenticatedSession	1
2023-12-14 13:05:03.605225	2023-12-14 13:05:04.132883	a73feffe85dc8b566f271ed65fa61988ca03d5cafaeb8fe551490b7e2a5d010c	2024-12-13 19:05:03.884	f	native	9	\N	1	AuthenticatedSession	1
2023-12-14 18:09:38.860107	2023-12-14 18:09:38.892276	cfbcfb2175ce5042b2a0f512f73587425f13f8f1587dc7420b41b28a518cf6b5	2024-12-14 00:09:38.859	f	\N	10	\N	1	AnonymousSession	\N
2023-12-14 18:10:51.117873	2023-12-14 18:10:51.551424	9839c90ac1cc7783e4497bac20c95cb937d9660cf80e1fcc8b929347a241ee97	2024-12-14 00:10:51.479	f	native	11	\N	1	AuthenticatedSession	1
2023-12-14 19:29:48.002307	2023-12-14 19:29:48.07599	5ec8d29a0f942703cc47423153cd86fac83fe4b1779800bb348e0bc10b7bc730	2024-12-14 01:29:48.001	f	\N	13	\N	1	AnonymousSession	\N
2023-12-14 19:29:47.999368	2023-12-14 19:29:48.088749	512a90c6a4db18ad67102bac1a561f2a2e9f07ec33e772af50bc85478a04c6e3	2024-12-14 01:29:47.998	f	\N	12	\N	1	AnonymousSession	\N
2023-12-14 19:29:48.027502	2023-12-14 19:37:48.22731	b4e1f9f36b6d8aeba1fb8957eeadf92efcfd2be46f8a8a81a7b9e61caed3d5ad	2024-12-14 01:29:48.027	f	\N	14	2	1	AnonymousSession	\N
2023-12-15 19:00:49.362582	2023-12-15 19:00:49.395364	ae35cecd4fbda3ad1d4bc698ae89ccd2fff4cada6d95be6f3747137504128bd1	2024-12-15 01:00:49.35	f	\N	15	\N	1	AnonymousSession	\N
2023-12-15 19:00:58.486334	2023-12-15 19:00:59.101307	75965996ae9351e8bc91465fa803bbad82acc764f1ae6de80f32a596f4e494ec	2024-12-15 01:00:58.85	f	native	16	\N	1	AuthenticatedSession	1
2023-12-20 11:26:47.144222	2023-12-20 11:26:47.179583	18d48f6417ef95e8a62186379b9f9d1676cbaf30c34d6ba56caafbea2d986369	2024-12-19 17:26:47.143	f	\N	17	\N	1	AnonymousSession	\N
2023-12-20 11:26:52.729368	2023-12-20 11:26:53.319343	74d1a5853a03d4a736abb8ba3d95bfc23fe14deea77558da4f7dd5fcdc65a33a	2024-12-19 17:26:53.071	f	native	18	\N	1	AuthenticatedSession	1
\.


--
-- Data for Name: shipping_line; Type: TABLE DATA; Schema: public; Owner: postgres
--

COPY public.shipping_line ("createdAt", "updatedAt", "listPriceIncludesTax", adjustments, "taxLines", id, "shippingMethodId", "listPrice", "orderId") FROM stdin;
\.


--
-- Data for Name: shipping_method; Type: TABLE DATA; Schema: public; Owner: postgres
--

COPY public.shipping_method ("createdAt", "updatedAt", "deletedAt", code, checker, calculator, "fulfillmentHandlerCode", id) FROM stdin;
2023-12-13 22:22:15.719011	2023-12-13 22:22:15.719011	\N	standard-shipping	{"code":"default-shipping-eligibility-checker","args":[{"name":"orderMinimum","value":"0"}]}	{"code":"default-shipping-calculator","args":[{"name":"rate","value":"500"},{"name":"includesTax","value":"auto"},{"name":"taxRate","value":"0"}]}	manual-fulfillment	1
2023-12-13 22:22:15.741411	2023-12-13 22:22:15.741411	\N	express-shipping	{"code":"default-shipping-eligibility-checker","args":[{"name":"orderMinimum","value":"0"}]}	{"code":"default-shipping-calculator","args":[{"name":"rate","value":"1000"},{"name":"includesTax","value":"auto"},{"name":"taxRate","value":"0"}]}	manual-fulfillment	2
\.


--
-- Data for Name: shipping_method_channels_channel; Type: TABLE DATA; Schema: public; Owner: postgres
--

COPY public.shipping_method_channels_channel ("shippingMethodId", "channelId") FROM stdin;
1	1
2	1
\.


--
-- Data for Name: shipping_method_translation; Type: TABLE DATA; Schema: public; Owner: postgres
--

COPY public.shipping_method_translation ("createdAt", "updatedAt", "languageCode", name, description, id, "baseId") FROM stdin;
2023-12-13 22:22:15.715243	2023-12-13 22:22:15.719011	en	Standard Shipping		1	1
2023-12-13 22:22:15.739212	2023-12-13 22:22:15.741411	en	Express Shipping		2	2
\.


--
-- Data for Name: stock_level; Type: TABLE DATA; Schema: public; Owner: postgres
--

COPY public.stock_level ("createdAt", "updatedAt", "stockOnHand", "stockAllocated", id, "productVariantId", "stockLocationId") FROM stdin;
2023-12-13 22:22:16.048634	2023-12-13 22:22:16.055963	100	0	1	1	1
2023-12-13 22:22:16.068081	2023-12-13 22:22:16.073129	100	0	2	2	1
2023-12-13 22:22:16.083342	2023-12-13 22:22:16.08893	100	0	3	3	1
2023-12-13 22:22:16.106972	2023-12-13 22:22:16.115183	100	0	4	4	1
2023-12-13 22:22:16.189317	2023-12-13 22:22:16.194703	100	0	5	5	1
2023-12-13 22:22:16.206539	2023-12-13 22:22:16.212269	100	0	6	6	1
2023-12-13 22:22:16.27925	2023-12-13 22:22:16.284869	100	0	7	7	1
2023-12-13 22:22:16.375306	2023-12-13 22:22:16.379937	100	0	8	8	1
2023-12-13 22:22:16.455887	2023-12-13 22:22:16.460203	100	0	9	9	1
2023-12-13 22:22:16.470015	2023-12-13 22:22:16.4742	100	0	10	10	1
2023-12-13 22:22:16.571541	2023-12-13 22:22:16.58125	100	0	11	11	1
2023-12-13 22:22:16.593947	2023-12-13 22:22:16.598347	100	0	12	12	1
2023-12-13 22:22:16.613107	2023-12-13 22:22:16.618542	100	0	13	13	1
2023-12-13 22:22:16.704706	2023-12-13 22:22:16.708692	100	0	14	14	1
2023-12-13 22:22:16.719446	2023-12-13 22:22:16.726257	100	0	15	15	1
2023-12-13 22:22:16.736417	2023-12-13 22:22:16.740911	100	0	16	16	1
2023-12-13 22:22:16.74962	2023-12-13 22:22:16.757135	100	0	17	17	1
2023-12-13 22:22:16.848438	2023-12-13 22:22:16.852677	100	0	18	18	1
2023-12-13 22:22:16.865107	2023-12-13 22:22:16.870107	100	0	19	19	1
2023-12-13 22:22:16.884875	2023-12-13 22:22:16.891697	100	0	20	20	1
2023-12-13 22:22:16.902091	2023-12-13 22:22:16.905994	100	0	21	21	1
2023-12-13 22:22:16.917996	2023-12-13 22:22:16.924898	100	0	22	22	1
2023-12-13 22:22:16.972838	2023-12-13 22:22:16.977699	100	0	23	23	1
2023-12-13 22:22:17.044478	2023-12-13 22:22:17.05052	100	0	24	24	1
2023-12-13 22:22:17.098163	2023-12-13 22:22:17.102248	100	0	25	25	1
2023-12-13 22:22:17.165866	2023-12-13 22:22:17.171289	100	0	26	26	1
2023-12-13 22:22:17.229857	2023-12-13 22:22:17.234498	100	0	27	27	1
2023-12-13 22:22:17.285517	2023-12-13 22:22:17.289602	100	0	28	28	1
2023-12-13 22:22:17.346892	2023-12-13 22:22:17.351993	100	0	29	29	1
2023-12-13 22:22:17.42763	2023-12-13 22:22:17.432529	100	0	30	30	1
2023-12-13 22:22:17.493394	2023-12-13 22:22:17.497975	100	0	31	31	1
2023-12-13 22:22:17.552377	2023-12-13 22:22:17.562365	100	0	32	32	1
2023-12-13 22:22:17.609572	2023-12-13 22:22:17.613245	100	0	33	33	1
2023-12-13 22:22:17.674601	2023-12-13 22:22:17.679244	100	0	34	34	1
2023-12-13 22:22:17.758732	2023-12-13 22:22:17.763966	100	0	35	35	1
2023-12-13 22:22:17.829272	2023-12-13 22:22:17.834531	100	0	36	36	1
2023-12-13 22:22:17.886376	2023-12-13 22:22:17.892118	100	0	37	37	1
2023-12-13 22:22:17.945124	2023-12-13 22:22:17.948636	100	0	38	38	1
2023-12-13 22:22:18.001864	2023-12-13 22:22:18.005412	100	0	39	39	1
2023-12-13 22:22:18.070043	2023-12-13 22:22:18.07404	100	0	40	40	1
2023-12-13 22:22:18.128312	2023-12-13 22:22:18.131983	100	0	41	41	1
2023-12-13 22:22:18.189388	2023-12-13 22:22:18.194145	100	0	42	42	1
2023-12-13 22:22:18.311858	2023-12-13 22:22:18.316642	100	0	43	43	1
2023-12-13 22:22:18.324177	2023-12-13 22:22:18.327879	100	0	44	44	1
2023-12-13 22:22:18.336364	2023-12-13 22:22:18.340399	100	0	45	45	1
2023-12-13 22:22:18.349976	2023-12-13 22:22:18.355131	100	0	46	46	1
2023-12-13 22:22:18.44513	2023-12-13 22:22:18.448923	100	0	47	47	1
2023-12-13 22:22:18.461897	2023-12-13 22:22:18.465799	100	0	48	48	1
2023-12-13 22:22:18.474768	2023-12-13 22:22:18.478532	100	0	49	49	1
2023-12-13 22:22:18.485931	2023-12-13 22:22:18.489949	100	0	50	50	1
2023-12-13 22:22:18.580321	2023-12-13 22:22:18.585137	100	0	51	51	1
2023-12-13 22:22:18.593767	2023-12-13 22:22:18.59818	100	0	52	52	1
2023-12-13 22:22:18.609338	2023-12-13 22:22:18.615234	100	0	53	53	1
2023-12-13 22:22:18.627017	2023-12-13 22:22:18.631275	100	0	54	54	1
2023-12-13 22:22:18.718996	2023-12-13 22:22:18.723635	100	0	55	55	1
2023-12-13 22:22:18.734426	2023-12-13 22:22:18.739852	100	0	56	56	1
2023-12-13 22:22:18.749482	2023-12-13 22:22:18.754483	100	0	57	57	1
2023-12-13 22:22:18.764368	2023-12-13 22:22:18.768438	100	0	58	58	1
2023-12-13 22:22:18.835899	2023-12-13 22:22:18.840664	100	0	59	59	1
2023-12-13 22:22:18.850382	2023-12-13 22:22:18.856086	100	0	60	60	1
2023-12-13 22:22:18.868345	2023-12-13 22:22:18.872774	100	0	61	61	1
2023-12-13 22:22:18.882001	2023-12-13 22:22:18.88596	100	0	62	62	1
2023-12-13 22:22:18.965275	2023-12-13 22:22:18.968877	100	0	63	63	1
2023-12-13 22:22:18.978506	2023-12-13 22:22:18.983399	100	0	64	64	1
2023-12-13 22:22:18.992996	2023-12-13 22:22:18.998192	100	0	65	65	1
2023-12-13 22:22:19.009548	2023-12-13 22:22:19.015389	100	0	66	66	1
2023-12-13 22:22:19.105226	2023-12-13 22:22:19.108792	100	0	67	67	1
2023-12-13 22:22:19.162695	2023-12-13 22:22:19.167649	100	0	68	68	1
2023-12-13 22:22:19.221981	2023-12-13 22:22:19.226848	100	0	69	69	1
2023-12-13 22:22:19.276288	2023-12-13 22:22:19.279622	100	0	70	70	1
2023-12-13 22:22:19.339378	2023-12-13 22:22:19.343919	100	0	71	71	1
2023-12-13 22:22:19.397076	2023-12-13 22:22:19.401254	100	0	72	72	1
2023-12-13 22:22:19.449441	2023-12-13 22:22:19.454622	100	0	73	73	1
2023-12-13 22:22:19.508786	2023-12-13 22:22:19.513737	100	0	74	74	1
2023-12-13 22:22:19.579495	2023-12-13 22:22:19.583761	100	0	75	75	1
2023-12-13 22:22:19.624913	2023-12-13 22:22:19.628497	100	0	76	76	1
2023-12-13 22:22:19.669686	2023-12-13 22:22:19.674004	100	0	77	77	1
2023-12-13 22:22:19.725652	2023-12-13 22:22:19.731394	100	0	78	78	1
2023-12-13 22:22:19.787946	2023-12-13 22:22:19.793922	100	0	79	79	1
2023-12-13 22:22:19.840459	2023-12-13 22:22:19.844803	100	0	80	80	1
2023-12-13 22:22:19.900739	2023-12-13 22:22:19.9047	100	0	81	81	1
2023-12-13 22:22:19.955139	2023-12-13 22:22:19.959443	100	0	82	82	1
2023-12-13 22:22:20.014352	2023-12-13 22:22:20.019958	100	0	83	83	1
2023-12-13 22:22:20.068107	2023-12-13 22:22:20.07234	100	0	84	84	1
2023-12-13 22:22:20.127821	2023-12-13 22:22:20.131911	100	0	85	85	1
2023-12-13 22:22:20.209894	2023-12-13 22:22:20.216531	100	0	86	86	1
2023-12-13 22:22:20.239048	2023-12-13 22:22:20.244578	100	0	87	87	1
2023-12-13 22:22:20.255933	2023-12-13 22:22:20.261683	100	0	88	88	1
\.


--
-- Data for Name: stock_location; Type: TABLE DATA; Schema: public; Owner: postgres
--

COPY public.stock_location ("createdAt", "updatedAt", name, description, id) FROM stdin;
2023-12-13 22:22:13.06043	2023-12-13 22:22:13.06043	Default Stock Location	The default stock location	1
\.


--
-- Data for Name: stock_location_channels_channel; Type: TABLE DATA; Schema: public; Owner: postgres
--

COPY public.stock_location_channels_channel ("stockLocationId", "channelId") FROM stdin;
1	1
\.


--
-- Data for Name: stock_movement; Type: TABLE DATA; Schema: public; Owner: postgres
--

COPY public.stock_movement ("createdAt", "updatedAt", type, quantity, id, "stockLocationId", discriminator, "productVariantId", "orderLineId") FROM stdin;
2023-12-13 22:22:16.051405	2023-12-13 22:22:16.051405	ADJUSTMENT	100	1	1	StockAdjustment	1	\N
2023-12-13 22:22:16.069913	2023-12-13 22:22:16.069913	ADJUSTMENT	100	2	1	StockAdjustment	2	\N
2023-12-13 22:22:16.085302	2023-12-13 22:22:16.085302	ADJUSTMENT	100	3	1	StockAdjustment	3	\N
2023-12-13 22:22:16.109302	2023-12-13 22:22:16.109302	ADJUSTMENT	100	4	1	StockAdjustment	4	\N
2023-12-13 22:22:16.191602	2023-12-13 22:22:16.191602	ADJUSTMENT	100	5	1	StockAdjustment	5	\N
2023-12-13 22:22:16.20874	2023-12-13 22:22:16.20874	ADJUSTMENT	100	6	1	StockAdjustment	6	\N
2023-12-13 22:22:16.281402	2023-12-13 22:22:16.281402	ADJUSTMENT	100	7	1	StockAdjustment	7	\N
2023-12-13 22:22:16.377267	2023-12-13 22:22:16.377267	ADJUSTMENT	100	8	1	StockAdjustment	8	\N
2023-12-13 22:22:16.457621	2023-12-13 22:22:16.457621	ADJUSTMENT	100	9	1	StockAdjustment	9	\N
2023-12-13 22:22:16.471621	2023-12-13 22:22:16.471621	ADJUSTMENT	100	10	1	StockAdjustment	10	\N
2023-12-13 22:22:16.574478	2023-12-13 22:22:16.574478	ADJUSTMENT	100	11	1	StockAdjustment	11	\N
2023-12-13 22:22:16.595698	2023-12-13 22:22:16.595698	ADJUSTMENT	100	12	1	StockAdjustment	12	\N
2023-12-13 22:22:16.615541	2023-12-13 22:22:16.615541	ADJUSTMENT	100	13	1	StockAdjustment	13	\N
2023-12-13 22:22:16.706225	2023-12-13 22:22:16.706225	ADJUSTMENT	100	14	1	StockAdjustment	14	\N
2023-12-13 22:22:16.722024	2023-12-13 22:22:16.722024	ADJUSTMENT	100	15	1	StockAdjustment	15	\N
2023-12-13 22:22:16.738319	2023-12-13 22:22:16.738319	ADJUSTMENT	100	16	1	StockAdjustment	16	\N
2023-12-13 22:22:16.751112	2023-12-13 22:22:16.751112	ADJUSTMENT	100	17	1	StockAdjustment	17	\N
2023-12-13 22:22:16.850065	2023-12-13 22:22:16.850065	ADJUSTMENT	100	18	1	StockAdjustment	18	\N
2023-12-13 22:22:16.866671	2023-12-13 22:22:16.866671	ADJUSTMENT	100	19	1	StockAdjustment	19	\N
2023-12-13 22:22:16.887415	2023-12-13 22:22:16.887415	ADJUSTMENT	100	20	1	StockAdjustment	20	\N
2023-12-13 22:22:16.903634	2023-12-13 22:22:16.903634	ADJUSTMENT	100	21	1	StockAdjustment	21	\N
2023-12-13 22:22:16.921001	2023-12-13 22:22:16.921001	ADJUSTMENT	100	22	1	StockAdjustment	22	\N
2023-12-13 22:22:16.97484	2023-12-13 22:22:16.97484	ADJUSTMENT	100	23	1	StockAdjustment	23	\N
2023-12-13 22:22:17.046513	2023-12-13 22:22:17.046513	ADJUSTMENT	100	24	1	StockAdjustment	24	\N
2023-12-13 22:22:17.099517	2023-12-13 22:22:17.099517	ADJUSTMENT	100	25	1	StockAdjustment	25	\N
2023-12-13 22:22:17.167421	2023-12-13 22:22:17.167421	ADJUSTMENT	100	26	1	StockAdjustment	26	\N
2023-12-13 22:22:17.23147	2023-12-13 22:22:17.23147	ADJUSTMENT	100	27	1	StockAdjustment	27	\N
2023-12-13 22:22:17.287281	2023-12-13 22:22:17.287281	ADJUSTMENT	100	28	1	StockAdjustment	28	\N
2023-12-13 22:22:17.348472	2023-12-13 22:22:17.348472	ADJUSTMENT	100	29	1	StockAdjustment	29	\N
2023-12-13 22:22:17.429208	2023-12-13 22:22:17.429208	ADJUSTMENT	100	30	1	StockAdjustment	30	\N
2023-12-13 22:22:17.49506	2023-12-13 22:22:17.49506	ADJUSTMENT	100	31	1	StockAdjustment	31	\N
2023-12-13 22:22:17.554854	2023-12-13 22:22:17.554854	ADJUSTMENT	100	32	1	StockAdjustment	32	\N
2023-12-13 22:22:17.610986	2023-12-13 22:22:17.610986	ADJUSTMENT	100	33	1	StockAdjustment	33	\N
2023-12-13 22:22:17.676324	2023-12-13 22:22:17.676324	ADJUSTMENT	100	34	1	StockAdjustment	34	\N
2023-12-13 22:22:17.760992	2023-12-13 22:22:17.760992	ADJUSTMENT	100	35	1	StockAdjustment	35	\N
2023-12-13 22:22:17.830777	2023-12-13 22:22:17.830777	ADJUSTMENT	100	36	1	StockAdjustment	36	\N
2023-12-13 22:22:17.888568	2023-12-13 22:22:17.888568	ADJUSTMENT	100	37	1	StockAdjustment	37	\N
2023-12-13 22:22:17.946483	2023-12-13 22:22:17.946483	ADJUSTMENT	100	38	1	StockAdjustment	38	\N
2023-12-13 22:22:18.003209	2023-12-13 22:22:18.003209	ADJUSTMENT	100	39	1	StockAdjustment	39	\N
2023-12-13 22:22:18.071637	2023-12-13 22:22:18.071637	ADJUSTMENT	100	40	1	StockAdjustment	40	\N
2023-12-13 22:22:18.129841	2023-12-13 22:22:18.129841	ADJUSTMENT	100	41	1	StockAdjustment	41	\N
2023-12-13 22:22:18.191267	2023-12-13 22:22:18.191267	ADJUSTMENT	100	42	1	StockAdjustment	42	\N
2023-12-13 22:22:18.314009	2023-12-13 22:22:18.314009	ADJUSTMENT	100	43	1	StockAdjustment	43	\N
2023-12-13 22:22:18.325524	2023-12-13 22:22:18.325524	ADJUSTMENT	100	44	1	StockAdjustment	44	\N
2023-12-13 22:22:18.337955	2023-12-13 22:22:18.337955	ADJUSTMENT	100	45	1	StockAdjustment	45	\N
2023-12-13 22:22:18.351684	2023-12-13 22:22:18.351684	ADJUSTMENT	100	46	1	StockAdjustment	46	\N
2023-12-13 22:22:18.446657	2023-12-13 22:22:18.446657	ADJUSTMENT	100	47	1	StockAdjustment	47	\N
2023-12-13 22:22:18.463415	2023-12-13 22:22:18.463415	ADJUSTMENT	100	48	1	StockAdjustment	48	\N
2023-12-13 22:22:18.476178	2023-12-13 22:22:18.476178	ADJUSTMENT	100	49	1	StockAdjustment	49	\N
2023-12-13 22:22:18.48756	2023-12-13 22:22:18.48756	ADJUSTMENT	100	50	1	StockAdjustment	50	\N
2023-12-13 22:22:18.582367	2023-12-13 22:22:18.582367	ADJUSTMENT	100	51	1	StockAdjustment	51	\N
2023-12-13 22:22:18.595278	2023-12-13 22:22:18.595278	ADJUSTMENT	100	52	1	StockAdjustment	52	\N
2023-12-13 22:22:18.611399	2023-12-13 22:22:18.611399	ADJUSTMENT	100	53	1	StockAdjustment	53	\N
2023-12-13 22:22:18.628747	2023-12-13 22:22:18.628747	ADJUSTMENT	100	54	1	StockAdjustment	54	\N
2023-12-13 22:22:18.721121	2023-12-13 22:22:18.721121	ADJUSTMENT	100	55	1	StockAdjustment	55	\N
2023-12-13 22:22:18.736353	2023-12-13 22:22:18.736353	ADJUSTMENT	100	56	1	StockAdjustment	56	\N
2023-12-13 22:22:18.75145	2023-12-13 22:22:18.75145	ADJUSTMENT	100	57	1	StockAdjustment	57	\N
2023-12-13 22:22:18.766048	2023-12-13 22:22:18.766048	ADJUSTMENT	100	58	1	StockAdjustment	58	\N
2023-12-13 22:22:18.83726	2023-12-13 22:22:18.83726	ADJUSTMENT	100	59	1	StockAdjustment	59	\N
2023-12-13 22:22:18.853125	2023-12-13 22:22:18.853125	ADJUSTMENT	100	60	1	StockAdjustment	60	\N
2023-12-13 22:22:18.870285	2023-12-13 22:22:18.870285	ADJUSTMENT	100	61	1	StockAdjustment	61	\N
2023-12-13 22:22:18.883492	2023-12-13 22:22:18.883492	ADJUSTMENT	100	62	1	StockAdjustment	62	\N
2023-12-13 22:22:18.966748	2023-12-13 22:22:18.966748	ADJUSTMENT	100	63	1	StockAdjustment	63	\N
2023-12-13 22:22:18.98116	2023-12-13 22:22:18.98116	ADJUSTMENT	100	64	1	StockAdjustment	64	\N
2023-12-13 22:22:18.995123	2023-12-13 22:22:18.995123	ADJUSTMENT	100	65	1	StockAdjustment	65	\N
2023-12-13 22:22:19.011713	2023-12-13 22:22:19.011713	ADJUSTMENT	100	66	1	StockAdjustment	66	\N
2023-12-13 22:22:19.106687	2023-12-13 22:22:19.106687	ADJUSTMENT	100	67	1	StockAdjustment	67	\N
2023-12-13 22:22:19.164883	2023-12-13 22:22:19.164883	ADJUSTMENT	100	68	1	StockAdjustment	68	\N
2023-12-13 22:22:19.223946	2023-12-13 22:22:19.223946	ADJUSTMENT	100	69	1	StockAdjustment	69	\N
2023-12-13 22:22:19.277615	2023-12-13 22:22:19.277615	ADJUSTMENT	100	70	1	StockAdjustment	70	\N
2023-12-13 22:22:19.341293	2023-12-13 22:22:19.341293	ADJUSTMENT	100	71	1	StockAdjustment	71	\N
2023-12-13 22:22:19.398638	2023-12-13 22:22:19.398638	ADJUSTMENT	100	72	1	StockAdjustment	72	\N
2023-12-13 22:22:19.451382	2023-12-13 22:22:19.451382	ADJUSTMENT	100	73	1	StockAdjustment	73	\N
2023-12-13 22:22:19.510777	2023-12-13 22:22:19.510777	ADJUSTMENT	100	74	1	StockAdjustment	74	\N
2023-12-13 22:22:19.580883	2023-12-13 22:22:19.580883	ADJUSTMENT	100	75	1	StockAdjustment	75	\N
2023-12-13 22:22:19.626446	2023-12-13 22:22:19.626446	ADJUSTMENT	100	76	1	StockAdjustment	76	\N
2023-12-13 22:22:19.671459	2023-12-13 22:22:19.671459	ADJUSTMENT	100	77	1	StockAdjustment	77	\N
2023-12-13 22:22:19.728	2023-12-13 22:22:19.728	ADJUSTMENT	100	78	1	StockAdjustment	78	\N
2023-12-13 22:22:19.789498	2023-12-13 22:22:19.789498	ADJUSTMENT	100	79	1	StockAdjustment	79	\N
2023-12-13 22:22:19.841908	2023-12-13 22:22:19.841908	ADJUSTMENT	100	80	1	StockAdjustment	80	\N
2023-12-13 22:22:19.902419	2023-12-13 22:22:19.902419	ADJUSTMENT	100	81	1	StockAdjustment	81	\N
2023-12-13 22:22:19.956878	2023-12-13 22:22:19.956878	ADJUSTMENT	100	82	1	StockAdjustment	82	\N
2023-12-13 22:22:20.016666	2023-12-13 22:22:20.016666	ADJUSTMENT	100	83	1	StockAdjustment	83	\N
2023-12-13 22:22:20.069681	2023-12-13 22:22:20.069681	ADJUSTMENT	100	84	1	StockAdjustment	84	\N
2023-12-13 22:22:20.129645	2023-12-13 22:22:20.129645	ADJUSTMENT	100	85	1	StockAdjustment	85	\N
2023-12-13 22:22:20.212105	2023-12-13 22:22:20.212105	ADJUSTMENT	100	86	1	StockAdjustment	86	\N
2023-12-13 22:22:20.24157	2023-12-13 22:22:20.24157	ADJUSTMENT	100	87	1	StockAdjustment	87	\N
2023-12-13 22:22:20.258746	2023-12-13 22:22:20.258746	ADJUSTMENT	100	88	1	StockAdjustment	88	\N
\.


--
-- Data for Name: surcharge; Type: TABLE DATA; Schema: public; Owner: postgres
--

COPY public.surcharge ("createdAt", "updatedAt", description, "listPriceIncludesTax", sku, "taxLines", id, "listPrice", "orderId", "orderModificationId") FROM stdin;
\.


--
-- Data for Name: tag; Type: TABLE DATA; Schema: public; Owner: postgres
--

COPY public.tag ("createdAt", "updatedAt", value, id) FROM stdin;
\.


--
-- Data for Name: tax_category; Type: TABLE DATA; Schema: public; Owner: postgres
--

COPY public.tax_category ("createdAt", "updatedAt", name, "isDefault", id) FROM stdin;
2023-12-13 22:22:15.562032	2023-12-13 22:22:15.562032	Standard Tax	f	1
2023-12-13 22:22:15.619335	2023-12-13 22:22:15.619335	Reduced Tax	f	2
2023-12-13 22:22:15.662881	2023-12-13 22:22:15.662881	Zero Tax	f	3
\.


--
-- Data for Name: tax_rate; Type: TABLE DATA; Schema: public; Owner: postgres
--

COPY public.tax_rate ("createdAt", "updatedAt", name, enabled, value, id, "categoryId", "zoneId", "customerGroupId") FROM stdin;
2023-12-13 22:22:15.56846	2023-12-13 22:22:15.56846	Standard Tax Asia	t	20.00	1	1	1	\N
2023-12-13 22:22:15.580979	2023-12-13 22:22:15.580979	Standard Tax Europe	t	20.00	2	1	2	\N
2023-12-13 22:22:15.590083	2023-12-13 22:22:15.590083	Standard Tax Africa	t	20.00	3	1	3	\N
2023-12-13 22:22:15.598173	2023-12-13 22:22:15.598173	Standard Tax Oceania	t	20.00	4	1	4	\N
2023-12-13 22:22:15.610513	2023-12-13 22:22:15.610513	Standard Tax Americas	t	20.00	5	1	5	\N
2023-12-13 22:22:15.623285	2023-12-13 22:22:15.623285	Reduced Tax Asia	t	10.00	6	2	1	\N
2023-12-13 22:22:15.63094	2023-12-13 22:22:15.63094	Reduced Tax Europe	t	10.00	7	2	2	\N
2023-12-13 22:22:15.639674	2023-12-13 22:22:15.639674	Reduced Tax Africa	t	10.00	8	2	3	\N
2023-12-13 22:22:15.647366	2023-12-13 22:22:15.647366	Reduced Tax Oceania	t	10.00	9	2	4	\N
2023-12-13 22:22:15.65612	2023-12-13 22:22:15.65612	Reduced Tax Americas	t	10.00	10	2	5	\N
2023-12-13 22:22:15.666791	2023-12-13 22:22:15.666791	Zero Tax Asia	t	0.00	11	3	1	\N
2023-12-13 22:22:15.677002	2023-12-13 22:22:15.677002	Zero Tax Europe	t	0.00	12	3	2	\N
2023-12-13 22:22:15.687256	2023-12-13 22:22:15.687256	Zero Tax Africa	t	0.00	13	3	3	\N
2023-12-13 22:22:15.695545	2023-12-13 22:22:15.695545	Zero Tax Oceania	t	0.00	14	3	4	\N
2023-12-13 22:22:15.704056	2023-12-13 22:22:15.704056	Zero Tax Americas	t	0.00	15	3	5	\N
2023-12-13 23:49:37.046711	2023-12-13 23:49:37.046711	ICMS	t	12.00	16	1	6	\N
\.


--
-- Data for Name: user; Type: TABLE DATA; Schema: public; Owner: postgres
--

COPY public."user" ("createdAt", "updatedAt", "deletedAt", identifier, verified, "lastLogin", id) FROM stdin;
2023-12-14 17:16:55.664169	2023-12-14 17:24:32.610086	2023-12-14 17:24:32.629	johndoe123@gmail.com	f	\N	2
2023-12-14 17:24:59.303845	2023-12-14 17:30:32.586681	2023-12-14 17:30:32.605	johndoe234@gmail.com	f	\N	3
2023-12-14 17:33:24.855693	2023-12-14 17:33:24.855693	\N	johndoe456@gmail.com	f	\N	4
2023-12-15 19:49:05.059265	2023-12-15 19:49:05.059265	\N	user1@example.com	f	\N	5
2023-12-13 22:22:13.002874	2023-12-20 11:26:52.729368	\N	superadmin	t	2023-12-20 11:26:53.053	1
2023-12-21 17:57:16.585507	2023-12-21 17:58:36.757625	2023-12-21 17:58:36.779	user3@example.com	t	\N	7
2023-12-21 17:55:15.308409	2023-12-21 17:58:36.757625	2023-12-21 17:58:36.78	user2@example.com	t	\N	6
2023-12-21 17:58:49.563668	2023-12-21 18:00:03.998905	2023-12-21 18:00:04.015	user4@example.com	t	\N	8
2023-12-21 18:00:16.405376	2023-12-21 18:01:09.799863	2023-12-21 18:01:09.814	user5@example.com	t	\N	9
2023-12-21 18:01:19.770899	2023-12-21 18:01:55.55559	2023-12-21 18:01:55.565	user6@example.com	f	\N	10
2023-12-21 18:02:07.683894	2023-12-21 18:04:03.313376	2023-12-21 18:04:03.331	user7@example.com	f	\N	11
2023-12-21 18:04:13.772215	2023-12-21 18:05:28.171341	2023-12-21 18:05:28.187	user8@example.com	f	\N	12
2023-12-21 18:05:40.254873	2023-12-21 18:07:56.589033	2023-12-21 18:07:56.603	user9@example.com	t	\N	13
2023-12-21 18:08:07.480769	2023-12-21 18:08:23.271803	2023-12-21 18:08:23.287	user10@example.com	f	\N	14
2023-12-21 18:08:34.338319	2023-12-21 18:08:34.338319	\N	user11@example.com	f	\N	15
\.


--
-- Data for Name: user_roles_role; Type: TABLE DATA; Schema: public; Owner: postgres
--

COPY public.user_roles_role ("userId", "roleId") FROM stdin;
1	1
2	2
3	2
4	2
5	2
6	2
7	2
8	2
9	2
10	2
11	2
12	2
13	2
14	2
15	2
\.


--
-- Data for Name: webhook; Type: TABLE DATA; Schema: public; Owner: postgres
--

COPY public.webhook ("createdAt", "updatedAt", "channelId", url, event, "transformerName", id) FROM stdin;
2023-12-21 18:10:27.12709	2023-12-21 18:10:27.12709	1	http://95.217.3.89:3000/api/v1/users	CustomerEvent	Webhook Transformer	23
2023-12-21 18:10:27.12709	2023-12-21 18:10:27.12709	1	http://95.217.3.89:4001/api/v1/webhook	CustomerEvent	Cube Transformer	24
2023-12-21 18:10:27.12709	2023-12-21 18:10:27.12709	1	http://95.217.3.89:4001/api/v1/assign	CustomerGroupChangeEvent	Cube Transformer	25
\.


--
-- Data for Name: zone; Type: TABLE DATA; Schema: public; Owner: postgres
--

COPY public.zone ("createdAt", "updatedAt", name, id) FROM stdin;
2023-12-13 23:15:00.248125	2023-12-13 23:15:00.248125	Rio De Janeiro	6
2023-12-13 22:22:13.587204	2023-12-13 23:16:43.132568	Recife	5
2023-12-13 22:22:13.550227	2023-12-13 23:17:08.795332	Minas Gerais	4
2023-12-13 22:22:13.531972	2023-12-13 23:20:03.751591	Pernanbuco	3
2023-12-13 22:22:13.507054	2023-12-13 23:20:31.45043	Acre	2
2023-12-13 22:22:13.484685	2023-12-13 23:20:54.76062	So Paulo	1
\.


--
-- Data for Name: zone_members_region; Type: TABLE DATA; Schema: public; Owner: postgres
--

COPY public.zone_members_region ("zoneId", "regionId") FROM stdin;
1	1
1	11
1	15
1	17
1	18
1	25
1	33
1	38
1	45
1	58
1	82
1	100
1	103
1	104
1	105
1	106
1	109
1	112
1	114
1	115
1	118
1	119
1	120
1	121
1	122
1	124
1	131
1	135
1	136
1	148
1	153
1	156
1	167
1	168
1	170
1	175
1	180
1	195
1	200
1	210
1	216
1	217
1	218
1	220
1	221
1	227
1	228
1	233
1	238
1	241
1	246
2	2
2	3
2	6
2	14
2	20
2	21
2	28
2	34
2	55
2	59
2	60
2	69
2	73
2	75
2	76
2	83
2	85
2	86
2	92
2	98
2	101
2	102
2	107
2	108
2	110
2	113
2	123
2	128
2	129
2	130
2	132
2	138
2	146
2	147
2	149
2	157
2	166
2	177
2	178
2	182
2	183
2	193
2	197
2	202
2	203
2	209
2	213
2	214
2	215
2	232
2	234
3	4
3	7
3	23
3	29
3	32
3	35
3	36
3	37
3	39
3	42
3	43
3	49
3	50
3	51
3	54
3	61
3	65
3	67
3	68
3	70
3	71
3	79
3	80
3	81
3	84
3	93
3	94
3	116
3	125
3	126
3	127
3	133
3	134
3	137
3	141
3	142
3	143
3	151
3	152
3	154
3	161
3	162
3	181
3	184
3	186
3	194
3	196
3	198
3	199
3	205
3	206
3	208
3	211
3	219
3	222
3	226
3	231
3	245
3	247
3	248
4	5
4	13
4	46
4	47
4	52
4	74
4	78
4	90
4	97
4	117
4	139
4	145
4	155
4	158
4	159
4	163
4	164
4	165
4	169
4	172
4	176
4	192
4	204
4	223
4	224
4	230
4	236
4	239
4	244
5	8
5	9
5	10
5	12
5	16
5	19
5	22
5	24
5	26
5	27
5	30
5	31
5	40
5	41
5	44
5	48
5	53
5	56
5	57
5	62
5	63
5	64
5	66
5	72
5	77
5	87
5	88
5	89
5	91
5	95
5	96
5	99
5	111
5	140
5	144
5	150
5	160
5	171
5	173
5	174
5	179
5	185
5	187
5	188
5	189
5	190
5	191
5	201
5	207
5	212
5	225
5	229
5	235
5	237
5	240
5	242
5	243
\.


--
-- Name: address_id_seq; Type: SEQUENCE SET; Schema: public; Owner: postgres
--

SELECT pg_catalog.setval('public.address_id_seq', 1, false);


--
-- Name: administrator_id_seq; Type: SEQUENCE SET; Schema: public; Owner: postgres
--

SELECT pg_catalog.setval('public.administrator_id_seq', 1, true);


--
-- Name: asset_id_seq; Type: SEQUENCE SET; Schema: public; Owner: postgres
--

SELECT pg_catalog.setval('public.asset_id_seq', 54, true);


--
-- Name: authentication_method_id_seq; Type: SEQUENCE SET; Schema: public; Owner: postgres
--

SELECT pg_catalog.setval('public.authentication_method_id_seq', 15, true);


--
-- Name: channel_id_seq; Type: SEQUENCE SET; Schema: public; Owner: postgres
--

SELECT pg_catalog.setval('public.channel_id_seq', 1, true);


--
-- Name: collection_asset_id_seq; Type: SEQUENCE SET; Schema: public; Owner: postgres
--

SELECT pg_catalog.setval('public.collection_asset_id_seq', 9, true);


--
-- Name: collection_id_seq; Type: SEQUENCE SET; Schema: public; Owner: postgres
--

SELECT pg_catalog.setval('public.collection_id_seq', 10, true);


--
-- Name: collection_translation_id_seq; Type: SEQUENCE SET; Schema: public; Owner: postgres
--

SELECT pg_catalog.setval('public.collection_translation_id_seq', 11, true);


--
-- Name: customer_group_id_seq; Type: SEQUENCE SET; Schema: public; Owner: postgres
--

SELECT pg_catalog.setval('public.customer_group_id_seq', 4, true);


--
-- Name: customer_id_seq; Type: SEQUENCE SET; Schema: public; Owner: postgres
--

SELECT pg_catalog.setval('public.customer_id_seq', 14, true);


--
-- Name: facet_id_seq; Type: SEQUENCE SET; Schema: public; Owner: postgres
--

SELECT pg_catalog.setval('public.facet_id_seq', 4, true);


--
-- Name: facet_translation_id_seq; Type: SEQUENCE SET; Schema: public; Owner: postgres
--

SELECT pg_catalog.setval('public.facet_translation_id_seq', 4, true);


--
-- Name: facet_value_id_seq; Type: SEQUENCE SET; Schema: public; Owner: postgres
--

SELECT pg_catalog.setval('public.facet_value_id_seq', 39, true);


--
-- Name: facet_value_translation_id_seq; Type: SEQUENCE SET; Schema: public; Owner: postgres
--

SELECT pg_catalog.setval('public.facet_value_translation_id_seq', 39, true);


--
-- Name: fulfillment_id_seq; Type: SEQUENCE SET; Schema: public; Owner: postgres
--

SELECT pg_catalog.setval('public.fulfillment_id_seq', 1, false);


--
-- Name: global_settings_id_seq; Type: SEQUENCE SET; Schema: public; Owner: postgres
--

SELECT pg_catalog.setval('public.global_settings_id_seq', 1, true);


--
-- Name: history_entry_id_seq; Type: SEQUENCE SET; Schema: public; Owner: postgres
--

SELECT pg_catalog.setval('public.history_entry_id_seq', 73, true);


--
-- Name: job_record_buffer_id_seq; Type: SEQUENCE SET; Schema: public; Owner: postgres
--

SELECT pg_catalog.setval('public.job_record_buffer_id_seq', 1, false);


--
-- Name: job_record_id_seq; Type: SEQUENCE SET; Schema: public; Owner: postgres
--

SELECT pg_catalog.setval('public.job_record_id_seq', 35, true);


--
-- Name: migrations_id_seq; Type: SEQUENCE SET; Schema: public; Owner: postgres
--

SELECT pg_catalog.setval('public.migrations_id_seq', 3, true);


--
-- Name: order_id_seq; Type: SEQUENCE SET; Schema: public; Owner: postgres
--

SELECT pg_catalog.setval('public.order_id_seq', 2, true);


--
-- Name: order_line_id_seq; Type: SEQUENCE SET; Schema: public; Owner: postgres
--

SELECT pg_catalog.setval('public.order_line_id_seq', 4, true);


--
-- Name: order_line_reference_id_seq; Type: SEQUENCE SET; Schema: public; Owner: postgres
--

SELECT pg_catalog.setval('public.order_line_reference_id_seq', 1, false);


--
-- Name: order_modification_id_seq; Type: SEQUENCE SET; Schema: public; Owner: postgres
--

SELECT pg_catalog.setval('public.order_modification_id_seq', 1, false);


--
-- Name: payment_id_seq; Type: SEQUENCE SET; Schema: public; Owner: postgres
--

SELECT pg_catalog.setval('public.payment_id_seq', 1, false);


--
-- Name: payment_method_id_seq; Type: SEQUENCE SET; Schema: public; Owner: postgres
--

SELECT pg_catalog.setval('public.payment_method_id_seq', 1, true);


--
-- Name: payment_method_translation_id_seq; Type: SEQUENCE SET; Schema: public; Owner: postgres
--

SELECT pg_catalog.setval('public.payment_method_translation_id_seq', 1, true);


--
-- Name: product_asset_id_seq; Type: SEQUENCE SET; Schema: public; Owner: postgres
--

SELECT pg_catalog.setval('public.product_asset_id_seq', 54, true);


--
-- Name: product_id_seq; Type: SEQUENCE SET; Schema: public; Owner: postgres
--

SELECT pg_catalog.setval('public.product_id_seq', 54, true);


--
-- Name: product_option_group_id_seq; Type: SEQUENCE SET; Schema: public; Owner: postgres
--

SELECT pg_catalog.setval('public.product_option_group_id_seq', 15, true);


--
-- Name: product_option_group_translation_id_seq; Type: SEQUENCE SET; Schema: public; Owner: postgres
--

SELECT pg_catalog.setval('public.product_option_group_translation_id_seq', 15, true);


--
-- Name: product_option_id_seq; Type: SEQUENCE SET; Schema: public; Owner: postgres
--

SELECT pg_catalog.setval('public.product_option_id_seq', 47, true);


--
-- Name: product_option_translation_id_seq; Type: SEQUENCE SET; Schema: public; Owner: postgres
--

SELECT pg_catalog.setval('public.product_option_translation_id_seq', 47, true);


--
-- Name: product_translation_id_seq; Type: SEQUENCE SET; Schema: public; Owner: postgres
--

SELECT pg_catalog.setval('public.product_translation_id_seq', 54, true);


--
-- Name: product_variant_asset_id_seq; Type: SEQUENCE SET; Schema: public; Owner: postgres
--

SELECT pg_catalog.setval('public.product_variant_asset_id_seq', 1, false);


--
-- Name: product_variant_id_seq; Type: SEQUENCE SET; Schema: public; Owner: postgres
--

SELECT pg_catalog.setval('public.product_variant_id_seq', 88, true);


--
-- Name: product_variant_price_id_seq; Type: SEQUENCE SET; Schema: public; Owner: postgres
--

SELECT pg_catalog.setval('public.product_variant_price_id_seq', 88, true);


--
-- Name: product_variant_translation_id_seq; Type: SEQUENCE SET; Schema: public; Owner: postgres
--

SELECT pg_catalog.setval('public.product_variant_translation_id_seq', 88, true);


--
-- Name: promotion_id_seq; Type: SEQUENCE SET; Schema: public; Owner: postgres
--

SELECT pg_catalog.setval('public.promotion_id_seq', 1, false);


--
-- Name: promotion_translation_id_seq; Type: SEQUENCE SET; Schema: public; Owner: postgres
--

SELECT pg_catalog.setval('public.promotion_translation_id_seq', 1, false);


--
-- Name: refund_id_seq; Type: SEQUENCE SET; Schema: public; Owner: postgres
--

SELECT pg_catalog.setval('public.refund_id_seq', 1, false);


--
-- Name: region_id_seq; Type: SEQUENCE SET; Schema: public; Owner: postgres
--

SELECT pg_catalog.setval('public.region_id_seq', 248, true);


--
-- Name: region_translation_id_seq; Type: SEQUENCE SET; Schema: public; Owner: postgres
--

SELECT pg_catalog.setval('public.region_translation_id_seq', 248, true);


--
-- Name: role_id_seq; Type: SEQUENCE SET; Schema: public; Owner: postgres
--

SELECT pg_catalog.setval('public.role_id_seq', 6, true);


--
-- Name: seller_id_seq; Type: SEQUENCE SET; Schema: public; Owner: postgres
--

SELECT pg_catalog.setval('public.seller_id_seq', 2, true);


--
-- Name: session_id_seq; Type: SEQUENCE SET; Schema: public; Owner: postgres
--

SELECT pg_catalog.setval('public.session_id_seq', 18, true);


--
-- Name: shipping_line_id_seq; Type: SEQUENCE SET; Schema: public; Owner: postgres
--

SELECT pg_catalog.setval('public.shipping_line_id_seq', 1, false);


--
-- Name: shipping_method_id_seq; Type: SEQUENCE SET; Schema: public; Owner: postgres
--

SELECT pg_catalog.setval('public.shipping_method_id_seq', 2, true);


--
-- Name: shipping_method_translation_id_seq; Type: SEQUENCE SET; Schema: public; Owner: postgres
--

SELECT pg_catalog.setval('public.shipping_method_translation_id_seq', 2, true);


--
-- Name: stock_level_id_seq; Type: SEQUENCE SET; Schema: public; Owner: postgres
--

SELECT pg_catalog.setval('public.stock_level_id_seq', 88, true);


--
-- Name: stock_location_id_seq; Type: SEQUENCE SET; Schema: public; Owner: postgres
--

SELECT pg_catalog.setval('public.stock_location_id_seq', 1, true);


--
-- Name: stock_movement_id_seq; Type: SEQUENCE SET; Schema: public; Owner: postgres
--

SELECT pg_catalog.setval('public.stock_movement_id_seq', 88, true);


--
-- Name: surcharge_id_seq; Type: SEQUENCE SET; Schema: public; Owner: postgres
--

SELECT pg_catalog.setval('public.surcharge_id_seq', 1, false);


--
-- Name: tag_id_seq; Type: SEQUENCE SET; Schema: public; Owner: postgres
--

SELECT pg_catalog.setval('public.tag_id_seq', 1, false);


--
-- Name: tax_category_id_seq; Type: SEQUENCE SET; Schema: public; Owner: postgres
--

SELECT pg_catalog.setval('public.tax_category_id_seq', 3, true);


--
-- Name: tax_rate_id_seq; Type: SEQUENCE SET; Schema: public; Owner: postgres
--

SELECT pg_catalog.setval('public.tax_rate_id_seq', 16, true);


--
-- Name: user_id_seq; Type: SEQUENCE SET; Schema: public; Owner: postgres
--

SELECT pg_catalog.setval('public.user_id_seq', 15, true);


--
-- Name: webhook_id_seq; Type: SEQUENCE SET; Schema: public; Owner: postgres
--

SELECT pg_catalog.setval('public.webhook_id_seq', 25, true);


--
-- Name: zone_id_seq; Type: SEQUENCE SET; Schema: public; Owner: postgres
--

SELECT pg_catalog.setval('public.zone_id_seq', 6, true);


--
-- Name: order_promotions_promotion PK_001dfe7435f3946fbc2d66a4e92; Type: CONSTRAINT; Schema: public; Owner: postgres
--

ALTER TABLE ONLY public.order_promotions_promotion
    ADD CONSTRAINT "PK_001dfe7435f3946fbc2d66a4e92" PRIMARY KEY ("orderId", "promotionId");


--
-- Name: order_line PK_01a7c973d9f30479647e44f9892; Type: CONSTRAINT; Schema: public; Owner: postgres
--

ALTER TABLE ONLY public.order_line
    ADD CONSTRAINT "PK_01a7c973d9f30479647e44f9892" PRIMARY KEY (id);


--
-- Name: promotion_translation PK_0b4fd34d2fc7abc06189494a178; Type: CONSTRAINT; Schema: public; Owner: postgres
--

ALTER TABLE ONLY public.promotion_translation
    ADD CONSTRAINT "PK_0b4fd34d2fc7abc06189494a178" PRIMARY KEY (id);


--
-- Name: collection_channels_channel PK_0e292d80228c9b4a114d2b09476; Type: CONSTRAINT; Schema: public; Owner: postgres
--

ALTER TABLE ONLY public.collection_channels_channel
    ADD CONSTRAINT "PK_0e292d80228c9b4a114d2b09476" PRIMARY KEY ("collectionId", "channelId");


--
-- Name: customer_groups_customer_group PK_0f902789cba691ce7ebbc9fcaa6; Type: CONSTRAINT; Schema: public; Owner: postgres
--

ALTER TABLE ONLY public.customer_groups_customer_group
    ADD CONSTRAINT "PK_0f902789cba691ce7ebbc9fcaa6" PRIMARY KEY ("customerId", "customerGroupId");


--
-- Name: order PK_1031171c13130102495201e3e20; Type: CONSTRAINT; Schema: public; Owner: postgres
--

ALTER TABLE ONLY public."order"
    ADD CONSTRAINT "PK_1031171c13130102495201e3e20" PRIMARY KEY (id);


--
-- Name: asset PK_1209d107fe21482beaea51b745e; Type: CONSTRAINT; Schema: public; Owner: postgres
--

ALTER TABLE ONLY public.asset
    ADD CONSTRAINT "PK_1209d107fe21482beaea51b745e" PRIMARY KEY (id);


--
-- Name: product_variant_channels_channel PK_1a10ca648c3d73c0f2b455ae191; Type: CONSTRAINT; Schema: public; Owner: postgres
--

ALTER TABLE ONLY public.product_variant_channels_channel
    ADD CONSTRAINT "PK_1a10ca648c3d73c0f2b455ae191" PRIMARY KEY ("productVariantId", "channelId");


--
-- Name: product_variant PK_1ab69c9935c61f7c70791ae0a9f; Type: CONSTRAINT; Schema: public; Owner: postgres
--

ALTER TABLE ONLY public.product_variant
    ADD CONSTRAINT "PK_1ab69c9935c61f7c70791ae0a9f" PRIMARY KEY (id);


--
-- Name: order_line_reference PK_21891d07accb8fa87e11165bca2; Type: CONSTRAINT; Schema: public; Owner: postgres
--

ALTER TABLE ONLY public.order_line_reference
    ADD CONSTRAINT "PK_21891d07accb8fa87e11165bca2" PRIMARY KEY (id);


--
-- Name: tax_rate PK_23b71b53f650c0b39e99ccef4fd; Type: CONSTRAINT; Schema: public; Owner: postgres
--

ALTER TABLE ONLY public.tax_rate
    ADD CONSTRAINT "PK_23b71b53f650c0b39e99ccef4fd" PRIMARY KEY (id);


--
-- Name: tax_category PK_2432988f825c336d5584a96cded; Type: CONSTRAINT; Schema: public; Owner: postgres
--

ALTER TABLE ONLY public.tax_category
    ADD CONSTRAINT "PK_2432988f825c336d5584a96cded" PRIMARY KEY (id);


--
-- Name: customer_channels_channel PK_27e2fa538c020889d32a0a784e8; Type: CONSTRAINT; Schema: public; Owner: postgres
--

ALTER TABLE ONLY public.customer_channels_channel
    ADD CONSTRAINT "PK_27e2fa538c020889d32a0a784e8" PRIMARY KEY ("customerId", "channelId");


--
-- Name: seller PK_36445a9c6e794945a4a4a8d3c9d; Type: CONSTRAINT; Schema: public; Owner: postgres
--

ALTER TABLE ONLY public.seller
    ADD CONSTRAINT "PK_36445a9c6e794945a4a4a8d3c9d" PRIMARY KEY (id);


--
-- Name: order_channels_channel PK_39853134b20afe9dfb25de18292; Type: CONSTRAINT; Schema: public; Owner: postgres
--

ALTER TABLE ONLY public.order_channels_channel
    ADD CONSTRAINT "PK_39853134b20afe9dfb25de18292" PRIMARY KEY ("orderId", "channelId");


--
-- Name: region_translation PK_3e0c9619cafbe579eeecfd88abc; Type: CONSTRAINT; Schema: public; Owner: postgres
--

ALTER TABLE ONLY public.region_translation
    ADD CONSTRAINT "PK_3e0c9619cafbe579eeecfd88abc" PRIMARY KEY (id);


--
-- Name: order_fulfillments_fulfillment PK_414600087d71aee1583bc517590; Type: CONSTRAINT; Schema: public; Owner: postgres
--

ALTER TABLE ONLY public.order_fulfillments_fulfillment
    ADD CONSTRAINT "PK_414600087d71aee1583bc517590" PRIMARY KEY ("orderId", "fulfillmentId");


--
-- Name: product_option_group_translation PK_44ab19f118175288dff147c4a00; Type: CONSTRAINT; Schema: public; Owner: postgres
--

ALTER TABLE ONLY public.product_option_group_translation
    ADD CONSTRAINT "PK_44ab19f118175288dff147c4a00" PRIMARY KEY (id);


--
-- Name: promotion_channels_channel PK_4b34f9b7bf95a8d3dc7f7f6dd23; Type: CONSTRAINT; Schema: public; Owner: postgres
--

ALTER TABLE ONLY public.promotion_channels_channel
    ADD CONSTRAINT "PK_4b34f9b7bf95a8d3dc7f7f6dd23" PRIMARY KEY ("promotionId", "channelId");


--
-- Name: product_variant_translation PK_4b7f882e2b669800bed7ed065f0; Type: CONSTRAINT; Schema: public; Owner: postgres
--

ALTER TABLE ONLY public.product_variant_translation
    ADD CONSTRAINT "PK_4b7f882e2b669800bed7ed065f0" PRIMARY KEY (id);


--
-- Name: product_option PK_4cf3c467e9bc764bdd32c4cd938; Type: CONSTRAINT; Schema: public; Owner: postgres
--

ALTER TABLE ONLY public.product_option
    ADD CONSTRAINT "PK_4cf3c467e9bc764bdd32c4cd938" PRIMARY KEY (id);


--
-- Name: fulfillment PK_50c102da132afffae660585981f; Type: CONSTRAINT; Schema: public; Owner: postgres
--

ALTER TABLE ONLY public.fulfillment
    ADD CONSTRAINT "PK_50c102da132afffae660585981f" PRIMARY KEY (id);


--
-- Name: collection_product_variants_product_variant PK_50c5ed0504ded53967be811f633; Type: CONSTRAINT; Schema: public; Owner: postgres
--

ALTER TABLE ONLY public.collection_product_variants_product_variant
    ADD CONSTRAINT "PK_50c5ed0504ded53967be811f633" PRIMARY KEY ("collectionId", "productVariantId");


--
-- Name: channel PK_590f33ee6ee7d76437acf362e39; Type: CONSTRAINT; Schema: public; Owner: postgres
--

ALTER TABLE ONLY public.channel
    ADD CONSTRAINT "PK_590f33ee6ee7d76437acf362e39" PRIMARY KEY (id);


--
-- Name: region PK_5f48ffc3af96bc486f5f3f3a6da; Type: CONSTRAINT; Schema: public; Owner: postgres
--

ALTER TABLE ONLY public.region
    ADD CONSTRAINT "PK_5f48ffc3af96bc486f5f3f3a6da" PRIMARY KEY (id);


--
-- Name: product_translation PK_62d00fbc92e7a495701d6fee9d5; Type: CONSTRAINT; Schema: public; Owner: postgres
--

ALTER TABLE ONLY public.product_translation
    ADD CONSTRAINT "PK_62d00fbc92e7a495701d6fee9d5" PRIMARY KEY (id);


--
-- Name: search_index_item PK_6470dd173311562c89e5f80b30e; Type: CONSTRAINT; Schema: public; Owner: postgres
--

ALTER TABLE ONLY public.search_index_item
    ADD CONSTRAINT "PK_6470dd173311562c89e5f80b30e" PRIMARY KEY ("languageCode", "productVariantId", "channelId");


--
-- Name: facet_value_channels_channel PK_653fb72a256f100f52c573e419f; Type: CONSTRAINT; Schema: public; Owner: postgres
--

ALTER TABLE ONLY public.facet_value_channels_channel
    ADD CONSTRAINT "PK_653fb72a256f100f52c573e419f" PRIMARY KEY ("facetValueId", "channelId");


--
-- Name: product_option_translation PK_69c79a84baabcad3c7328576ac0; Type: CONSTRAINT; Schema: public; Owner: postgres
--

ALTER TABLE ONLY public.product_option_translation
    ADD CONSTRAINT "PK_69c79a84baabcad3c7328576ac0" PRIMARY KEY (id);


--
-- Name: role_channels_channel PK_6fb9277e9f11bb8a63445c36242; Type: CONSTRAINT; Schema: public; Owner: postgres
--

ALTER TABLE ONLY public.role_channels_channel
    ADD CONSTRAINT "PK_6fb9277e9f11bb8a63445c36242" PRIMARY KEY ("roleId", "channelId");


--
-- Name: product_channels_channel PK_722acbcc06403e693b518d2c345; Type: CONSTRAINT; Schema: public; Owner: postgres
--

ALTER TABLE ONLY public.product_channels_channel
    ADD CONSTRAINT "PK_722acbcc06403e693b518d2c345" PRIMARY KEY ("productId", "channelId");


--
-- Name: payment_method PK_7744c2b2dd932c9cf42f2b9bc3a; Type: CONSTRAINT; Schema: public; Owner: postgres
--

ALTER TABLE ONLY public.payment_method
    ADD CONSTRAINT "PK_7744c2b2dd932c9cf42f2b9bc3a" PRIMARY KEY (id);


--
-- Name: job_record PK_88ce3ea0c9dca8b571450b457a7; Type: CONSTRAINT; Schema: public; Owner: postgres
--

ALTER TABLE ONLY public.job_record
    ADD CONSTRAINT "PK_88ce3ea0c9dca8b571450b457a7" PRIMARY KEY (id);


--
-- Name: customer_group PK_88e7da3ff7262d9e0a35aa3664e; Type: CONSTRAINT; Schema: public; Owner: postgres
--

ALTER TABLE ONLY public.customer_group
    ADD CONSTRAINT "PK_88e7da3ff7262d9e0a35aa3664e" PRIMARY KEY (id);


--
-- Name: stock_level PK_88ff7d9dfb57dc9d435e365eb69; Type: CONSTRAINT; Schema: public; Owner: postgres
--

ALTER TABLE ONLY public.stock_level
    ADD CONSTRAINT "PK_88ff7d9dfb57dc9d435e365eb69" PRIMARY KEY (id);


--
-- Name: shipping_line PK_890522bfc44a4b6eb7cb1e52609; Type: CONSTRAINT; Schema: public; Owner: postgres
--

ALTER TABLE ONLY public.shipping_line
    ADD CONSTRAINT "PK_890522bfc44a4b6eb7cb1e52609" PRIMARY KEY (id);


--
-- Name: migrations PK_8c82d7f526340ab734260ea46be; Type: CONSTRAINT; Schema: public; Owner: postgres
--

ALTER TABLE ONLY public.migrations
    ADD CONSTRAINT "PK_8c82d7f526340ab734260ea46be" PRIMARY KEY (id);


--
-- Name: tag PK_8e4052373c579afc1471f526760; Type: CONSTRAINT; Schema: public; Owner: postgres
--

ALTER TABLE ONLY public.tag
    ADD CONSTRAINT "PK_8e4052373c579afc1471f526760" PRIMARY KEY (id);


--
-- Name: job_record_buffer PK_9a1cfa02511065b32053efceeff; Type: CONSTRAINT; Schema: public; Owner: postgres
--

ALTER TABLE ONLY public.job_record_buffer
    ADD CONSTRAINT "PK_9a1cfa02511065b32053efceeff" PRIMARY KEY (id);


--
-- Name: collection_closure PK_9dda38e2273a7744b8f655782a5; Type: CONSTRAINT; Schema: public; Owner: postgres
--

ALTER TABLE ONLY public.collection_closure
    ADD CONSTRAINT "PK_9dda38e2273a7744b8f655782a5" PRIMARY KEY (id_ancestor, id_descendant);


--
-- Name: stock_movement PK_9fe1232f916686ae8cf00294749; Type: CONSTRAINT; Schema: public; Owner: postgres
--

ALTER TABLE ONLY public.stock_movement
    ADD CONSTRAINT "PK_9fe1232f916686ae8cf00294749" PRIMARY KEY (id);


--
-- Name: facet_value_translation PK_a09fdeb788deff7a9ed827a6160; Type: CONSTRAINT; Schema: public; Owner: postgres
--

ALTER TABLE ONLY public.facet_value_translation
    ADD CONSTRAINT "PK_a09fdeb788deff7a9ed827a6160" PRIMARY KEY (id);


--
-- Name: facet PK_a0ebfe3c68076820c6886aa9ff3; Type: CONSTRAINT; Schema: public; Owner: postgres
--

ALTER TABLE ONLY public.facet
    ADD CONSTRAINT "PK_a0ebfe3c68076820c6886aa9ff3" PRIMARY KEY (id);


--
-- Name: product_variant_facet_values_facet_value PK_a28474836b2feeffcef98c806e1; Type: CONSTRAINT; Schema: public; Owner: postgres
--

ALTER TABLE ONLY public.product_variant_facet_values_facet_value
    ADD CONSTRAINT "PK_a28474836b2feeffcef98c806e1" PRIMARY KEY ("productVariantId", "facetValueId");


--
-- Name: collection_asset PK_a2adab6fd086adfb7858f1f110c; Type: CONSTRAINT; Schema: public; Owner: postgres
--

ALTER TABLE ONLY public.collection_asset
    ADD CONSTRAINT "PK_a2adab6fd086adfb7858f1f110c" PRIMARY KEY (id);


--
-- Name: surcharge PK_a62b89257bcc802b5d77346f432; Type: CONSTRAINT; Schema: public; Owner: postgres
--

ALTER TABLE ONLY public.surcharge
    ADD CONSTRAINT "PK_a62b89257bcc802b5d77346f432" PRIMARY KEY (id);


--
-- Name: facet_translation PK_a6902cc1dcbb5e52a980f0189ad; Type: CONSTRAINT; Schema: public; Owner: postgres
--

ALTER TABLE ONLY public.facet_translation
    ADD CONSTRAINT "PK_a6902cc1dcbb5e52a980f0189ad" PRIMARY KEY (id);


--
-- Name: customer PK_a7a13f4cacb744524e44dfdad32; Type: CONSTRAINT; Schema: public; Owner: postgres
--

ALTER TABLE ONLY public.customer
    ADD CONSTRAINT "PK_a7a13f4cacb744524e44dfdad32" PRIMARY KEY (id);


--
-- Name: collection PK_ad3f485bbc99d875491f44d7c85; Type: CONSTRAINT; Schema: public; Owner: postgres
--

ALTER TABLE ONLY public.collection
    ADD CONSTRAINT "PK_ad3f485bbc99d875491f44d7c85" PRIMARY KEY (id);


--
-- Name: stock_location PK_adf770067d0df1421f525fa25cc; Type: CONSTRAINT; Schema: public; Owner: postgres
--

ALTER TABLE ONLY public.stock_location
    ADD CONSTRAINT "PK_adf770067d0df1421f525fa25cc" PRIMARY KEY (id);


--
-- Name: payment_method_translation PK_ae5ae0af71ae8d15da9eb75768b; Type: CONSTRAINT; Schema: public; Owner: postgres
--

ALTER TABLE ONLY public.payment_method_translation
    ADD CONSTRAINT "PK_ae5ae0af71ae8d15da9eb75768b" PRIMARY KEY (id);


--
-- Name: role PK_b36bcfe02fc8de3c57a8b2391c2; Type: CONSTRAINT; Schema: public; Owner: postgres
--

ALTER TABLE ONLY public.role
    ADD CONSTRAINT "PK_b36bcfe02fc8de3c57a8b2391c2" PRIMARY KEY (id);


--
-- Name: user_roles_role PK_b47cd6c84ee205ac5a713718292; Type: CONSTRAINT; Schema: public; Owner: postgres
--

ALTER TABLE ONLY public.user_roles_role
    ADD CONSTRAINT "PK_b47cd6c84ee205ac5a713718292" PRIMARY KEY ("userId", "roleId");


--
-- Name: history_entry PK_b65bd95b0d2929668589d57b97a; Type: CONSTRAINT; Schema: public; Owner: postgres
--

ALTER TABLE ONLY public.history_entry
    ADD CONSTRAINT "PK_b65bd95b0d2929668589d57b97a" PRIMARY KEY (id);


--
-- Name: shipping_method_translation PK_b862a1fac1c6e1fd201eadadbcb; Type: CONSTRAINT; Schema: public; Owner: postgres
--

ALTER TABLE ONLY public.shipping_method_translation
    ADD CONSTRAINT "PK_b862a1fac1c6e1fd201eadadbcb" PRIMARY KEY (id);


--
-- Name: shipping_method PK_b9b0adfad3c6b99229c1e7d4865; Type: CONSTRAINT; Schema: public; Owner: postgres
--

ALTER TABLE ONLY public.shipping_method
    ADD CONSTRAINT "PK_b9b0adfad3c6b99229c1e7d4865" PRIMARY KEY (id);


--
-- Name: product_variant_price PK_ba659ff2940702124e799c5c854; Type: CONSTRAINT; Schema: public; Owner: postgres
--

ALTER TABLE ONLY public.product_variant_price
    ADD CONSTRAINT "PK_ba659ff2940702124e799c5c854" PRIMARY KEY (id);


--
-- Name: collection_translation PK_bb49cfcde50401eb5f463a84dac; Type: CONSTRAINT; Schema: public; Owner: postgres
--

ALTER TABLE ONLY public.collection_translation
    ADD CONSTRAINT "PK_bb49cfcde50401eb5f463a84dac" PRIMARY KEY (id);


--
-- Name: zone PK_bd3989e5a3c3fb5ed546dfaf832; Type: CONSTRAINT; Schema: public; Owner: postgres
--

ALTER TABLE ONLY public.zone
    ADD CONSTRAINT "PK_bd3989e5a3c3fb5ed546dfaf832" PRIMARY KEY (id);


--
-- Name: product PK_bebc9158e480b949565b4dc7a82; Type: CONSTRAINT; Schema: public; Owner: postgres
--

ALTER TABLE ONLY public.product
    ADD CONSTRAINT "PK_bebc9158e480b949565b4dc7a82" PRIMARY KEY (id);


--
-- Name: asset_tags_tag PK_c4113b84381e953901fa5553654; Type: CONSTRAINT; Schema: public; Owner: postgres
--

ALTER TABLE ONLY public.asset_tags_tag
    ADD CONSTRAINT "PK_c4113b84381e953901fa5553654" PRIMARY KEY ("assetId", "tagId");


--
-- Name: product_asset PK_c56a83efd14ec4175532e1867fc; Type: CONSTRAINT; Schema: public; Owner: postgres
--

ALTER TABLE ONLY public.product_asset
    ADD CONSTRAINT "PK_c56a83efd14ec4175532e1867fc" PRIMARY KEY (id);


--
-- Name: product_variant_options_product_option PK_c57de5cb6bb74504180604a00c0; Type: CONSTRAINT; Schema: public; Owner: postgres
--

ALTER TABLE ONLY public.product_variant_options_product_option
    ADD CONSTRAINT "PK_c57de5cb6bb74504180604a00c0" PRIMARY KEY ("productVariantId", "productOptionId");


--
-- Name: payment_method_channels_channel PK_c83e4a201c0402ce5cdb170a9a2; Type: CONSTRAINT; Schema: public; Owner: postgres
--

ALTER TABLE ONLY public.payment_method_channels_channel
    ADD CONSTRAINT "PK_c83e4a201c0402ce5cdb170a9a2" PRIMARY KEY ("paymentMethodId", "channelId");


--
-- Name: shipping_method_channels_channel PK_c92b2b226a6ee87888d8dcd8bd6; Type: CONSTRAINT; Schema: public; Owner: postgres
--

ALTER TABLE ONLY public.shipping_method_channels_channel
    ADD CONSTRAINT "PK_c92b2b226a6ee87888d8dcd8bd6" PRIMARY KEY ("shippingMethodId", "channelId");


--
-- Name: user PK_cace4a159ff9f2512dd42373760; Type: CONSTRAINT; Schema: public; Owner: postgres
--

ALTER TABLE ONLY public."user"
    ADD CONSTRAINT "PK_cace4a159ff9f2512dd42373760" PRIMARY KEY (id);


--
-- Name: product_variant_asset PK_cb1e33ae13779da176f8b03a5d3; Type: CONSTRAINT; Schema: public; Owner: postgres
--

ALTER TABLE ONLY public.product_variant_asset
    ADD CONSTRAINT "PK_cb1e33ae13779da176f8b03a5d3" PRIMARY KEY (id);


--
-- Name: order_modification PK_cccf2e1612694eeb1e5b6760ffa; Type: CONSTRAINT; Schema: public; Owner: postgres
--

ALTER TABLE ONLY public.order_modification
    ADD CONSTRAINT "PK_cccf2e1612694eeb1e5b6760ffa" PRIMARY KEY (id);


--
-- Name: facet_value PK_d231e8eecc7e1a6059e1da7d325; Type: CONSTRAINT; Schema: public; Owner: postgres
--

ALTER TABLE ONLY public.facet_value
    ADD CONSTRAINT "PK_d231e8eecc7e1a6059e1da7d325" PRIMARY KEY (id);


--
-- Name: product_facet_values_facet_value PK_d57f06b38805181019d75662aa6; Type: CONSTRAINT; Schema: public; Owner: postgres
--

ALTER TABLE ONLY public.product_facet_values_facet_value
    ADD CONSTRAINT "PK_d57f06b38805181019d75662aa6" PRIMARY KEY ("productId", "facetValueId");


--
-- Name: product_option_group PK_d76e92fdbbb5a2e6752ffd4a2c1; Type: CONSTRAINT; Schema: public; Owner: postgres
--

ALTER TABLE ONLY public.product_option_group
    ADD CONSTRAINT "PK_d76e92fdbbb5a2e6752ffd4a2c1" PRIMARY KEY (id);


--
-- Name: address PK_d92de1f82754668b5f5f5dd4fd5; Type: CONSTRAINT; Schema: public; Owner: postgres
--

ALTER TABLE ONLY public.address
    ADD CONSTRAINT "PK_d92de1f82754668b5f5f5dd4fd5" PRIMARY KEY (id);


--
-- Name: asset_channels_channel PK_d943908a39e32952e8425d2f1ba; Type: CONSTRAINT; Schema: public; Owner: postgres
--

ALTER TABLE ONLY public.asset_channels_channel
    ADD CONSTRAINT "PK_d943908a39e32952e8425d2f1ba" PRIMARY KEY ("assetId", "channelId");


--
-- Name: facet_channels_channel PK_df0579886093b2f830c159adfde; Type: CONSTRAINT; Schema: public; Owner: postgres
--

ALTER TABLE ONLY public.facet_channels_channel
    ADD CONSTRAINT "PK_df0579886093b2f830c159adfde" PRIMARY KEY ("facetId", "channelId");


--
-- Name: authentication_method PK_e204686018c3c60f6164e385081; Type: CONSTRAINT; Schema: public; Owner: postgres
--

ALTER TABLE ONLY public.authentication_method
    ADD CONSTRAINT "PK_e204686018c3c60f6164e385081" PRIMARY KEY (id);


--
-- Name: webhook PK_e6765510c2d078db49632b59020; Type: CONSTRAINT; Schema: public; Owner: postgres
--

ALTER TABLE ONLY public.webhook
    ADD CONSTRAINT "PK_e6765510c2d078db49632b59020" PRIMARY KEY (id);


--
-- Name: stock_location_channels_channel PK_e6f8b2d61ff58c51505c38da8a0; Type: CONSTRAINT; Schema: public; Owner: postgres
--

ALTER TABLE ONLY public.stock_location_channels_channel
    ADD CONSTRAINT "PK_e6f8b2d61ff58c51505c38da8a0" PRIMARY KEY ("stockLocationId", "channelId");


--
-- Name: administrator PK_ee58e71b3b4008b20ddc7b3092b; Type: CONSTRAINT; Schema: public; Owner: postgres
--

ALTER TABLE ONLY public.administrator
    ADD CONSTRAINT "PK_ee58e71b3b4008b20ddc7b3092b" PRIMARY KEY (id);


--
-- Name: refund PK_f1cefa2e60d99b206c46c1116e5; Type: CONSTRAINT; Schema: public; Owner: postgres
--

ALTER TABLE ONLY public.refund
    ADD CONSTRAINT "PK_f1cefa2e60d99b206c46c1116e5" PRIMARY KEY (id);


--
-- Name: session PK_f55da76ac1c3ac420f444d2ff11; Type: CONSTRAINT; Schema: public; Owner: postgres
--

ALTER TABLE ONLY public.session
    ADD CONSTRAINT "PK_f55da76ac1c3ac420f444d2ff11" PRIMARY KEY (id);


--
-- Name: promotion PK_fab3630e0789a2002f1cadb7d38; Type: CONSTRAINT; Schema: public; Owner: postgres
--

ALTER TABLE ONLY public.promotion
    ADD CONSTRAINT "PK_fab3630e0789a2002f1cadb7d38" PRIMARY KEY (id);


--
-- Name: zone_members_region PK_fc4eaa2236c4d4f61db0ae3826f; Type: CONSTRAINT; Schema: public; Owner: postgres
--

ALTER TABLE ONLY public.zone_members_region
    ADD CONSTRAINT "PK_fc4eaa2236c4d4f61db0ae3826f" PRIMARY KEY ("zoneId", "regionId");


--
-- Name: payment PK_fcaec7df5adf9cac408c686b2ab; Type: CONSTRAINT; Schema: public; Owner: postgres
--

ALTER TABLE ONLY public.payment
    ADD CONSTRAINT "PK_fcaec7df5adf9cac408c686b2ab" PRIMARY KEY (id);


--
-- Name: global_settings PK_fec5e2c0bf238e30b25d4a82976; Type: CONSTRAINT; Schema: public; Owner: postgres
--

ALTER TABLE ONLY public.global_settings
    ADD CONSTRAINT "PK_fec5e2c0bf238e30b25d4a82976" PRIMARY KEY (id);


--
-- Name: administrator REL_1966e18ce6a39a82b19204704d; Type: CONSTRAINT; Schema: public; Owner: postgres
--

ALTER TABLE ONLY public.administrator
    ADD CONSTRAINT "REL_1966e18ce6a39a82b19204704d" UNIQUE ("userId");


--
-- Name: customer REL_3f62b42ed23958b120c235f74d; Type: CONSTRAINT; Schema: public; Owner: postgres
--

ALTER TABLE ONLY public.customer
    ADD CONSTRAINT "REL_3f62b42ed23958b120c235f74d" UNIQUE ("userId");


--
-- Name: order_modification REL_ad2991fa2933ed8b7f86a71633; Type: CONSTRAINT; Schema: public; Owner: postgres
--

ALTER TABLE ONLY public.order_modification
    ADD CONSTRAINT "REL_ad2991fa2933ed8b7f86a71633" UNIQUE ("paymentId");


--
-- Name: order_modification REL_cb66b63b6e97613013795eadbd; Type: CONSTRAINT; Schema: public; Owner: postgres
--

ALTER TABLE ONLY public.order_modification
    ADD CONSTRAINT "REL_cb66b63b6e97613013795eadbd" UNIQUE ("refundId");


--
-- Name: channel UQ_06127ac6c6d913f4320759971db; Type: CONSTRAINT; Schema: public; Owner: postgres
--

ALTER TABLE ONLY public.channel
    ADD CONSTRAINT "UQ_06127ac6c6d913f4320759971db" UNIQUE (code);


--
-- Name: facet UQ_0c9a5d053fdf4ebb5f0490b40fd; Type: CONSTRAINT; Schema: public; Owner: postgres
--

ALTER TABLE ONLY public.facet
    ADD CONSTRAINT "UQ_0c9a5d053fdf4ebb5f0490b40fd" UNIQUE (code);


--
-- Name: administrator UQ_154f5c538b1576ccc277b1ed631; Type: CONSTRAINT; Schema: public; Owner: postgres
--

ALTER TABLE ONLY public.administrator
    ADD CONSTRAINT "UQ_154f5c538b1576ccc277b1ed631" UNIQUE ("emailAddress");


--
-- Name: channel UQ_842699fce4f3470a7d06d89de88; Type: CONSTRAINT; Schema: public; Owner: postgres
--

ALTER TABLE ONLY public.channel
    ADD CONSTRAINT "UQ_842699fce4f3470a7d06d89de88" UNIQUE (token);


--
-- Name: IDX_00cbe87bc0d4e36758d61bd31d; Type: INDEX; Schema: public; Owner: postgres
--

CREATE INDEX "IDX_00cbe87bc0d4e36758d61bd31d" ON public.authentication_method USING btree ("userId");


--
-- Name: IDX_06b02fb482b188823e419d37bd; Type: INDEX; Schema: public; Owner: postgres
--

CREATE INDEX "IDX_06b02fb482b188823e419d37bd" ON public.order_line_reference USING btree ("fulfillmentId");


--
-- Name: IDX_06e7d73673ee630e8ec50d0b29; Type: INDEX; Schema: public; Owner: postgres
--

CREATE INDEX "IDX_06e7d73673ee630e8ec50d0b29" ON public.product_facet_values_facet_value USING btree ("facetValueId");


--
-- Name: IDX_0d1294f5c22a56da7845ebab72; Type: INDEX; Schema: public; Owner: postgres
--

CREATE INDEX "IDX_0d1294f5c22a56da7845ebab72" ON public.product_asset USING btree ("productId");


--
-- Name: IDX_0d641b761ed1dce4ef3cd33d55; Type: INDEX; Schema: public; Owner: postgres
--

CREATE INDEX "IDX_0d641b761ed1dce4ef3cd33d55" ON public.product_variant_facet_values_facet_value USING btree ("facetValueId");


--
-- Name: IDX_0d8e5c204480204a60e151e485; Type: INDEX; Schema: public; Owner: postgres
--

CREATE INDEX "IDX_0d8e5c204480204a60e151e485" ON public.order_channels_channel USING btree ("orderId");


--
-- Name: IDX_0e6f516053cf982b537836e21c; Type: INDEX; Schema: public; Owner: postgres
--

CREATE INDEX "IDX_0e6f516053cf982b537836e21c" ON public.product_variant USING btree ("featuredAssetId");


--
-- Name: IDX_0eaaf0f4b6c69afde1e88ffb52; Type: INDEX; Schema: public; Owner: postgres
--

CREATE INDEX "IDX_0eaaf0f4b6c69afde1e88ffb52" ON public.promotion_channels_channel USING btree ("channelId");


--
-- Name: IDX_10b5a2e3dee0e30b1e26c32f5c; Type: INDEX; Schema: public; Owner: postgres
--

CREATE INDEX "IDX_10b5a2e3dee0e30b1e26c32f5c" ON public.product_variant_asset USING btree ("assetId");


--
-- Name: IDX_124456e637cca7a415897dce65; Type: INDEX; Schema: public; Owner: postgres
--

CREATE INDEX "IDX_124456e637cca7a415897dce65" ON public."order" USING btree ("customerId");


--
-- Name: IDX_154eb685f9b629033bd266df7f; Type: INDEX; Schema: public; Owner: postgres
--

CREATE INDEX "IDX_154eb685f9b629033bd266df7f" ON public.surcharge USING btree ("orderId");


--
-- Name: IDX_16ca9151a5153f1169da5b7b7e; Type: INDEX; Schema: public; Owner: postgres
--

CREATE INDEX "IDX_16ca9151a5153f1169da5b7b7e" ON public.asset_channels_channel USING btree ("channelId");


--
-- Name: IDX_1afd722b943c81310705fc3e61; Type: INDEX; Schema: public; Owner: postgres
--

CREATE INDEX "IDX_1afd722b943c81310705fc3e61" ON public.region_translation USING btree ("baseId");


--
-- Name: IDX_1c6932a756108788a361e7d440; Type: INDEX; Schema: public; Owner: postgres
--

CREATE INDEX "IDX_1c6932a756108788a361e7d440" ON public.refund USING btree ("paymentId");


--
-- Name: IDX_1cc009e9ab2263a35544064561; Type: INDEX; Schema: public; Owner: postgres
--

CREATE INDEX "IDX_1cc009e9ab2263a35544064561" ON public.promotion_translation USING btree ("baseId");


--
-- Name: IDX_1df5bc14a47ef24d2e681f4559; Type: INDEX; Schema: public; Owner: postgres
--

CREATE INDEX "IDX_1df5bc14a47ef24d2e681f4559" ON public.order_modification USING btree ("orderId");


--
-- Name: IDX_1ed9e48dfbf74b5fcbb35d3d68; Type: INDEX; Schema: public; Owner: postgres
--

CREATE INDEX "IDX_1ed9e48dfbf74b5fcbb35d3d68" ON public.collection_asset USING btree ("collectionId");


--
-- Name: IDX_22b818af8722746fb9f206068c; Type: INDEX; Schema: public; Owner: postgres
--

CREATE INDEX "IDX_22b818af8722746fb9f206068c" ON public.order_line_reference USING btree ("modificationId");


--
-- Name: IDX_232f8e85d7633bd6ddfad42169; Type: INDEX; Schema: public; Owner: postgres
--

CREATE UNIQUE INDEX "IDX_232f8e85d7633bd6ddfad42169" ON public.session USING btree (token);


--
-- Name: IDX_239cfca2a55b98b90b6bef2e44; Type: INDEX; Schema: public; Owner: postgres
--

CREATE INDEX "IDX_239cfca2a55b98b90b6bef2e44" ON public.order_line USING btree ("orderId");


--
-- Name: IDX_26d12be3b5fec6c4adb1d79284; Type: INDEX; Schema: public; Owner: postgres
--

CREATE INDEX "IDX_26d12be3b5fec6c4adb1d79284" ON public.product_channels_channel USING btree ("productId");


--
-- Name: IDX_2a8ea404d05bf682516184db7d; Type: INDEX; Schema: public; Owner: postgres
--

CREATE INDEX "IDX_2a8ea404d05bf682516184db7d" ON public.facet_channels_channel USING btree ("channelId");


--
-- Name: IDX_2c26b988769c0e3b0120bdef31; Type: INDEX; Schema: public; Owner: postgres
--

CREATE INDEX "IDX_2c26b988769c0e3b0120bdef31" ON public.order_promotions_promotion USING btree ("promotionId");


--
-- Name: IDX_30019aa65b17fe9ee962893199; Type: INDEX; Schema: public; Owner: postgres
--

CREATE INDEX "IDX_30019aa65b17fe9ee962893199" ON public.order_line_reference USING btree ("refundId");


--
-- Name: IDX_39513fd02a573c848d23bee587; Type: INDEX; Schema: public; Owner: postgres
--

CREATE INDEX "IDX_39513fd02a573c848d23bee587" ON public.stock_location_channels_channel USING btree ("stockLocationId");


--
-- Name: IDX_3a05127e67435b4d2332ded7c9; Type: INDEX; Schema: public; Owner: postgres
--

CREATE INDEX "IDX_3a05127e67435b4d2332ded7c9" ON public.history_entry USING btree ("orderId");


--
-- Name: IDX_3d2f174ef04fb312fdebd0ddc5; Type: INDEX; Schema: public; Owner: postgres
--

CREATE INDEX "IDX_3d2f174ef04fb312fdebd0ddc5" ON public.session USING btree ("userId");


--
-- Name: IDX_3d6e45823b65de808a66cb1423; Type: INDEX; Schema: public; Owner: postgres
--

CREATE INDEX "IDX_3d6e45823b65de808a66cb1423" ON public.facet_value_translation USING btree ("baseId");


--
-- Name: IDX_420f4d6fb75d38b9dca79bc43b; Type: INDEX; Schema: public; Owner: postgres
--

CREATE INDEX "IDX_420f4d6fb75d38b9dca79bc43b" ON public.product_variant_translation USING btree ("baseId");


--
-- Name: IDX_433f45158e4e2b2a2f344714b2; Type: INDEX; Schema: public; Owner: postgres
--

CREATE INDEX "IDX_433f45158e4e2b2a2f344714b2" ON public.zone_members_region USING btree ("zoneId");


--
-- Name: IDX_43ac602f839847fdb91101f30e; Type: INDEX; Schema: public; Owner: postgres
--

CREATE INDEX "IDX_43ac602f839847fdb91101f30e" ON public.history_entry USING btree ("customerId");


--
-- Name: IDX_457784c710f8ac9396010441f6; Type: INDEX; Schema: public; Owner: postgres
--

CREATE INDEX "IDX_457784c710f8ac9396010441f6" ON public.collection_closure USING btree (id_descendant);


--
-- Name: IDX_49a8632be8cef48b076446b8b9; Type: INDEX; Schema: public; Owner: postgres
--

CREATE INDEX "IDX_49a8632be8cef48b076446b8b9" ON public.order_line_reference USING btree (discriminator);


--
-- Name: IDX_4add5a5796e1582dec2877b289; Type: INDEX; Schema: public; Owner: postgres
--

CREATE INDEX "IDX_4add5a5796e1582dec2877b289" ON public.order_fulfillments_fulfillment USING btree ("fulfillmentId");


--
-- Name: IDX_4be2f7adf862634f5f803d246b; Type: INDEX; Schema: public; Owner: postgres
--

CREATE INDEX "IDX_4be2f7adf862634f5f803d246b" ON public.user_roles_role USING btree ("roleId");


--
-- Name: IDX_51da53b26522dc0525762d2de8; Type: INDEX; Schema: public; Owner: postgres
--

CREATE INDEX "IDX_51da53b26522dc0525762d2de8" ON public.collection_asset USING btree ("assetId");


--
-- Name: IDX_526f0131260eec308a3bd2b61b; Type: INDEX; Schema: public; Owner: postgres
--

CREATE INDEX "IDX_526f0131260eec308a3bd2b61b" ON public.product_variant_options_product_option USING btree ("productVariantId");


--
-- Name: IDX_5888ac17b317b93378494a1062; Type: INDEX; Schema: public; Owner: postgres
--

CREATE INDEX "IDX_5888ac17b317b93378494a1062" ON public.product_asset USING btree ("assetId");


--
-- Name: IDX_5bcb569635ce5407eb3f264487; Type: INDEX; Schema: public; Owner: postgres
--

CREATE INDEX "IDX_5bcb569635ce5407eb3f264487" ON public.payment_method_channels_channel USING btree ("paymentMethodId");


--
-- Name: IDX_5f9286e6c25594c6b88c108db7; Type: INDEX; Schema: public; Owner: postgres
--

CREATE INDEX "IDX_5f9286e6c25594c6b88c108db7" ON public.user_roles_role USING btree ("userId");


--
-- Name: IDX_66187f782a3e71b9e0f5b50b68; Type: INDEX; Schema: public; Owner: postgres
--

CREATE INDEX "IDX_66187f782a3e71b9e0f5b50b68" ON public.payment_method_translation USING btree ("baseId");


--
-- Name: IDX_67be0e40122ab30a62a9817efe; Type: INDEX; Schema: public; Owner: postgres
--

CREATE INDEX "IDX_67be0e40122ab30a62a9817efe" ON public.order_promotions_promotion USING btree ("orderId");


--
-- Name: IDX_6901d8715f5ebadd764466f7bd; Type: INDEX; Schema: public; Owner: postgres
--

CREATE INDEX "IDX_6901d8715f5ebadd764466f7bd" ON public.order_line USING btree ("sellerChannelId");


--
-- Name: IDX_69567bc225b6bbbd732d6c5455; Type: INDEX; Schema: public; Owner: postgres
--

CREATE INDEX "IDX_69567bc225b6bbbd732d6c5455" ON public.product_variant_facet_values_facet_value USING btree ("productVariantId");


--
-- Name: IDX_6a0558e650d75ae639ff38e413; Type: INDEX; Schema: public; Owner: postgres
--

CREATE INDEX "IDX_6a0558e650d75ae639ff38e413" ON public.product_facet_values_facet_value USING btree ("productId");


--
-- Name: IDX_6d9e2c39ab12391aaa374bcdaa; Type: INDEX; Schema: public; Owner: postgres
--

CREATE INDEX "IDX_6d9e2c39ab12391aaa374bcdaa" ON public.promotion_channels_channel USING btree ("promotionId");


--
-- Name: IDX_6e420052844edf3a5506d863ce; Type: INDEX; Schema: public; Owner: postgres
--

CREATE INDEX "IDX_6e420052844edf3a5506d863ce" ON public.product_variant USING btree ("productId");


--
-- Name: IDX_6faa7b72422d9c4679e2f186ad; Type: INDEX; Schema: public; Owner: postgres
--

CREATE INDEX "IDX_6faa7b72422d9c4679e2f186ad" ON public.collection_product_variants_product_variant USING btree ("collectionId");


--
-- Name: IDX_6fb55742e13e8082954d0436dc; Type: INDEX; Schema: public; Owner: postgres
--

CREATE INDEX "IDX_6fb55742e13e8082954d0436dc" ON public.search_index_item USING btree ("productName");


--
-- Name: IDX_7216ab24077cf5cbece7857dbb; Type: INDEX; Schema: public; Owner: postgres
--

CREATE INDEX "IDX_7216ab24077cf5cbece7857dbb" ON public.collection_channels_channel USING btree ("channelId");


--
-- Name: IDX_7256fef1bb42f1b38156b7449f; Type: INDEX; Schema: public; Owner: postgres
--

CREATE INDEX "IDX_7256fef1bb42f1b38156b7449f" ON public.collection USING btree ("featuredAssetId");


--
-- Name: IDX_729b3eea7ce540930dbb706949; Type: INDEX; Schema: public; Owner: postgres
--

CREATE UNIQUE INDEX "IDX_729b3eea7ce540930dbb706949" ON public."order" USING btree (code);


--
-- Name: IDX_73a78d7df09541ac5eba620d18; Type: INDEX; Schema: public; Owner: postgres
--

CREATE INDEX "IDX_73a78d7df09541ac5eba620d18" ON public."order" USING btree ("aggregateOrderId");


--
-- Name: IDX_77be94ce9ec650446617946227; Type: INDEX; Schema: public; Owner: postgres
--

CREATE INDEX "IDX_77be94ce9ec650446617946227" ON public.order_line USING btree ("taxCategoryId");


--
-- Name: IDX_7a75399a4f4ffa48ee02e98c05; Type: INDEX; Schema: public; Owner: postgres
--

CREATE INDEX "IDX_7a75399a4f4ffa48ee02e98c05" ON public.session USING btree ("activeOrderId");


--
-- Name: IDX_7d57857922dfc7303604697dbe; Type: INDEX; Schema: public; Owner: postgres
--

CREATE INDEX "IDX_7d57857922dfc7303604697dbe" ON public.order_line_reference USING btree ("orderLineId");


--
-- Name: IDX_7dbc75cb4e8b002620c4dbfdac; Type: INDEX; Schema: public; Owner: postgres
--

CREATE INDEX "IDX_7dbc75cb4e8b002620c4dbfdac" ON public.product_translation USING btree ("baseId");


--
-- Name: IDX_7ee3306d7638aa85ca90d67219; Type: INDEX; Schema: public; Owner: postgres
--

CREATE INDEX "IDX_7ee3306d7638aa85ca90d67219" ON public.tax_rate USING btree ("categoryId");


--
-- Name: IDX_7fc20486b8cfd33dc84c96e168; Type: INDEX; Schema: public; Owner: postgres
--

CREATE UNIQUE INDEX "IDX_7fc20486b8cfd33dc84c96e168" ON public.stock_level USING btree ("productVariantId", "stockLocationId");


--
-- Name: IDX_85ec26c71067ebc84adcd98d1a; Type: INDEX; Schema: public; Owner: postgres
--

CREATE INDEX "IDX_85ec26c71067ebc84adcd98d1a" ON public.shipping_method_translation USING btree ("baseId");


--
-- Name: IDX_85feea3f0e5e82133605f78db0; Type: INDEX; Schema: public; Owner: postgres
--

CREATE INDEX "IDX_85feea3f0e5e82133605f78db0" ON public.customer_groups_customer_group USING btree ("customerGroupId");


--
-- Name: IDX_8b5ab52fc8887c1a769b9276ca; Type: INDEX; Schema: public; Owner: postgres
--

CREATE INDEX "IDX_8b5ab52fc8887c1a769b9276ca" ON public.tax_rate USING btree ("customerGroupId");


--
-- Name: IDX_91a19e6613534949a4ce6e76ff; Type: INDEX; Schema: public; Owner: postgres
--

CREATE INDEX "IDX_91a19e6613534949a4ce6e76ff" ON public.product USING btree ("featuredAssetId");


--
-- Name: IDX_92f8c334ef06275f9586fd0183; Type: INDEX; Schema: public; Owner: postgres
--

CREATE INDEX "IDX_92f8c334ef06275f9586fd0183" ON public.history_entry USING btree ("administratorId");


--
-- Name: IDX_93751abc1451972c02e033b766; Type: INDEX; Schema: public; Owner: postgres
--

CREATE INDEX "IDX_93751abc1451972c02e033b766" ON public.product_option_group_translation USING btree ("baseId");


--
-- Name: IDX_94e15d5f12d355d117390131ac; Type: INDEX; Schema: public; Owner: postgres
--

CREATE INDEX "IDX_94e15d5f12d355d117390131ac" ON public.stock_movement USING btree (discriminator);


--
-- Name: IDX_984c48572468c69661a0b7b049; Type: INDEX; Schema: public; Owner: postgres
--

CREATE INDEX "IDX_984c48572468c69661a0b7b049" ON public.stock_level USING btree ("stockLocationId");


--
-- Name: IDX_9872fc7de2f4e532fd3230d191; Type: INDEX; Schema: public; Owner: postgres
--

CREATE INDEX "IDX_9872fc7de2f4e532fd3230d191" ON public.tax_rate USING btree ("zoneId");


--
-- Name: IDX_9950eae3180f39c71978748bd0; Type: INDEX; Schema: public; Owner: postgres
--

CREATE INDEX "IDX_9950eae3180f39c71978748bd0" ON public.stock_level USING btree ("productVariantId");


--
-- Name: IDX_9a5a6a556f75c4ac7bfdd03410; Type: INDEX; Schema: public; Owner: postgres
--

CREATE INDEX "IDX_9a5a6a556f75c4ac7bfdd03410" ON public.search_index_item USING btree (description);


--
-- Name: IDX_9e412b00d4c6cee1a4b3d92071; Type: INDEX; Schema: public; Owner: postgres
--

CREATE INDEX "IDX_9e412b00d4c6cee1a4b3d92071" ON public.asset_tags_tag USING btree ("assetId");


--
-- Name: IDX_9f065453910ea77d4be8e92618; Type: INDEX; Schema: public; Owner: postgres
--

CREATE INDEX "IDX_9f065453910ea77d4be8e92618" ON public.order_line USING btree ("featuredAssetId");


--
-- Name: IDX_9f9da7d94b0278ea0f7831e1fc; Type: INDEX; Schema: public; Owner: postgres
--

CREATE INDEX "IDX_9f9da7d94b0278ea0f7831e1fc" ON public.collection_translation USING btree (slug);


--
-- Name: IDX_a23445b2c942d8dfcae15b8de2; Type: INDEX; Schema: public; Owner: postgres
--

CREATE INDEX "IDX_a23445b2c942d8dfcae15b8de2" ON public.authentication_method USING btree (type);


--
-- Name: IDX_a2fe7172eeae9f1cca86f8f573; Type: INDEX; Schema: public; Owner: postgres
--

CREATE INDEX "IDX_a2fe7172eeae9f1cca86f8f573" ON public.stock_movement USING btree ("stockLocationId");


--
-- Name: IDX_a49c5271c39cc8174a0535c808; Type: INDEX; Schema: public; Owner: postgres
--

CREATE INDEX "IDX_a49c5271c39cc8174a0535c808" ON public.surcharge USING btree ("orderModificationId");


--
-- Name: IDX_a51dfbd87c330c075c39832b6e; Type: INDEX; Schema: public; Owner: postgres
--

CREATE INDEX "IDX_a51dfbd87c330c075c39832b6e" ON public.product_channels_channel USING btree ("channelId");


--
-- Name: IDX_a6debf9198e2fbfa006aa10d71; Type: INDEX; Schema: public; Owner: postgres
--

CREATE INDEX "IDX_a6debf9198e2fbfa006aa10d71" ON public.product_option USING btree ("groupId");


--
-- Name: IDX_a6e91739227bf4d442f23c52c7; Type: INDEX; Schema: public; Owner: postgres
--

CREATE INDEX "IDX_a6e91739227bf4d442f23c52c7" ON public.product_option_group USING btree ("productId");


--
-- Name: IDX_a79a443c1f7841f3851767faa6; Type: INDEX; Schema: public; Owner: postgres
--

CREATE INDEX "IDX_a79a443c1f7841f3851767faa6" ON public.product_option_translation USING btree ("baseId");


--
-- Name: IDX_a842c9fe8cd4c8ff31402d172d; Type: INDEX; Schema: public; Owner: postgres
--

CREATE INDEX "IDX_a842c9fe8cd4c8ff31402d172d" ON public.customer_channels_channel USING btree ("customerId");


--
-- Name: IDX_ad690c1b05596d7f52e52ffeed; Type: INDEX; Schema: public; Owner: postgres
--

CREATE INDEX "IDX_ad690c1b05596d7f52e52ffeed" ON public.facet_value_channels_channel USING btree ("facetValueId");


--
-- Name: IDX_af2116c7e176b6b88dceceeb74; Type: INDEX; Schema: public; Owner: postgres
--

CREATE INDEX "IDX_af2116c7e176b6b88dceceeb74" ON public.channel USING btree ("sellerId");


--
-- Name: IDX_afe9f917a1c82b9e9e69f7c612; Type: INDEX; Schema: public; Owner: postgres
--

CREATE INDEX "IDX_afe9f917a1c82b9e9e69f7c612" ON public.channel USING btree ("defaultTaxZoneId");


--
-- Name: IDX_b45b65256486a15a104e17d495; Type: INDEX; Schema: public; Owner: postgres
--

CREATE INDEX "IDX_b45b65256486a15a104e17d495" ON public.zone_members_region USING btree ("regionId");


--
-- Name: IDX_b823a3c8bf3b78d3ed68736485; Type: INDEX; Schema: public; Owner: postgres
--

CREATE INDEX "IDX_b823a3c8bf3b78d3ed68736485" ON public.customer_groups_customer_group USING btree ("customerId");


--
-- Name: IDX_beeb2b3cd800e589f2213ae99d; Type: INDEX; Schema: public; Owner: postgres
--

CREATE INDEX "IDX_beeb2b3cd800e589f2213ae99d" ON public.product_variant_channels_channel USING btree ("productVariantId");


--
-- Name: IDX_bfd2a03e9988eda6a9d1176011; Type: INDEX; Schema: public; Owner: postgres
--

CREATE INDEX "IDX_bfd2a03e9988eda6a9d1176011" ON public.role_channels_channel USING btree ("roleId");


--
-- Name: IDX_c00e36f667d35031087b382e61; Type: INDEX; Schema: public; Owner: postgres
--

CREATE INDEX "IDX_c00e36f667d35031087b382e61" ON public.payment_method_channels_channel USING btree ("channelId");


--
-- Name: IDX_c309f8cd152bbeaea08491e0c6; Type: INDEX; Schema: public; Owner: postgres
--

CREATE INDEX "IDX_c309f8cd152bbeaea08491e0c6" ON public.collection_closure USING btree (id_ancestor);


--
-- Name: IDX_c9ca2f58d4517460435cbd8b4c; Type: INDEX; Schema: public; Owner: postgres
--

CREATE INDEX "IDX_c9ca2f58d4517460435cbd8b4c" ON public.channel USING btree ("defaultShippingZoneId");


--
-- Name: IDX_c9f34a440d490d1b66f6829b86; Type: INDEX; Schema: public; Owner: postgres
--

CREATE INDEX "IDX_c9f34a440d490d1b66f6829b86" ON public.shipping_line USING btree ("orderId");


--
-- Name: IDX_ca796020c6d097e251e5d6d2b0; Type: INDEX; Schema: public; Owner: postgres
--

CREATE INDEX "IDX_ca796020c6d097e251e5d6d2b0" ON public.facet_channels_channel USING btree ("facetId");


--
-- Name: IDX_cbcd22193eda94668e84d33f18; Type: INDEX; Schema: public; Owner: postgres
--

CREATE INDEX "IDX_cbcd22193eda94668e84d33f18" ON public.order_line USING btree ("productVariantId");


--
-- Name: IDX_cdbf33ffb5d451916125152008; Type: INDEX; Schema: public; Owner: postgres
--

CREATE INDEX "IDX_cdbf33ffb5d451916125152008" ON public.collection_channels_channel USING btree ("collectionId");


--
-- Name: IDX_d09d285fe1645cd2f0db811e29; Type: INDEX; Schema: public; Owner: postgres
--

CREATE INDEX "IDX_d09d285fe1645cd2f0db811e29" ON public.payment USING btree ("orderId");


--
-- Name: IDX_d0d16db872499e83b15999f8c7; Type: INDEX; Schema: public; Owner: postgres
--

CREATE INDEX "IDX_d0d16db872499e83b15999f8c7" ON public.order_channels_channel USING btree ("channelId");


--
-- Name: IDX_d101dc2265a7341be3d94968c5; Type: INDEX; Schema: public; Owner: postgres
--

CREATE INDEX "IDX_d101dc2265a7341be3d94968c5" ON public.facet_value USING btree ("facetId");


--
-- Name: IDX_d194bff171b62357688a5d0f55; Type: INDEX; Schema: public; Owner: postgres
--

CREATE INDEX "IDX_d194bff171b62357688a5d0f55" ON public.product_variant_channels_channel USING btree ("channelId");


--
-- Name: IDX_d2c8d5fca981cc820131f81aa8; Type: INDEX; Schema: public; Owner: postgres
--

CREATE INDEX "IDX_d2c8d5fca981cc820131f81aa8" ON public.stock_movement USING btree ("orderLineId");


--
-- Name: IDX_d87215343c3a3a67e6a0b7f3ea; Type: INDEX; Schema: public; Owner: postgres
--

CREATE INDEX "IDX_d87215343c3a3a67e6a0b7f3ea" ON public.address USING btree ("countryId");


--
-- Name: IDX_d8791f444a8bf23fe4c1bc020c; Type: INDEX; Schema: public; Owner: postgres
--

CREATE INDEX "IDX_d8791f444a8bf23fe4c1bc020c" ON public.search_index_item USING btree ("productVariantName");


--
-- Name: IDX_dc34d382b493ade1f70e834c4d; Type: INDEX; Schema: public; Owner: postgres
--

CREATE INDEX "IDX_dc34d382b493ade1f70e834c4d" ON public.address USING btree ("customerId");


--
-- Name: IDX_dc4e7435f9f5e9e6436bebd33b; Type: INDEX; Schema: public; Owner: postgres
--

CREATE INDEX "IDX_dc4e7435f9f5e9e6436bebd33b" ON public.asset_channels_channel USING btree ("assetId");


--
-- Name: IDX_dc9ac68b47da7b62249886affb; Type: INDEX; Schema: public; Owner: postgres
--

CREATE INDEX "IDX_dc9ac68b47da7b62249886affb" ON public.order_line USING btree ("shippingLineId");


--
-- Name: IDX_dc9f69207a8867f83b0fd257e3; Type: INDEX; Schema: public; Owner: postgres
--

CREATE INDEX "IDX_dc9f69207a8867f83b0fd257e3" ON public.customer_channels_channel USING btree ("channelId");


--
-- Name: IDX_e09dfee62b158307404202b43a; Type: INDEX; Schema: public; Owner: postgres
--

CREATE INDEX "IDX_e09dfee62b158307404202b43a" ON public.role_channels_channel USING btree ("channelId");


--
-- Name: IDX_e1d54c0b9db3e2eb17faaf5919; Type: INDEX; Schema: public; Owner: postgres
--

CREATE INDEX "IDX_e1d54c0b9db3e2eb17faaf5919" ON public.facet_value_channels_channel USING btree ("channelId");


--
-- Name: IDX_e2e7642e1e88167c1dfc827fdf; Type: INDEX; Schema: public; Owner: postgres
--

CREATE INDEX "IDX_e2e7642e1e88167c1dfc827fdf" ON public.shipping_line USING btree ("shippingMethodId");


--
-- Name: IDX_e329f9036210d75caa1d8f2154; Type: INDEX; Schema: public; Owner: postgres
--

CREATE INDEX "IDX_e329f9036210d75caa1d8f2154" ON public.collection_translation USING btree ("baseId");


--
-- Name: IDX_e38dca0d82fd64c7cf8aac8b8e; Type: INDEX; Schema: public; Owner: postgres
--

CREATE INDEX "IDX_e38dca0d82fd64c7cf8aac8b8e" ON public.product_variant USING btree ("taxCategoryId");


--
-- Name: IDX_e5598363000cab9d9116bd5835; Type: INDEX; Schema: public; Owner: postgres
--

CREATE INDEX "IDX_e5598363000cab9d9116bd5835" ON public.session USING btree (type);


--
-- Name: IDX_e6126cd268aea6e9b31d89af9a; Type: INDEX; Schema: public; Owner: postgres
--

CREATE INDEX "IDX_e6126cd268aea6e9b31d89af9a" ON public.product_variant_price USING btree ("variantId");


--
-- Name: IDX_e65ba3882557cab4febb54809b; Type: INDEX; Schema: public; Owner: postgres
--

CREATE INDEX "IDX_e65ba3882557cab4febb54809b" ON public.stock_movement USING btree ("productVariantId");


--
-- Name: IDX_e96a71affe63c97f7fa2f076da; Type: INDEX; Schema: public; Owner: postgres
--

CREATE INDEX "IDX_e96a71affe63c97f7fa2f076da" ON public.product_variant_options_product_option USING btree ("productOptionId");


--
-- Name: IDX_eaea53f44bf9e97790d38a3d68; Type: INDEX; Schema: public; Owner: postgres
--

CREATE INDEX "IDX_eaea53f44bf9e97790d38a3d68" ON public.facet_translation USING btree ("baseId");


--
-- Name: IDX_eb87ef1e234444728138302263; Type: INDEX; Schema: public; Owner: postgres
--

CREATE INDEX "IDX_eb87ef1e234444728138302263" ON public.session USING btree ("activeChannelId");


--
-- Name: IDX_ed0c8098ce6809925a437f42ae; Type: INDEX; Schema: public; Owner: postgres
--

CREATE INDEX "IDX_ed0c8098ce6809925a437f42ae" ON public.region USING btree ("parentId");


--
-- Name: IDX_f0a17b94aa5a162f0d422920eb; Type: INDEX; Schema: public; Owner: postgres
--

CREATE INDEX "IDX_f0a17b94aa5a162f0d422920eb" ON public.shipping_method_channels_channel USING btree ("shippingMethodId");


--
-- Name: IDX_f2b98dfb56685147bed509acc3; Type: INDEX; Schema: public; Owner: postgres
--

CREATE INDEX "IDX_f2b98dfb56685147bed509acc3" ON public.shipping_method_channels_channel USING btree ("channelId");


--
-- Name: IDX_f3a761f6bcfabb474b11e1e51f; Type: INDEX; Schema: public; Owner: postgres
--

CREATE INDEX "IDX_f3a761f6bcfabb474b11e1e51f" ON public.history_entry USING btree (discriminator);


--
-- Name: IDX_f4a2ec16ba86d277b6faa0b67b; Type: INDEX; Schema: public; Owner: postgres
--

CREATE INDEX "IDX_f4a2ec16ba86d277b6faa0b67b" ON public.product_translation USING btree (slug);


--
-- Name: IDX_f80d84d525af2ffe974e7e8ca2; Type: INDEX; Schema: public; Owner: postgres
--

CREATE INDEX "IDX_f80d84d525af2ffe974e7e8ca2" ON public.order_fulfillments_fulfillment USING btree ("orderId");


--
-- Name: IDX_fa21412afac15a2304f3eb35fe; Type: INDEX; Schema: public; Owner: postgres
--

CREATE INDEX "IDX_fa21412afac15a2304f3eb35fe" ON public.product_variant_asset USING btree ("productVariantId");


--
-- Name: IDX_fb05887e2867365f236d7dd95e; Type: INDEX; Schema: public; Owner: postgres
--

CREATE INDEX "IDX_fb05887e2867365f236d7dd95e" ON public.collection_product_variants_product_variant USING btree ("productVariantId");


--
-- Name: IDX_fb5e800171ffbe9823f2cc727f; Type: INDEX; Schema: public; Owner: postgres
--

CREATE INDEX "IDX_fb5e800171ffbe9823f2cc727f" ON public.asset_tags_tag USING btree ("tagId");


--
-- Name: IDX_ff8150fe54e56a900d5712671a; Type: INDEX; Schema: public; Owner: postgres
--

CREATE INDEX "IDX_ff8150fe54e56a900d5712671a" ON public.stock_location_channels_channel USING btree ("channelId");


--
-- Name: authentication_method FK_00cbe87bc0d4e36758d61bd31d6; Type: FK CONSTRAINT; Schema: public; Owner: postgres
--

ALTER TABLE ONLY public.authentication_method
    ADD CONSTRAINT "FK_00cbe87bc0d4e36758d61bd31d6" FOREIGN KEY ("userId") REFERENCES public."user"(id);


--
-- Name: order_line_reference FK_06b02fb482b188823e419d37bd4; Type: FK CONSTRAINT; Schema: public; Owner: postgres
--

ALTER TABLE ONLY public.order_line_reference
    ADD CONSTRAINT "FK_06b02fb482b188823e419d37bd4" FOREIGN KEY ("fulfillmentId") REFERENCES public.fulfillment(id);


--
-- Name: product_facet_values_facet_value FK_06e7d73673ee630e8ec50d0b29f; Type: FK CONSTRAINT; Schema: public; Owner: postgres
--

ALTER TABLE ONLY public.product_facet_values_facet_value
    ADD CONSTRAINT "FK_06e7d73673ee630e8ec50d0b29f" FOREIGN KEY ("facetValueId") REFERENCES public.facet_value(id) ON UPDATE CASCADE ON DELETE CASCADE;


--
-- Name: product_asset FK_0d1294f5c22a56da7845ebab72c; Type: FK CONSTRAINT; Schema: public; Owner: postgres
--

ALTER TABLE ONLY public.product_asset
    ADD CONSTRAINT "FK_0d1294f5c22a56da7845ebab72c" FOREIGN KEY ("productId") REFERENCES public.product(id) ON DELETE CASCADE;


--
-- Name: product_variant_facet_values_facet_value FK_0d641b761ed1dce4ef3cd33d559; Type: FK CONSTRAINT; Schema: public; Owner: postgres
--

ALTER TABLE ONLY public.product_variant_facet_values_facet_value
    ADD CONSTRAINT "FK_0d641b761ed1dce4ef3cd33d559" FOREIGN KEY ("facetValueId") REFERENCES public.facet_value(id) ON UPDATE CASCADE ON DELETE CASCADE;


--
-- Name: order_channels_channel FK_0d8e5c204480204a60e151e4853; Type: FK CONSTRAINT; Schema: public; Owner: postgres
--

ALTER TABLE ONLY public.order_channels_channel
    ADD CONSTRAINT "FK_0d8e5c204480204a60e151e4853" FOREIGN KEY ("orderId") REFERENCES public."order"(id) ON UPDATE CASCADE ON DELETE CASCADE;


--
-- Name: product_variant FK_0e6f516053cf982b537836e21cf; Type: FK CONSTRAINT; Schema: public; Owner: postgres
--

ALTER TABLE ONLY public.product_variant
    ADD CONSTRAINT "FK_0e6f516053cf982b537836e21cf" FOREIGN KEY ("featuredAssetId") REFERENCES public.asset(id) ON DELETE SET NULL;


--
-- Name: promotion_channels_channel FK_0eaaf0f4b6c69afde1e88ffb52d; Type: FK CONSTRAINT; Schema: public; Owner: postgres
--

ALTER TABLE ONLY public.promotion_channels_channel
    ADD CONSTRAINT "FK_0eaaf0f4b6c69afde1e88ffb52d" FOREIGN KEY ("channelId") REFERENCES public.channel(id) ON UPDATE CASCADE ON DELETE CASCADE;


--
-- Name: product_variant_asset FK_10b5a2e3dee0e30b1e26c32f5c7; Type: FK CONSTRAINT; Schema: public; Owner: postgres
--

ALTER TABLE ONLY public.product_variant_asset
    ADD CONSTRAINT "FK_10b5a2e3dee0e30b1e26c32f5c7" FOREIGN KEY ("assetId") REFERENCES public.asset(id) ON DELETE CASCADE;


--
-- Name: order FK_124456e637cca7a415897dce659; Type: FK CONSTRAINT; Schema: public; Owner: postgres
--

ALTER TABLE ONLY public."order"
    ADD CONSTRAINT "FK_124456e637cca7a415897dce659" FOREIGN KEY ("customerId") REFERENCES public.customer(id);


--
-- Name: surcharge FK_154eb685f9b629033bd266df7fa; Type: FK CONSTRAINT; Schema: public; Owner: postgres
--

ALTER TABLE ONLY public.surcharge
    ADD CONSTRAINT "FK_154eb685f9b629033bd266df7fa" FOREIGN KEY ("orderId") REFERENCES public."order"(id) ON DELETE CASCADE;


--
-- Name: asset_channels_channel FK_16ca9151a5153f1169da5b7b7e3; Type: FK CONSTRAINT; Schema: public; Owner: postgres
--

ALTER TABLE ONLY public.asset_channels_channel
    ADD CONSTRAINT "FK_16ca9151a5153f1169da5b7b7e3" FOREIGN KEY ("channelId") REFERENCES public.channel(id) ON UPDATE CASCADE ON DELETE CASCADE;


--
-- Name: administrator FK_1966e18ce6a39a82b19204704d7; Type: FK CONSTRAINT; Schema: public; Owner: postgres
--

ALTER TABLE ONLY public.administrator
    ADD CONSTRAINT "FK_1966e18ce6a39a82b19204704d7" FOREIGN KEY ("userId") REFERENCES public."user"(id);


--
-- Name: region_translation FK_1afd722b943c81310705fc3e612; Type: FK CONSTRAINT; Schema: public; Owner: postgres
--

ALTER TABLE ONLY public.region_translation
    ADD CONSTRAINT "FK_1afd722b943c81310705fc3e612" FOREIGN KEY ("baseId") REFERENCES public.region(id) ON DELETE CASCADE;


--
-- Name: refund FK_1c6932a756108788a361e7d4404; Type: FK CONSTRAINT; Schema: public; Owner: postgres
--

ALTER TABLE ONLY public.refund
    ADD CONSTRAINT "FK_1c6932a756108788a361e7d4404" FOREIGN KEY ("paymentId") REFERENCES public.payment(id);


--
-- Name: promotion_translation FK_1cc009e9ab2263a35544064561b; Type: FK CONSTRAINT; Schema: public; Owner: postgres
--

ALTER TABLE ONLY public.promotion_translation
    ADD CONSTRAINT "FK_1cc009e9ab2263a35544064561b" FOREIGN KEY ("baseId") REFERENCES public.promotion(id) ON DELETE CASCADE;


--
-- Name: order_modification FK_1df5bc14a47ef24d2e681f45598; Type: FK CONSTRAINT; Schema: public; Owner: postgres
--

ALTER TABLE ONLY public.order_modification
    ADD CONSTRAINT "FK_1df5bc14a47ef24d2e681f45598" FOREIGN KEY ("orderId") REFERENCES public."order"(id) ON DELETE CASCADE;


--
-- Name: collection_asset FK_1ed9e48dfbf74b5fcbb35d3d686; Type: FK CONSTRAINT; Schema: public; Owner: postgres
--

ALTER TABLE ONLY public.collection_asset
    ADD CONSTRAINT "FK_1ed9e48dfbf74b5fcbb35d3d686" FOREIGN KEY ("collectionId") REFERENCES public.collection(id) ON DELETE CASCADE;


--
-- Name: order_line_reference FK_22b818af8722746fb9f206068c2; Type: FK CONSTRAINT; Schema: public; Owner: postgres
--

ALTER TABLE ONLY public.order_line_reference
    ADD CONSTRAINT "FK_22b818af8722746fb9f206068c2" FOREIGN KEY ("modificationId") REFERENCES public.order_modification(id);


--
-- Name: order_line FK_239cfca2a55b98b90b6bef2e44f; Type: FK CONSTRAINT; Schema: public; Owner: postgres
--

ALTER TABLE ONLY public.order_line
    ADD CONSTRAINT "FK_239cfca2a55b98b90b6bef2e44f" FOREIGN KEY ("orderId") REFERENCES public."order"(id) ON DELETE CASCADE;


--
-- Name: product_channels_channel FK_26d12be3b5fec6c4adb1d792844; Type: FK CONSTRAINT; Schema: public; Owner: postgres
--

ALTER TABLE ONLY public.product_channels_channel
    ADD CONSTRAINT "FK_26d12be3b5fec6c4adb1d792844" FOREIGN KEY ("productId") REFERENCES public.product(id) ON UPDATE CASCADE ON DELETE CASCADE;


--
-- Name: facet_channels_channel FK_2a8ea404d05bf682516184db7d3; Type: FK CONSTRAINT; Schema: public; Owner: postgres
--

ALTER TABLE ONLY public.facet_channels_channel
    ADD CONSTRAINT "FK_2a8ea404d05bf682516184db7d3" FOREIGN KEY ("channelId") REFERENCES public.channel(id) ON UPDATE CASCADE ON DELETE CASCADE;


--
-- Name: order_promotions_promotion FK_2c26b988769c0e3b0120bdef31b; Type: FK CONSTRAINT; Schema: public; Owner: postgres
--

ALTER TABLE ONLY public.order_promotions_promotion
    ADD CONSTRAINT "FK_2c26b988769c0e3b0120bdef31b" FOREIGN KEY ("promotionId") REFERENCES public.promotion(id) ON UPDATE CASCADE ON DELETE CASCADE;


--
-- Name: order_line_reference FK_30019aa65b17fe9ee9628931991; Type: FK CONSTRAINT; Schema: public; Owner: postgres
--

ALTER TABLE ONLY public.order_line_reference
    ADD CONSTRAINT "FK_30019aa65b17fe9ee9628931991" FOREIGN KEY ("refundId") REFERENCES public.refund(id);


--
-- Name: stock_location_channels_channel FK_39513fd02a573c848d23bee587d; Type: FK CONSTRAINT; Schema: public; Owner: postgres
--

ALTER TABLE ONLY public.stock_location_channels_channel
    ADD CONSTRAINT "FK_39513fd02a573c848d23bee587d" FOREIGN KEY ("stockLocationId") REFERENCES public.stock_location(id) ON UPDATE CASCADE ON DELETE CASCADE;


--
-- Name: history_entry FK_3a05127e67435b4d2332ded7c9e; Type: FK CONSTRAINT; Schema: public; Owner: postgres
--

ALTER TABLE ONLY public.history_entry
    ADD CONSTRAINT "FK_3a05127e67435b4d2332ded7c9e" FOREIGN KEY ("orderId") REFERENCES public."order"(id) ON DELETE CASCADE;


--
-- Name: session FK_3d2f174ef04fb312fdebd0ddc53; Type: FK CONSTRAINT; Schema: public; Owner: postgres
--

ALTER TABLE ONLY public.session
    ADD CONSTRAINT "FK_3d2f174ef04fb312fdebd0ddc53" FOREIGN KEY ("userId") REFERENCES public."user"(id);


--
-- Name: facet_value_translation FK_3d6e45823b65de808a66cb1423b; Type: FK CONSTRAINT; Schema: public; Owner: postgres
--

ALTER TABLE ONLY public.facet_value_translation
    ADD CONSTRAINT "FK_3d6e45823b65de808a66cb1423b" FOREIGN KEY ("baseId") REFERENCES public.facet_value(id) ON DELETE CASCADE;


--
-- Name: customer FK_3f62b42ed23958b120c235f74df; Type: FK CONSTRAINT; Schema: public; Owner: postgres
--

ALTER TABLE ONLY public.customer
    ADD CONSTRAINT "FK_3f62b42ed23958b120c235f74df" FOREIGN KEY ("userId") REFERENCES public."user"(id);


--
-- Name: product_variant_translation FK_420f4d6fb75d38b9dca79bc43b4; Type: FK CONSTRAINT; Schema: public; Owner: postgres
--

ALTER TABLE ONLY public.product_variant_translation
    ADD CONSTRAINT "FK_420f4d6fb75d38b9dca79bc43b4" FOREIGN KEY ("baseId") REFERENCES public.product_variant(id) ON DELETE CASCADE;


--
-- Name: collection FK_4257b61275144db89fa0f5dc059; Type: FK CONSTRAINT; Schema: public; Owner: postgres
--

ALTER TABLE ONLY public.collection
    ADD CONSTRAINT "FK_4257b61275144db89fa0f5dc059" FOREIGN KEY ("parentId") REFERENCES public.collection(id);


--
-- Name: zone_members_region FK_433f45158e4e2b2a2f344714b22; Type: FK CONSTRAINT; Schema: public; Owner: postgres
--

ALTER TABLE ONLY public.zone_members_region
    ADD CONSTRAINT "FK_433f45158e4e2b2a2f344714b22" FOREIGN KEY ("zoneId") REFERENCES public.zone(id) ON UPDATE CASCADE ON DELETE CASCADE;


--
-- Name: history_entry FK_43ac602f839847fdb91101f30ec; Type: FK CONSTRAINT; Schema: public; Owner: postgres
--

ALTER TABLE ONLY public.history_entry
    ADD CONSTRAINT "FK_43ac602f839847fdb91101f30ec" FOREIGN KEY ("customerId") REFERENCES public.customer(id) ON DELETE CASCADE;


--
-- Name: collection_closure FK_457784c710f8ac9396010441f6c; Type: FK CONSTRAINT; Schema: public; Owner: postgres
--

ALTER TABLE ONLY public.collection_closure
    ADD CONSTRAINT "FK_457784c710f8ac9396010441f6c" FOREIGN KEY (id_descendant) REFERENCES public.collection(id) ON DELETE CASCADE;


--
-- Name: order_fulfillments_fulfillment FK_4add5a5796e1582dec2877b2898; Type: FK CONSTRAINT; Schema: public; Owner: postgres
--

ALTER TABLE ONLY public.order_fulfillments_fulfillment
    ADD CONSTRAINT "FK_4add5a5796e1582dec2877b2898" FOREIGN KEY ("fulfillmentId") REFERENCES public.fulfillment(id) ON UPDATE CASCADE ON DELETE CASCADE;


--
-- Name: user_roles_role FK_4be2f7adf862634f5f803d246b8; Type: FK CONSTRAINT; Schema: public; Owner: postgres
--

ALTER TABLE ONLY public.user_roles_role
    ADD CONSTRAINT "FK_4be2f7adf862634f5f803d246b8" FOREIGN KEY ("roleId") REFERENCES public.role(id) ON UPDATE CASCADE ON DELETE CASCADE;


--
-- Name: collection_asset FK_51da53b26522dc0525762d2de8e; Type: FK CONSTRAINT; Schema: public; Owner: postgres
--

ALTER TABLE ONLY public.collection_asset
    ADD CONSTRAINT "FK_51da53b26522dc0525762d2de8e" FOREIGN KEY ("assetId") REFERENCES public.asset(id) ON DELETE CASCADE;


--
-- Name: product_variant_options_product_option FK_526f0131260eec308a3bd2b61b6; Type: FK CONSTRAINT; Schema: public; Owner: postgres
--

ALTER TABLE ONLY public.product_variant_options_product_option
    ADD CONSTRAINT "FK_526f0131260eec308a3bd2b61b6" FOREIGN KEY ("productVariantId") REFERENCES public.product_variant(id) ON UPDATE CASCADE ON DELETE CASCADE;


--
-- Name: product_asset FK_5888ac17b317b93378494a10620; Type: FK CONSTRAINT; Schema: public; Owner: postgres
--

ALTER TABLE ONLY public.product_asset
    ADD CONSTRAINT "FK_5888ac17b317b93378494a10620" FOREIGN KEY ("assetId") REFERENCES public.asset(id) ON DELETE CASCADE;


--
-- Name: payment_method_channels_channel FK_5bcb569635ce5407eb3f264487d; Type: FK CONSTRAINT; Schema: public; Owner: postgres
--

ALTER TABLE ONLY public.payment_method_channels_channel
    ADD CONSTRAINT "FK_5bcb569635ce5407eb3f264487d" FOREIGN KEY ("paymentMethodId") REFERENCES public.payment_method(id) ON UPDATE CASCADE ON DELETE CASCADE;


--
-- Name: user_roles_role FK_5f9286e6c25594c6b88c108db77; Type: FK CONSTRAINT; Schema: public; Owner: postgres
--

ALTER TABLE ONLY public.user_roles_role
    ADD CONSTRAINT "FK_5f9286e6c25594c6b88c108db77" FOREIGN KEY ("userId") REFERENCES public."user"(id) ON UPDATE CASCADE ON DELETE CASCADE;


--
-- Name: payment_method_translation FK_66187f782a3e71b9e0f5b50b68b; Type: FK CONSTRAINT; Schema: public; Owner: postgres
--

ALTER TABLE ONLY public.payment_method_translation
    ADD CONSTRAINT "FK_66187f782a3e71b9e0f5b50b68b" FOREIGN KEY ("baseId") REFERENCES public.payment_method(id) ON DELETE CASCADE;


--
-- Name: order_promotions_promotion FK_67be0e40122ab30a62a9817efe0; Type: FK CONSTRAINT; Schema: public; Owner: postgres
--

ALTER TABLE ONLY public.order_promotions_promotion
    ADD CONSTRAINT "FK_67be0e40122ab30a62a9817efe0" FOREIGN KEY ("orderId") REFERENCES public."order"(id) ON UPDATE CASCADE ON DELETE CASCADE;


--
-- Name: order_line FK_6901d8715f5ebadd764466f7bde; Type: FK CONSTRAINT; Schema: public; Owner: postgres
--

ALTER TABLE ONLY public.order_line
    ADD CONSTRAINT "FK_6901d8715f5ebadd764466f7bde" FOREIGN KEY ("sellerChannelId") REFERENCES public.channel(id) ON DELETE SET NULL;


--
-- Name: product_variant_facet_values_facet_value FK_69567bc225b6bbbd732d6c5455b; Type: FK CONSTRAINT; Schema: public; Owner: postgres
--

ALTER TABLE ONLY public.product_variant_facet_values_facet_value
    ADD CONSTRAINT "FK_69567bc225b6bbbd732d6c5455b" FOREIGN KEY ("productVariantId") REFERENCES public.product_variant(id) ON UPDATE CASCADE ON DELETE CASCADE;


--
-- Name: product_facet_values_facet_value FK_6a0558e650d75ae639ff38e413a; Type: FK CONSTRAINT; Schema: public; Owner: postgres
--

ALTER TABLE ONLY public.product_facet_values_facet_value
    ADD CONSTRAINT "FK_6a0558e650d75ae639ff38e413a" FOREIGN KEY ("productId") REFERENCES public.product(id) ON UPDATE CASCADE ON DELETE CASCADE;


--
-- Name: promotion_channels_channel FK_6d9e2c39ab12391aaa374bcdaa4; Type: FK CONSTRAINT; Schema: public; Owner: postgres
--

ALTER TABLE ONLY public.promotion_channels_channel
    ADD CONSTRAINT "FK_6d9e2c39ab12391aaa374bcdaa4" FOREIGN KEY ("promotionId") REFERENCES public.promotion(id) ON UPDATE CASCADE ON DELETE CASCADE;


--
-- Name: product_variant FK_6e420052844edf3a5506d863ce6; Type: FK CONSTRAINT; Schema: public; Owner: postgres
--

ALTER TABLE ONLY public.product_variant
    ADD CONSTRAINT "FK_6e420052844edf3a5506d863ce6" FOREIGN KEY ("productId") REFERENCES public.product(id);


--
-- Name: collection_product_variants_product_variant FK_6faa7b72422d9c4679e2f186ad1; Type: FK CONSTRAINT; Schema: public; Owner: postgres
--

ALTER TABLE ONLY public.collection_product_variants_product_variant
    ADD CONSTRAINT "FK_6faa7b72422d9c4679e2f186ad1" FOREIGN KEY ("collectionId") REFERENCES public.collection(id) ON UPDATE CASCADE ON DELETE CASCADE;


--
-- Name: collection_channels_channel FK_7216ab24077cf5cbece7857dbbd; Type: FK CONSTRAINT; Schema: public; Owner: postgres
--

ALTER TABLE ONLY public.collection_channels_channel
    ADD CONSTRAINT "FK_7216ab24077cf5cbece7857dbbd" FOREIGN KEY ("channelId") REFERENCES public.channel(id) ON UPDATE CASCADE ON DELETE CASCADE;


--
-- Name: collection FK_7256fef1bb42f1b38156b7449f5; Type: FK CONSTRAINT; Schema: public; Owner: postgres
--

ALTER TABLE ONLY public.collection
    ADD CONSTRAINT "FK_7256fef1bb42f1b38156b7449f5" FOREIGN KEY ("featuredAssetId") REFERENCES public.asset(id) ON DELETE SET NULL;


--
-- Name: order FK_73a78d7df09541ac5eba620d181; Type: FK CONSTRAINT; Schema: public; Owner: postgres
--

ALTER TABLE ONLY public."order"
    ADD CONSTRAINT "FK_73a78d7df09541ac5eba620d181" FOREIGN KEY ("aggregateOrderId") REFERENCES public."order"(id);


--
-- Name: order_line FK_77be94ce9ec6504466179462275; Type: FK CONSTRAINT; Schema: public; Owner: postgres
--

ALTER TABLE ONLY public.order_line
    ADD CONSTRAINT "FK_77be94ce9ec6504466179462275" FOREIGN KEY ("taxCategoryId") REFERENCES public.tax_category(id);


--
-- Name: session FK_7a75399a4f4ffa48ee02e98c059; Type: FK CONSTRAINT; Schema: public; Owner: postgres
--

ALTER TABLE ONLY public.session
    ADD CONSTRAINT "FK_7a75399a4f4ffa48ee02e98c059" FOREIGN KEY ("activeOrderId") REFERENCES public."order"(id);


--
-- Name: order_line_reference FK_7d57857922dfc7303604697dbe9; Type: FK CONSTRAINT; Schema: public; Owner: postgres
--

ALTER TABLE ONLY public.order_line_reference
    ADD CONSTRAINT "FK_7d57857922dfc7303604697dbe9" FOREIGN KEY ("orderLineId") REFERENCES public.order_line(id) ON DELETE CASCADE;


--
-- Name: product_translation FK_7dbc75cb4e8b002620c4dbfdac5; Type: FK CONSTRAINT; Schema: public; Owner: postgres
--

ALTER TABLE ONLY public.product_translation
    ADD CONSTRAINT "FK_7dbc75cb4e8b002620c4dbfdac5" FOREIGN KEY ("baseId") REFERENCES public.product(id);


--
-- Name: tax_rate FK_7ee3306d7638aa85ca90d672198; Type: FK CONSTRAINT; Schema: public; Owner: postgres
--

ALTER TABLE ONLY public.tax_rate
    ADD CONSTRAINT "FK_7ee3306d7638aa85ca90d672198" FOREIGN KEY ("categoryId") REFERENCES public.tax_category(id);


--
-- Name: shipping_method_translation FK_85ec26c71067ebc84adcd98d1a5; Type: FK CONSTRAINT; Schema: public; Owner: postgres
--

ALTER TABLE ONLY public.shipping_method_translation
    ADD CONSTRAINT "FK_85ec26c71067ebc84adcd98d1a5" FOREIGN KEY ("baseId") REFERENCES public.shipping_method(id) ON DELETE CASCADE;


--
-- Name: customer_groups_customer_group FK_85feea3f0e5e82133605f78db02; Type: FK CONSTRAINT; Schema: public; Owner: postgres
--

ALTER TABLE ONLY public.customer_groups_customer_group
    ADD CONSTRAINT "FK_85feea3f0e5e82133605f78db02" FOREIGN KEY ("customerGroupId") REFERENCES public.customer_group(id);


--
-- Name: tax_rate FK_8b5ab52fc8887c1a769b9276caf; Type: FK CONSTRAINT; Schema: public; Owner: postgres
--

ALTER TABLE ONLY public.tax_rate
    ADD CONSTRAINT "FK_8b5ab52fc8887c1a769b9276caf" FOREIGN KEY ("customerGroupId") REFERENCES public.customer_group(id);


--
-- Name: product FK_91a19e6613534949a4ce6e76ff8; Type: FK CONSTRAINT; Schema: public; Owner: postgres
--

ALTER TABLE ONLY public.product
    ADD CONSTRAINT "FK_91a19e6613534949a4ce6e76ff8" FOREIGN KEY ("featuredAssetId") REFERENCES public.asset(id) ON DELETE SET NULL;


--
-- Name: history_entry FK_92f8c334ef06275f9586fd01832; Type: FK CONSTRAINT; Schema: public; Owner: postgres
--

ALTER TABLE ONLY public.history_entry
    ADD CONSTRAINT "FK_92f8c334ef06275f9586fd01832" FOREIGN KEY ("administratorId") REFERENCES public.administrator(id);


--
-- Name: product_option_group_translation FK_93751abc1451972c02e033b766c; Type: FK CONSTRAINT; Schema: public; Owner: postgres
--

ALTER TABLE ONLY public.product_option_group_translation
    ADD CONSTRAINT "FK_93751abc1451972c02e033b766c" FOREIGN KEY ("baseId") REFERENCES public.product_option_group(id) ON DELETE CASCADE;


--
-- Name: stock_level FK_984c48572468c69661a0b7b0494; Type: FK CONSTRAINT; Schema: public; Owner: postgres
--

ALTER TABLE ONLY public.stock_level
    ADD CONSTRAINT "FK_984c48572468c69661a0b7b0494" FOREIGN KEY ("stockLocationId") REFERENCES public.stock_location(id) ON DELETE CASCADE;


--
-- Name: tax_rate FK_9872fc7de2f4e532fd3230d1915; Type: FK CONSTRAINT; Schema: public; Owner: postgres
--

ALTER TABLE ONLY public.tax_rate
    ADD CONSTRAINT "FK_9872fc7de2f4e532fd3230d1915" FOREIGN KEY ("zoneId") REFERENCES public.zone(id);


--
-- Name: stock_level FK_9950eae3180f39c71978748bd08; Type: FK CONSTRAINT; Schema: public; Owner: postgres
--

ALTER TABLE ONLY public.stock_level
    ADD CONSTRAINT "FK_9950eae3180f39c71978748bd08" FOREIGN KEY ("productVariantId") REFERENCES public.product_variant(id) ON DELETE CASCADE;


--
-- Name: asset_tags_tag FK_9e412b00d4c6cee1a4b3d920716; Type: FK CONSTRAINT; Schema: public; Owner: postgres
--

ALTER TABLE ONLY public.asset_tags_tag
    ADD CONSTRAINT "FK_9e412b00d4c6cee1a4b3d920716" FOREIGN KEY ("assetId") REFERENCES public.asset(id) ON UPDATE CASCADE ON DELETE CASCADE;


--
-- Name: order_line FK_9f065453910ea77d4be8e92618f; Type: FK CONSTRAINT; Schema: public; Owner: postgres
--

ALTER TABLE ONLY public.order_line
    ADD CONSTRAINT "FK_9f065453910ea77d4be8e92618f" FOREIGN KEY ("featuredAssetId") REFERENCES public.asset(id);


--
-- Name: stock_movement FK_a2fe7172eeae9f1cca86f8f573a; Type: FK CONSTRAINT; Schema: public; Owner: postgres
--

ALTER TABLE ONLY public.stock_movement
    ADD CONSTRAINT "FK_a2fe7172eeae9f1cca86f8f573a" FOREIGN KEY ("stockLocationId") REFERENCES public.stock_location(id) ON DELETE CASCADE;


--
-- Name: surcharge FK_a49c5271c39cc8174a0535c8088; Type: FK CONSTRAINT; Schema: public; Owner: postgres
--

ALTER TABLE ONLY public.surcharge
    ADD CONSTRAINT "FK_a49c5271c39cc8174a0535c8088" FOREIGN KEY ("orderModificationId") REFERENCES public.order_modification(id);


--
-- Name: product_channels_channel FK_a51dfbd87c330c075c39832b6e7; Type: FK CONSTRAINT; Schema: public; Owner: postgres
--

ALTER TABLE ONLY public.product_channels_channel
    ADD CONSTRAINT "FK_a51dfbd87c330c075c39832b6e7" FOREIGN KEY ("channelId") REFERENCES public.channel(id) ON UPDATE CASCADE ON DELETE CASCADE;


--
-- Name: product_option FK_a6debf9198e2fbfa006aa10d710; Type: FK CONSTRAINT; Schema: public; Owner: postgres
--

ALTER TABLE ONLY public.product_option
    ADD CONSTRAINT "FK_a6debf9198e2fbfa006aa10d710" FOREIGN KEY ("groupId") REFERENCES public.product_option_group(id);


--
-- Name: product_option_group FK_a6e91739227bf4d442f23c52c75; Type: FK CONSTRAINT; Schema: public; Owner: postgres
--

ALTER TABLE ONLY public.product_option_group
    ADD CONSTRAINT "FK_a6e91739227bf4d442f23c52c75" FOREIGN KEY ("productId") REFERENCES public.product(id);


--
-- Name: product_option_translation FK_a79a443c1f7841f3851767faa6d; Type: FK CONSTRAINT; Schema: public; Owner: postgres
--

ALTER TABLE ONLY public.product_option_translation
    ADD CONSTRAINT "FK_a79a443c1f7841f3851767faa6d" FOREIGN KEY ("baseId") REFERENCES public.product_option(id) ON DELETE CASCADE;


--
-- Name: customer_channels_channel FK_a842c9fe8cd4c8ff31402d172d7; Type: FK CONSTRAINT; Schema: public; Owner: postgres
--

ALTER TABLE ONLY public.customer_channels_channel
    ADD CONSTRAINT "FK_a842c9fe8cd4c8ff31402d172d7" FOREIGN KEY ("customerId") REFERENCES public.customer(id) ON UPDATE CASCADE ON DELETE CASCADE;


--
-- Name: order_modification FK_ad2991fa2933ed8b7f86a716338; Type: FK CONSTRAINT; Schema: public; Owner: postgres
--

ALTER TABLE ONLY public.order_modification
    ADD CONSTRAINT "FK_ad2991fa2933ed8b7f86a716338" FOREIGN KEY ("paymentId") REFERENCES public.payment(id);


--
-- Name: facet_value_channels_channel FK_ad690c1b05596d7f52e52ffeedd; Type: FK CONSTRAINT; Schema: public; Owner: postgres
--

ALTER TABLE ONLY public.facet_value_channels_channel
    ADD CONSTRAINT "FK_ad690c1b05596d7f52e52ffeedd" FOREIGN KEY ("facetValueId") REFERENCES public.facet_value(id) ON UPDATE CASCADE ON DELETE CASCADE;


--
-- Name: channel FK_af2116c7e176b6b88dceceeb74b; Type: FK CONSTRAINT; Schema: public; Owner: postgres
--

ALTER TABLE ONLY public.channel
    ADD CONSTRAINT "FK_af2116c7e176b6b88dceceeb74b" FOREIGN KEY ("sellerId") REFERENCES public.seller(id);


--
-- Name: channel FK_afe9f917a1c82b9e9e69f7c6129; Type: FK CONSTRAINT; Schema: public; Owner: postgres
--

ALTER TABLE ONLY public.channel
    ADD CONSTRAINT "FK_afe9f917a1c82b9e9e69f7c6129" FOREIGN KEY ("defaultTaxZoneId") REFERENCES public.zone(id);


--
-- Name: zone_members_region FK_b45b65256486a15a104e17d495c; Type: FK CONSTRAINT; Schema: public; Owner: postgres
--

ALTER TABLE ONLY public.zone_members_region
    ADD CONSTRAINT "FK_b45b65256486a15a104e17d495c" FOREIGN KEY ("regionId") REFERENCES public.region(id) ON UPDATE CASCADE ON DELETE CASCADE;


--
-- Name: customer_groups_customer_group FK_b823a3c8bf3b78d3ed68736485c; Type: FK CONSTRAINT; Schema: public; Owner: postgres
--

ALTER TABLE ONLY public.customer_groups_customer_group
    ADD CONSTRAINT "FK_b823a3c8bf3b78d3ed68736485c" FOREIGN KEY ("customerId") REFERENCES public.customer(id) ON UPDATE CASCADE ON DELETE CASCADE;


--
-- Name: product_variant_channels_channel FK_beeb2b3cd800e589f2213ae99d6; Type: FK CONSTRAINT; Schema: public; Owner: postgres
--

ALTER TABLE ONLY public.product_variant_channels_channel
    ADD CONSTRAINT "FK_beeb2b3cd800e589f2213ae99d6" FOREIGN KEY ("productVariantId") REFERENCES public.product_variant(id) ON UPDATE CASCADE ON DELETE CASCADE;


--
-- Name: role_channels_channel FK_bfd2a03e9988eda6a9d11760119; Type: FK CONSTRAINT; Schema: public; Owner: postgres
--

ALTER TABLE ONLY public.role_channels_channel
    ADD CONSTRAINT "FK_bfd2a03e9988eda6a9d11760119" FOREIGN KEY ("roleId") REFERENCES public.role(id) ON UPDATE CASCADE ON DELETE CASCADE;


--
-- Name: payment_method_channels_channel FK_c00e36f667d35031087b382e61b; Type: FK CONSTRAINT; Schema: public; Owner: postgres
--

ALTER TABLE ONLY public.payment_method_channels_channel
    ADD CONSTRAINT "FK_c00e36f667d35031087b382e61b" FOREIGN KEY ("channelId") REFERENCES public.channel(id) ON UPDATE CASCADE ON DELETE CASCADE;


--
-- Name: collection_closure FK_c309f8cd152bbeaea08491e0c66; Type: FK CONSTRAINT; Schema: public; Owner: postgres
--

ALTER TABLE ONLY public.collection_closure
    ADD CONSTRAINT "FK_c309f8cd152bbeaea08491e0c66" FOREIGN KEY (id_ancestor) REFERENCES public.collection(id) ON DELETE CASCADE;


--
-- Name: channel FK_c9ca2f58d4517460435cbd8b4c9; Type: FK CONSTRAINT; Schema: public; Owner: postgres
--

ALTER TABLE ONLY public.channel
    ADD CONSTRAINT "FK_c9ca2f58d4517460435cbd8b4c9" FOREIGN KEY ("defaultShippingZoneId") REFERENCES public.zone(id);


--
-- Name: shipping_line FK_c9f34a440d490d1b66f6829b86c; Type: FK CONSTRAINT; Schema: public; Owner: postgres
--

ALTER TABLE ONLY public.shipping_line
    ADD CONSTRAINT "FK_c9f34a440d490d1b66f6829b86c" FOREIGN KEY ("orderId") REFERENCES public."order"(id) ON DELETE CASCADE;


--
-- Name: facet_channels_channel FK_ca796020c6d097e251e5d6d2b02; Type: FK CONSTRAINT; Schema: public; Owner: postgres
--

ALTER TABLE ONLY public.facet_channels_channel
    ADD CONSTRAINT "FK_ca796020c6d097e251e5d6d2b02" FOREIGN KEY ("facetId") REFERENCES public.facet(id) ON UPDATE CASCADE ON DELETE CASCADE;


--
-- Name: order_modification FK_cb66b63b6e97613013795eadbd5; Type: FK CONSTRAINT; Schema: public; Owner: postgres
--

ALTER TABLE ONLY public.order_modification
    ADD CONSTRAINT "FK_cb66b63b6e97613013795eadbd5" FOREIGN KEY ("refundId") REFERENCES public.refund(id);


--
-- Name: order_line FK_cbcd22193eda94668e84d33f185; Type: FK CONSTRAINT; Schema: public; Owner: postgres
--

ALTER TABLE ONLY public.order_line
    ADD CONSTRAINT "FK_cbcd22193eda94668e84d33f185" FOREIGN KEY ("productVariantId") REFERENCES public.product_variant(id);


--
-- Name: collection_channels_channel FK_cdbf33ffb5d4519161251520083; Type: FK CONSTRAINT; Schema: public; Owner: postgres
--

ALTER TABLE ONLY public.collection_channels_channel
    ADD CONSTRAINT "FK_cdbf33ffb5d4519161251520083" FOREIGN KEY ("collectionId") REFERENCES public.collection(id) ON UPDATE CASCADE ON DELETE CASCADE;


--
-- Name: payment FK_d09d285fe1645cd2f0db811e293; Type: FK CONSTRAINT; Schema: public; Owner: postgres
--

ALTER TABLE ONLY public.payment
    ADD CONSTRAINT "FK_d09d285fe1645cd2f0db811e293" FOREIGN KEY ("orderId") REFERENCES public."order"(id);


--
-- Name: order_channels_channel FK_d0d16db872499e83b15999f8c7a; Type: FK CONSTRAINT; Schema: public; Owner: postgres
--

ALTER TABLE ONLY public.order_channels_channel
    ADD CONSTRAINT "FK_d0d16db872499e83b15999f8c7a" FOREIGN KEY ("channelId") REFERENCES public.channel(id) ON UPDATE CASCADE ON DELETE CASCADE;


--
-- Name: facet_value FK_d101dc2265a7341be3d94968c5b; Type: FK CONSTRAINT; Schema: public; Owner: postgres
--

ALTER TABLE ONLY public.facet_value
    ADD CONSTRAINT "FK_d101dc2265a7341be3d94968c5b" FOREIGN KEY ("facetId") REFERENCES public.facet(id) ON DELETE CASCADE;


--
-- Name: product_variant_channels_channel FK_d194bff171b62357688a5d0f559; Type: FK CONSTRAINT; Schema: public; Owner: postgres
--

ALTER TABLE ONLY public.product_variant_channels_channel
    ADD CONSTRAINT "FK_d194bff171b62357688a5d0f559" FOREIGN KEY ("channelId") REFERENCES public.channel(id) ON UPDATE CASCADE ON DELETE CASCADE;


--
-- Name: stock_movement FK_d2c8d5fca981cc820131f81aa83; Type: FK CONSTRAINT; Schema: public; Owner: postgres
--

ALTER TABLE ONLY public.stock_movement
    ADD CONSTRAINT "FK_d2c8d5fca981cc820131f81aa83" FOREIGN KEY ("orderLineId") REFERENCES public.order_line(id);


--
-- Name: address FK_d87215343c3a3a67e6a0b7f3ea9; Type: FK CONSTRAINT; Schema: public; Owner: postgres
--

ALTER TABLE ONLY public.address
    ADD CONSTRAINT "FK_d87215343c3a3a67e6a0b7f3ea9" FOREIGN KEY ("countryId") REFERENCES public.region(id);


--
-- Name: address FK_dc34d382b493ade1f70e834c4d3; Type: FK CONSTRAINT; Schema: public; Owner: postgres
--

ALTER TABLE ONLY public.address
    ADD CONSTRAINT "FK_dc34d382b493ade1f70e834c4d3" FOREIGN KEY ("customerId") REFERENCES public.customer(id);


--
-- Name: asset_channels_channel FK_dc4e7435f9f5e9e6436bebd33bb; Type: FK CONSTRAINT; Schema: public; Owner: postgres
--

ALTER TABLE ONLY public.asset_channels_channel
    ADD CONSTRAINT "FK_dc4e7435f9f5e9e6436bebd33bb" FOREIGN KEY ("assetId") REFERENCES public.asset(id) ON UPDATE CASCADE ON DELETE CASCADE;


--
-- Name: order_line FK_dc9ac68b47da7b62249886affba; Type: FK CONSTRAINT; Schema: public; Owner: postgres
--

ALTER TABLE ONLY public.order_line
    ADD CONSTRAINT "FK_dc9ac68b47da7b62249886affba" FOREIGN KEY ("shippingLineId") REFERENCES public.shipping_line(id) ON DELETE SET NULL;


--
-- Name: customer_channels_channel FK_dc9f69207a8867f83b0fd257e30; Type: FK CONSTRAINT; Schema: public; Owner: postgres
--

ALTER TABLE ONLY public.customer_channels_channel
    ADD CONSTRAINT "FK_dc9f69207a8867f83b0fd257e30" FOREIGN KEY ("channelId") REFERENCES public.channel(id) ON UPDATE CASCADE ON DELETE CASCADE;


--
-- Name: role_channels_channel FK_e09dfee62b158307404202b43a5; Type: FK CONSTRAINT; Schema: public; Owner: postgres
--

ALTER TABLE ONLY public.role_channels_channel
    ADD CONSTRAINT "FK_e09dfee62b158307404202b43a5" FOREIGN KEY ("channelId") REFERENCES public.channel(id) ON UPDATE CASCADE ON DELETE CASCADE;


--
-- Name: facet_value_channels_channel FK_e1d54c0b9db3e2eb17faaf5919c; Type: FK CONSTRAINT; Schema: public; Owner: postgres
--

ALTER TABLE ONLY public.facet_value_channels_channel
    ADD CONSTRAINT "FK_e1d54c0b9db3e2eb17faaf5919c" FOREIGN KEY ("channelId") REFERENCES public.channel(id) ON UPDATE CASCADE ON DELETE CASCADE;


--
-- Name: shipping_line FK_e2e7642e1e88167c1dfc827fdf3; Type: FK CONSTRAINT; Schema: public; Owner: postgres
--

ALTER TABLE ONLY public.shipping_line
    ADD CONSTRAINT "FK_e2e7642e1e88167c1dfc827fdf3" FOREIGN KEY ("shippingMethodId") REFERENCES public.shipping_method(id);


--
-- Name: collection_translation FK_e329f9036210d75caa1d8f2154a; Type: FK CONSTRAINT; Schema: public; Owner: postgres
--

ALTER TABLE ONLY public.collection_translation
    ADD CONSTRAINT "FK_e329f9036210d75caa1d8f2154a" FOREIGN KEY ("baseId") REFERENCES public.collection(id) ON DELETE CASCADE;


--
-- Name: product_variant FK_e38dca0d82fd64c7cf8aac8b8ef; Type: FK CONSTRAINT; Schema: public; Owner: postgres
--

ALTER TABLE ONLY public.product_variant
    ADD CONSTRAINT "FK_e38dca0d82fd64c7cf8aac8b8ef" FOREIGN KEY ("taxCategoryId") REFERENCES public.tax_category(id);


--
-- Name: product_variant_price FK_e6126cd268aea6e9b31d89af9ab; Type: FK CONSTRAINT; Schema: public; Owner: postgres
--

ALTER TABLE ONLY public.product_variant_price
    ADD CONSTRAINT "FK_e6126cd268aea6e9b31d89af9ab" FOREIGN KEY ("variantId") REFERENCES public.product_variant(id) ON DELETE CASCADE;


--
-- Name: stock_movement FK_e65ba3882557cab4febb54809bb; Type: FK CONSTRAINT; Schema: public; Owner: postgres
--

ALTER TABLE ONLY public.stock_movement
    ADD CONSTRAINT "FK_e65ba3882557cab4febb54809bb" FOREIGN KEY ("productVariantId") REFERENCES public.product_variant(id);


--
-- Name: product_variant_options_product_option FK_e96a71affe63c97f7fa2f076dac; Type: FK CONSTRAINT; Schema: public; Owner: postgres
--

ALTER TABLE ONLY public.product_variant_options_product_option
    ADD CONSTRAINT "FK_e96a71affe63c97f7fa2f076dac" FOREIGN KEY ("productOptionId") REFERENCES public.product_option(id) ON UPDATE CASCADE ON DELETE CASCADE;


--
-- Name: facet_translation FK_eaea53f44bf9e97790d38a3d68f; Type: FK CONSTRAINT; Schema: public; Owner: postgres
--

ALTER TABLE ONLY public.facet_translation
    ADD CONSTRAINT "FK_eaea53f44bf9e97790d38a3d68f" FOREIGN KEY ("baseId") REFERENCES public.facet(id) ON DELETE CASCADE;


--
-- Name: session FK_eb87ef1e234444728138302263b; Type: FK CONSTRAINT; Schema: public; Owner: postgres
--

ALTER TABLE ONLY public.session
    ADD CONSTRAINT "FK_eb87ef1e234444728138302263b" FOREIGN KEY ("activeChannelId") REFERENCES public.channel(id);


--
-- Name: region FK_ed0c8098ce6809925a437f42aec; Type: FK CONSTRAINT; Schema: public; Owner: postgres
--

ALTER TABLE ONLY public.region
    ADD CONSTRAINT "FK_ed0c8098ce6809925a437f42aec" FOREIGN KEY ("parentId") REFERENCES public.region(id) ON DELETE SET NULL;


--
-- Name: shipping_method_channels_channel FK_f0a17b94aa5a162f0d422920eb2; Type: FK CONSTRAINT; Schema: public; Owner: postgres
--

ALTER TABLE ONLY public.shipping_method_channels_channel
    ADD CONSTRAINT "FK_f0a17b94aa5a162f0d422920eb2" FOREIGN KEY ("shippingMethodId") REFERENCES public.shipping_method(id) ON UPDATE CASCADE ON DELETE CASCADE;


--
-- Name: shipping_method_channels_channel FK_f2b98dfb56685147bed509acc3d; Type: FK CONSTRAINT; Schema: public; Owner: postgres
--

ALTER TABLE ONLY public.shipping_method_channels_channel
    ADD CONSTRAINT "FK_f2b98dfb56685147bed509acc3d" FOREIGN KEY ("channelId") REFERENCES public.channel(id) ON UPDATE CASCADE ON DELETE CASCADE;


--
-- Name: order_fulfillments_fulfillment FK_f80d84d525af2ffe974e7e8ca29; Type: FK CONSTRAINT; Schema: public; Owner: postgres
--

ALTER TABLE ONLY public.order_fulfillments_fulfillment
    ADD CONSTRAINT "FK_f80d84d525af2ffe974e7e8ca29" FOREIGN KEY ("orderId") REFERENCES public."order"(id) ON UPDATE CASCADE ON DELETE CASCADE;


--
-- Name: product_variant_asset FK_fa21412afac15a2304f3eb35feb; Type: FK CONSTRAINT; Schema: public; Owner: postgres
--

ALTER TABLE ONLY public.product_variant_asset
    ADD CONSTRAINT "FK_fa21412afac15a2304f3eb35feb" FOREIGN KEY ("productVariantId") REFERENCES public.product_variant(id) ON DELETE CASCADE;


--
-- Name: collection_product_variants_product_variant FK_fb05887e2867365f236d7dd95ee; Type: FK CONSTRAINT; Schema: public; Owner: postgres
--

ALTER TABLE ONLY public.collection_product_variants_product_variant
    ADD CONSTRAINT "FK_fb05887e2867365f236d7dd95ee" FOREIGN KEY ("productVariantId") REFERENCES public.product_variant(id);


--
-- Name: asset_tags_tag FK_fb5e800171ffbe9823f2cc727fd; Type: FK CONSTRAINT; Schema: public; Owner: postgres
--

ALTER TABLE ONLY public.asset_tags_tag
    ADD CONSTRAINT "FK_fb5e800171ffbe9823f2cc727fd" FOREIGN KEY ("tagId") REFERENCES public.tag(id) ON UPDATE CASCADE ON DELETE CASCADE;


--
-- Name: stock_location_channels_channel FK_ff8150fe54e56a900d5712671a0; Type: FK CONSTRAINT; Schema: public; Owner: postgres
--

ALTER TABLE ONLY public.stock_location_channels_channel
    ADD CONSTRAINT "FK_ff8150fe54e56a900d5712671a0" FOREIGN KEY ("channelId") REFERENCES public.channel(id) ON UPDATE CASCADE ON DELETE CASCADE;


--
-- PostgreSQL database dump complete
--

--
-- Database "vendure_db" dump
--

--
-- PostgreSQL database dump
--

-- Dumped from database version 14.10 (Ubuntu 14.10-0ubuntu0.22.04.1)
-- Dumped by pg_dump version 14.10 (Ubuntu 14.10-0ubuntu0.22.04.1)

SET statement_timeout = 0;
SET lock_timeout = 0;
SET idle_in_transaction_session_timeout = 0;
SET client_encoding = 'UTF8';
SET standard_conforming_strings = on;
SELECT pg_catalog.set_config('search_path', '', false);
SET check_function_bodies = false;
SET xmloption = content;
SET client_min_messages = warning;
SET row_security = off;

--
-- Name: vendure_db; Type: DATABASE; Schema: -; Owner: postgres
--

CREATE DATABASE vendure_db WITH TEMPLATE = template0 ENCODING = 'UTF8' LOCALE = 'en_US.UTF-8';


ALTER DATABASE vendure_db OWNER TO postgres;

\connect vendure_db

SET statement_timeout = 0;
SET lock_timeout = 0;
SET idle_in_transaction_session_timeout = 0;
SET client_encoding = 'UTF8';
SET standard_conforming_strings = on;
SELECT pg_catalog.set_config('search_path', '', false);
SET check_function_bodies = false;
SET xmloption = content;
SET client_min_messages = warning;
SET row_security = off;

--
-- PostgreSQL database dump complete
--

--
-- PostgreSQL database cluster dump complete
--

